N_firm_id,T_survey_round,Sample_midline,Sample_endline,Treatment_FIN,Treatment_MKT,Distance2training_miles,Operating_yearstotal,FormalReg,CapStart_total,Activity_Hours,Gender,Age,Children_total,Race_SAblackcolored,Race_Foreigner,Educ_high,Exposure_PERSbg2b,Exposure_PERSbg8,Exposure_BUSINbg2b,Exposure_BUSINbg2e,Exposure_BUSINbg2f,Ind2_SIC15,Ind2_SIC17,Ind2_SIC23,Ind2_SIC25,Ind2_SIC34,Ind2_SIC41,Ind2_SIC54,Ind2_SIC56,Ind2_SIC57,Ind2_SIC58,Ind2_SIC59,Ind2_SIC72,Ind2_SIC73,Ind2_SIC75,Ind2_SIC76,Ind2_SIC83,pre_Employees1_composite,pre_Loan_formal,pre_Structure_type,Attendance,Attendance_gt0,Attendance_gt5,Exercises_AvgScore,Engagement_AvgScore,Feedback_Satisfaction,Feedback_Comprehension,Feedback_BusinRelevance,Feedback_Value,Feedback_WTP,busprac_q1competitor,busprac_q2supplier,busprac_q3customer,busprac_q4customerformer,busprac_q5custneeds,busprac_q6productquality,busprac_q7promotion,busprac_q8place,busprac_q9pricing,busprac_q10productnew,busprac_q11capability,busprac_q12advisedcust,busprac_q13bodylanguage,busprac_q14buyingcriteria,busprac_q15satisfaction,busprac_q16separates,busprac_q17records,busprac_q18assets,busprac_q19liabilities,busprac_q20moneyinout,busprac_q21availablecash,busprac_q22saleschanges,busprac_q23costs,busprac_q24compare,busprac_q25workingcapital,busprac_q26budget,busprac_q27spending,busprac_q28incomestatement,busprac_q29balancesheet,busprac_q30forecast,Employees1_composite,Survivorship,Profits1_aidedrecall_w1,Profits2_anchored_w1,pre_Profits1_aidedrecall_w1,pre_Profits2_anchored_w1,Profits3_composite_w1,pre_Profits3_composite_w1,Profits3_composite_IHS,pre_Profits3_composite_IHS,Employees_FT,Employees_PT,pre_Employees_FT,pre_Employees_PT,Sales1_aidedrecall_w1,Sales4_anchored_w1,pre_Sales1_aidedrecall_w1,pre_Sales4_anchored_w1,Sales5_composite_w1,pre_Sales5_composite_w1,CostA,CostB,CostC,CostD,CostE,pre_CostA,pre_CostB,pre_CostC,pre_CostD,pre_CostE,Cost14_total_w1,pre_Cost14_total_w1,OIratio_w1,pre_OIratio_w1,busprac_MarketResearch,busprac_MarketingTactics,busprac_SalesTactics,busprac_ALLmarketing,busprac_TrackingFinances,busprac_AnalyzingFinances,busprac_PlanningFinances,busprac_ALLfinance,ExpAM,legit_store,EstAM,FIN_pretest,MKT_pretest,FIN_posttest,MKT_posttest,Control,Exp1,Exp2,Exp3,Exp4,Exp5,Est1,Est2,Est3,Est4,Est5,Est6
1003,3,1.0,1.0,1.0,0.0,5.803399663981746,14.583333015441895,1.0,250000.0,55.0,0.0,53.41666793823242,0.0,1.0,0.0,1.0,0.0,2,2,4,1,0.0,0.0,0.0,0.0,0.0,0.0,0.0,0.0,0.0,0.0,0.0,0.0,0.0,0.0,0.0,0.0,5.0,0.0,9,8.0,1.0,1.0,6.0,6.5,7.0,3.0,6.5,6.0,2250.0,1,1,1,0,1,1,1,1,1,1,1,1,1,1,1,0,1,1,1,1,1,0,1,1,1,1,0,0,0,1,10.0,1.0,80000.0,100979.5,17700.0,17700.0,90489.75,17700.0,12.106139183044434,10.474467277526855,7.0,3.0,3.0,2.0,289000.0,323000.0,140000.0,150000.0,306000.0,145000.0,225550.0,46000.0,9564.7802734375,10679.7099609375,5000.0,142000.0,17000.0,12600.0,10700.0,0.0,234896.609375,129545.0,1.7612311840057373,1.4426460266113281,0.800000011920929,1.0,1.0,0.9333333373069763,0.800000011920929,0.800000011920929,0.4000000059604645,0.6666666865348816,1.0,1.0,1.0,9.0,6.0,12.0,10.0,0.0,0.0,1.0,1.0,1.0,1.0,1.0,1.0,1.0,1.0,1.0,1.0
1009,3,1.0,1.0,1.0,0.0,7.216209559406231,11.75,0.0,20000.0,56.0,1.0,58.33333206176758,0.0,1.0,0.0,0.0,0.0,2,4,7,7,0.0,0.0,0.0,0.0,0.0,0.0,0.0,0.0,0.0,0.0,1.0,0.0,0.0,0.0,0.0,0.0,2.0,0.0,8,8.0,1.0,1.0,6.0,6.0,6.0,6.0,6.0,6.0,1750.0,1,1,0,0,0,1,0,0,0,1,0,1,1,0,1,1,1,1,0,1,1,0,0,0,0,0,0,1,1,0,3.5,1.0,5000.0,1316.41015625,983.0,983.0,3158.205078125,983.0,8.750905990600586,7.583756446838379,0.0,5.0,2.0,0.0,17572.900390625,17572.900390625,20000.0,16000.0,17572.900390625,18000.0,3589.0400390625,4825.0,7599.93994140625,212.5,0.0,3600.0,4200.0,6550.0,667.0,0.0,16256.490234375,15017.0,4.896267414093018,4.556962013244629,0.4000000059604645,0.4000000059604645,0.6000000238418579,0.46666666865348816,0.800000011920929,0.20000000298023224,0.4000000059604645,0.46666666865348816,1.0,1.0,1.0,8.0,8.0,15.0,13.0,0.0,0.0,1.0,1.0,1.0,1.0,1.0,1.0,0.0,1.0,1.0,1.0
1013,3,1.0,1.0,1.0,0.0,,1.5,0.0,20000.0,52.0,0.0,24.25,4.0,1.0,0.0,1.0,2.0,3,0,0,0,0.0,0.0,0.0,0.0,0.0,0.0,0.0,0.0,0.0,0.0,0.0,0.0,0.0,0.0,0.0,0.0,5.0,0.0,3,,0.0,0.0,,,,,,,,0,0,1,0,1,0,1,0,1,1,0,1,1,1,1,1,0,0,0,1,1,1,0,1,1,1,1,1,1,1,5.0,1.0,25000.0,17861.26171875,6780.0,6780.0,21430.630859375,6780.0,10.66572380065918,9.51487922668457,2.0,4.0,3.0,2.0,38000.0,68500.0,3500.0,10000.0,53250.0,6750.0,37995.0,7400.0,2823.6201171875,2420.1201171875,0.0,350.0,1920.0,500.0,450.0,0.0,50638.73828125,3220.0,1.4015002250671387,19.285715103149414,0.4000000059604645,0.6000000238418579,0.800000011920929,0.6000000238418579,0.4000000059604645,0.800000011920929,1.0,0.7333333492279053,0.0,0.0,0.0,,,,,0.0,1.0,1.0,0.0,0.0,0.0,1.0,1.0,0.0,0.0,0.0,0.0
1018,3,1.0,1.0,0.0,1.0,8.133833900785072,2.6666667461395264,0.0,10000.0,70.0,0.0,38.25,1.0,0.0,1.0,0.0,0.0,3,1,2,4,0.0,0.0,1.0,0.0,0.0,0.0,0.0,0.0,0.0,0.0,0.0,0.0,0.0,0.0,0.0,0.0,2.0,0.0,8,8.0,1.0,1.0,4.0,5.0,7.0,1.0,7.0,7.0,2250.0,1,1,1,1,1,1,1,1,1,1,1,1,1,1,1,1,1,1,0,1,1,1,1,0,0,1,1,0,0,0,2.0,1.0,2800.0,3526.8896484375,-4200.0,-4200.0,3163.44482421875,-4200.0,8.752564430236816,-9.03598690032959,2.0,0.0,2.0,0.0,13124.0,13124.0,4000.0,11000.0,13124.0,7500.0,4412.5,2800.0,1900.1099853515625,484.5,0.0,14000.0,0.0,560.0,640.0,0.0,9597.1103515625,15200.0,2.671546697616577,0.64453125,1.0,1.0,1.0,1.0,0.800000011920929,0.6000000238418579,0.4000000059604645,0.6000000238418579,0.0,1.0,0.0,0.0,0.0,2.0,2.0,0.0,0.0,1.0,1.0,0.0,1.0,1.0,1.0,0.0,0.0,0.0,0.0
1020,3,1.0,1.0,0.0,0.0,,24.66666603088379,1.0,200000.0,50.0,0.0,69.58333587646484,0.0,0.0,0.0,1.0,0.0,1,10,1,3,0.0,0.0,0.0,0.0,0.0,0.0,0.0,0.0,0.0,0.0,0.0,1.0,0.0,0.0,0.0,0.0,1.0,0.0,8,,0.0,0.0,,,,,,,,1,1,0,0,0,1,1,0,1,1,0,1,1,1,0,1,1,0,1,1,0,0,0,0,0,0,0,1,1,0,0.5,1.0,13500.0,12402.8603515625,6950.0,6950.0,12951.4296875,6950.0,10.162108421325684,9.539644241333008,0.0,1.0,1.0,0.0,17000.0,23478.0,20000.0,18000.0,20239.0,19000.0,3910.0,1275.0,3840.06005859375,2050.080078125,0.0,2000.0,1600.0,4850.0,1600.0,1000.0,11075.1396484375,11050.0,4.900507926940918,8.44444465637207,0.4000000059604645,0.800000011920929,0.6000000238418579,0.6000000238418579,0.800000011920929,0.0,0.4000000059604645,0.4000000059604645,0.0,1.0,1.0,,,,,1.0,0.0,0.0,1.0,0.0,1.0,0.0,1.0,1.0,1.0,1.0,1.0
1032,3,1.0,1.0,0.0,1.0,23.97437641383278,8.666666984558105,1.0,3000.0,52.0,0.0,33.83333206176758,1.0,1.0,0.0,1.0,0.0,2,5,7,1,0.0,0.0,0.0,0.0,0.0,0.0,0.0,0.0,0.0,0.0,0.0,0.0,1.0,0.0,0.0,0.0,2.0,0.0,8,6.0,1.0,1.0,,5.0,6.0,6.0,7.0,6.0,1750.0,1,1,1,1,1,1,1,1,1,1,1,1,1,1,1,1,1,1,1,1,1,1,1,0,1,1,1,0,1,1,1.0,1.0,11200.0,9022.5,4500.0,4500.0,10111.25,4500.0,9.91455078125,9.104979515075684,1.0,0.0,0.0,3.0,32000.0,32000.0,30000.0,24000.0,32000.0,27000.0,11750.0,3500.0,5677.509765625,2049.989990234375,0.0,12000.0,0.0,4700.0,2300.0,500.0,22977.5,19500.0,2.7234041690826416,2.25,1.0,1.0,1.0,1.0,1.0,0.800000011920929,0.800000011920929,0.8666666746139526,1.0,1.0,1.0,8.0,4.0,8.0,5.0,0.0,0.0,1.0,1.0,1.0,1.0,1.0,0.0,1.0,1.0,1.0,1.0
1036,3,1.0,1.0,1.0,0.0,12.397633891190676,11.833333015441895,1.0,5000.0,60.0,1.0,28.0,2.0,1.0,0.0,1.0,0.0,0,0,0,0,0.0,0.0,0.0,0.0,0.0,0.0,0.0,0.0,0.0,0.0,0.0,0.0,0.0,0.0,0.0,0.0,12.5,0.0,12,7.0,1.0,1.0,4.5,4.5,6.5,6.0,6.0,6.0,750.0,1,1,1,1,1,1,1,1,1,1,0,1,0,1,1,1,1,1,1,1,1,1,1,0,1,1,1,1,1,1,15.0,1.0,100000.0,108495.390625,64428.0,64428.0,104247.6953125,64428.0,12.276043891906738,12.131779670715332,9.0,7.0,8.0,8.0,120000.0,171382.0,140000.0,127000.0,145691.0,133500.0,11169.16015625,30100.0,7999.8896484375,2633.08984375,0.0,1000.0,22000.0,9000.0,2160.0,0.0,62886.609375,34160.0,13.044042587280273,111.12698364257812,1.0,1.0,0.6000000238418579,0.8666666746139526,1.0,0.800000011920929,1.0,0.9333333373069763,0.0,1.0,1.0,8.0,4.0,10.0,11.0,0.0,0.0,0.0,0.0,0.0,0.0,1.0,1.0,1.0,1.0,1.0,1.0
1038,3,1.0,1.0,0.0,1.0,12.448414100919445,2.1666667461395264,0.0,11000.0,56.0,1.0,33.66666793823242,1.0,0.0,1.0,1.0,0.0,2,0,0,0,0.0,0.0,0.0,0.0,0.0,0.0,0.0,0.0,0.0,0.0,0.0,1.0,0.0,0.0,0.0,0.0,1.0,1.0,3,8.0,1.0,1.0,4.0,3.0,5.0,3.0,5.5,4.0,325.0,1,0,0,1,0,0,0,0,0,1,0,1,1,1,1,1,1,0,0,1,1,1,0,1,1,0,0,0,0,0,1.0,1.0,3500.0,2198.1201171875,1380.0,1380.0,2849.06005859375,1380.0,8.647891998291016,7.922986030578613,0.0,1.0,1.0,0.0,3500.0,3500.0,2500.0,3000.0,3500.0,2750.0,800.0,0.0,381.8599853515625,120.0199966430664,0.0,1200.0,0.0,220.0,200.0,0.0,1301.8800048828125,1620.0,3.684094190597534,2.0370371341705322,0.4000000059604645,0.20000000298023224,0.800000011920929,0.46666666865348816,0.6000000238418579,0.800000011920929,0.0,0.46666666865348816,0.0,0.0,0.0,9.0,1.0,5.0,6.0,0.0,0.0,1.0,0.0,0.0,0.0,0.0,1.0,0.0,0.0,0.0,0.0
1042,3,1.0,1.0,1.0,0.0,2.4051470997660958,3.5,1.0,100000.0,45.0,0.0,33.16666793823242,2.0,1.0,0.0,1.0,0.0,2,2,5,1,0.0,0.0,1.0,0.0,0.0,0.0,0.0,0.0,0.0,0.0,0.0,0.0,0.0,0.0,0.0,0.0,0.0,0.0,8,7.0,1.0,1.0,4.0,5.0,6.0,6.0,6.0,6.0,1750.0,1,0,1,0,0,1,1,0,1,1,0,1,1,1,1,0,0,0,0,0,0,0,0,0,0,0,0,0,0,0,0.0,1.0,5000.0,2984.91015625,870.0,870.0,3992.455078125,870.0,8.985308647155762,7.46164083480835,0.0,0.0,0.0,0.0,5000.0,9440.0,3000.0,5000.0,7220.0,4000.0,2550.0,0.0,1525.0899658203125,2380.0,0.0,2000.0,0.0,1400.0,450.0,280.0,6455.08984375,4130.0,2.8313724994659424,2.0,0.4000000059604645,0.800000011920929,0.800000011920929,0.6666666865348816,0.0,0.0,0.0,0.0,1.0,1.0,1.0,9.0,4.0,6.0,9.0,0.0,0.0,1.0,1.0,1.0,1.0,0.0,1.0,1.0,1.0,0.0,1.0
1045,3,0.0,1.0,0.0,0.0,,11.333333015441895,1.0,120.0,84.0,0.0,32.08333206176758,2.0,1.0,0.0,1.0,1.0,2,0,0,0,0.0,0.0,0.0,0.0,0.0,0.0,0.0,0.0,0.0,0.0,0.0,0.0,0.0,0.0,0.0,0.0,6.0,0.0,8,,0.0,0.0,,,,,,,,,,,,,,,,,,,,,,,,,,,,,,,,,,,,,,5.0,1.0,0.0,-787.4697265625,-8184.0,-8184.0,-393.73486328125,-8184.0,-6.668826580047607,-9.703083038330078,2.0,3.0,6.0,0.0,7000.0,12875.0,20000.0,16000.0,9937.5,18000.0,1195.989990234375,5610.0,3899.929931640625,2956.550048828125,0.0,2734.0,11200.0,7900.0,2350.0,0.0,13662.4697265625,24184.0,6.872501850128174,4.953219413757324,,,,,,,,,0.0,1.0,1.0,,,,,1.0,1.0,1.0,0.0,0.0,0.0,1.0,0.0,1.0,1.0,1.0,1.0
1046,3,1.0,1.0,0.0,1.0,5.828309814509054,1.5833332538604736,0.0,100.0,56.0,1.0,45.83333206176758,1.0,1.0,0.0,1.0,0.0,2,1,5,3,0.0,0.0,0.0,0.0,0.0,0.0,0.0,0.0,0.0,1.0,0.0,0.0,0.0,0.0,0.0,0.0,0.0,0.0,1,7.0,1.0,1.0,4.0,5.0,5.5,2.0,5.5,5.0,325.0,1,0,1,0,0,0,0,0,0,0,0,0,1,0,0,1,0,0,0,0,0,0,0,0,0,0,0,0,0,0,1.0,1.0,1150.0,1150.0,-340.0,-340.0,1150.0,-340.0,7.740664482116699,-6.5220947265625,0.0,2.0,0.0,0.0,4650.0,11582.6298828125,2500.0,3060.0,8116.31494140625,2780.0,2649.989990234375,3187.5,1875.1400146484375,0.0,0.0,2400.0,0.0,1000.0,0.0,0.0,10432.6298828125,3400.0,2.0678350925445557,0.9928571581840515,0.4000000059604645,0.0,0.20000000298023224,0.20000000298023224,0.20000000298023224,0.0,0.0,0.06666667014360428,1.0,0.0,0.0,5.0,8.0,8.0,12.0,0.0,0.0,1.0,1.0,1.0,1.0,0.0,0.0,0.0,0.0,0.0,0.0
1049,3,1.0,1.0,0.0,1.0,9.415123764477928,3.8333332538604736,1.0,250000.0,50.0,0.0,23.91666603088379,0.0,1.0,0.0,1.0,0.0,2,1,3,1,0.0,0.0,0.0,0.0,0.0,0.0,0.0,0.0,0.0,0.0,0.0,0.0,0.0,0.0,0.0,0.0,4.0,1.0,12,6.0,1.0,1.0,2.0,1.0,5.0,6.0,5.5,6.0,325.0,1,1,1,1,1,1,1,0,1,1,0,1,1,1,0,1,1,1,1,1,1,1,1,1,1,1,1,1,1,1,3.0,1.0,20000.0,16081.8671875,14351.0,14351.0,18040.93359375,14351.0,10.493545532226562,10.264721870422363,3.0,0.0,3.0,1.0,0.0,138000.0,30000.0,100000.0,69000.0,65000.0,102000.0,8000.0,9768.349609375,899.8099975585938,750.0,69649.0,8000.0,6500.0,1500.0,0.0,121918.1328125,85649.0,0.6688071489334106,0.9265990853309631,1.0,0.800000011920929,0.6000000238418579,0.800000011920929,1.0,1.0,1.0,1.0,1.0,1.0,1.0,5.0,10.0,0.0,13.0,0.0,0.0,1.0,1.0,1.0,1.0,1.0,1.0,1.0,1.0,1.0,1.0
1056,3,1.0,1.0,0.0,0.0,,9.0,1.0,250000.0,56.0,0.0,36.58333206176758,6.0,1.0,0.0,1.0,0.0,2,1,6,3,0.0,0.0,0.0,0.0,0.0,0.0,0.0,0.0,0.0,0.0,1.0,0.0,0.0,0.0,0.0,0.0,10.0,0.0,8,,0.0,0.0,,,,,,,,0,1,1,1,1,1,1,1,1,1,1,1,1,1,1,1,1,1,1,1,1,1,1,1,1,1,1,1,1,1,9.0,1.0,60000.0,81859.15625,64428.0,64428.0,70929.578125,64428.0,11.862589836120605,12.103486061096191,9.0,0.0,9.0,2.0,250000.0,214250.0,140000.0,150000.0,232125.0,145000.0,60000.0,42500.0,26692.5,3198.33984375,0.0,25000.0,28400.0,20300.0,8550.0,7500.0,132390.84375,89750.0,3.762155532836914,6.647940158843994,0.800000011920929,1.0,1.0,0.9333333373069763,1.0,1.0,1.0,1.0,1.0,1.0,1.0,,,,,1.0,0.0,1.0,1.0,1.0,1.0,1.0,1.0,1.0,1.0,1.0,1.0
1057,3,1.0,1.0,0.0,0.0,,3.8333332538604736,0.0,0.0,54.0,1.0,31.0,0.0,0.0,0.0,1.0,23.0,3,3,2,2,0.0,0.0,0.0,0.0,0.0,0.0,0.0,0.0,0.0,0.0,0.0,1.0,0.0,0.0,0.0,0.0,1.0,0.0,8,,0.0,0.0,,,,,,,,0,0,1,1,0,0,0,0,0,1,0,1,1,0,1,0,1,0,0,1,1,1,0,0,0,0,0,0,0,0,1.0,1.0,1500.0,1905.699951171875,1852.0,1852.0,1702.8499755859375,1852.0,8.13320541381836,8.217168807983398,0.0,1.0,1.0,0.0,5000.0,5000.0,4000.0,4000.0,5000.0,4000.0,1500.0,0.0,1306.8299560546875,287.4700012207031,0.0,1000.0,300.0,668.0,180.0,0.0,3094.300048828125,2148.0,2.1877145767211914,3.3333332538604736,0.4000000059604645,0.20000000298023224,0.6000000238418579,0.4000000059604645,0.4000000059604645,0.4000000059604645,0.0,0.2666666805744171,1.0,1.0,0.0,,,,,1.0,1.0,1.0,1.0,0.0,1.0,0.0,0.0,0.0,1.0,0.0,1.0
1062,3,1.0,1.0,0.0,0.0,,4.333333492279053,0.0,2000.0,92.0,0.0,49.41666793823242,4.0,1.0,0.0,0.0,0.0,2,5,5,4,0.0,0.0,0.0,0.0,0.0,0.0,1.0,0.0,0.0,0.0,0.0,0.0,0.0,0.0,0.0,0.0,0.0,0.0,1,,0.0,0.0,,,,,,,,0,1,1,1,0,1,1,0,1,0,0,1,1,0,0,0,0,0,0,0,0,0,0,0,0,0,0,0,0,0,0.0,1.0,1000.0,2361.029296875,1485.0,1485.0,1680.5146484375,1485.0,8.120002746582031,7.996317386627197,0.0,0.0,0.0,0.0,4000.0,24500.0,5000.0,8925.0,14250.0,6962.5,21241.5,0.0,297.5,599.969970703125,0.0,5950.0,160.0,730.0,300.0,300.0,22138.970703125,7440.0,0.6688071489334106,1.0828149318695068,0.6000000238418579,0.6000000238418579,0.4000000059604645,0.5333333611488342,0.0,0.0,0.0,0.0,1.0,0.0,0.0,,,,,1.0,0.0,1.0,1.0,1.0,1.0,0.0,0.0,0.0,0.0,0.0,1.0
1071,3,1.0,1.0,0.0,1.0,4.188724730368247,7.666666507720947,1.0,0.0,45.0,0.0,36.5,0.0,1.0,0.0,0.0,0.0,2,0,0,0,0.0,0.0,0.0,0.0,0.0,1.0,0.0,0.0,0.0,0.0,0.0,0.0,0.0,0.0,0.0,0.0,0.0,0.0,1,8.0,1.0,1.0,5.0,5.0,7.0,2.0,7.0,6.0,,0,0,0,0,1,0,0,0,1,1,1,1,1,0,0,1,1,1,1,0,1,1,1,1,1,1,1,1,1,1,0.0,1.0,2000.0,3821.06005859375,6265.0,6265.0,2910.530029296875,6265.0,8.669238090515137,9.435880661010742,0.0,0.0,0.0,0.0,4500.0,4500.0,4500.0,8800.0,4500.0,6650.0,423.94000244140625,0.0,0.0,255.0,0.0,0.0,0.0,1500.0,1035.0,0.0,678.9400024414062,2535.0,10.614709854125977,9.5,0.20000000298023224,0.4000000059604645,0.6000000238418579,0.4000000059604645,0.800000011920929,1.0,1.0,0.9333333373069763,0.0,0.0,0.0,5.0,4.0,4.0,5.0,0.0,0.0,1.0,0.0,0.0,0.0,0.0,0.0,1.0,0.0,0.0,1.0
1073,3,0.0,1.0,1.0,0.0,8.539016636101868,4.333333492279053,1.0,2000.0,56.0,1.0,29.33333396911621,2.0,0.0,1.0,0.0,23.0,4,1,4,2,0.0,0.0,0.0,0.0,0.0,0.0,0.0,0.0,0.0,0.0,0.0,1.0,0.0,0.0,0.0,0.0,7.0,0.0,8,7.0,1.0,1.0,4.0,4.0,6.0,6.0,7.0,7.0,750.0,,,,,,,,,,,,,,,,,,,,,,,,,,,,,,,3.0,1.0,1000.0,5268.10986328125,3720.0,3720.0,3134.054931640625,3720.0,8.743229866027832,8.914626121520996,2.0,1.0,5.0,3.0,9000.0,11194.0,8000.0,8000.0,10097.0,8000.0,2000.0,3700.0,130.0500030517578,95.83999633789062,0.0,2000.0,2000.0,150.0,130.0,0.0,5925.89013671875,4280.0,4.808095455169678,3.720930337905884,,,,,,,,,1.0,1.0,1.0,,,9.0,7.0,0.0,1.0,1.0,1.0,1.0,1.0,1.0,0.0,1.0,0.0,1.0,1.0
1074,3,1.0,1.0,1.0,0.0,3.1817689094631336,3.8333332538604736,1.0,2000.0,30.0,1.0,38.25,5.0,1.0,0.0,1.0,0.0,2,1,5,3,0.0,0.0,1.0,0.0,0.0,0.0,0.0,0.0,0.0,0.0,0.0,0.0,0.0,0.0,0.0,0.0,1.0,0.0,1,8.0,1.0,1.0,5.0,6.0,6.5,1.0,7.0,7.0,2250.0,1,1,1,1,1,1,0,0,1,1,0,1,1,0,1,1,0,0,0,0,0,0,0,0,0,1,1,0,0,0,1.0,1.0,50.0,-163.260009765625,-420.0,-420.0,-56.6300048828125,-420.0,-4.729763984680176,-6.733403205871582,1.0,0.0,0.0,1.0,100.0,100.0,1500.0,2000.0,100.0,1750.0,150.0,0.0,83.30000305175781,29.959999084472656,0.0,1500.0,0.0,720.0,200.0,0.0,263.260009765625,2420.0,0.6688071489334106,0.9722222089767456,1.0,0.6000000238418579,0.6000000238418579,0.7333333492279053,0.20000000298023224,0.0,0.4000000059604645,0.20000000298023224,1.0,0.0,0.0,1.0,2.0,4.0,8.0,0.0,0.0,1.0,1.0,1.0,1.0,0.0,0.0,1.0,0.0,0.0,1.0
1077,3,1.0,1.0,1.0,0.0,1.2813957908487,7.416666507720947,0.0,400.0,76.0,0.0,42.33333206176758,2.0,0.0,1.0,1.0,20.0,0,0,0,0,0.0,0.0,0.0,0.0,0.0,0.0,0.0,0.0,0.0,0.0,0.0,0.0,0.0,0.0,0.0,0.0,1.5,0.0,8,8.0,1.0,1.0,5.0,5.0,,,,,,1,0,1,0,0,0,0,1,0,0,0,1,1,0,1,1,0,0,0,1,1,1,1,0,0,1,1,0,0,0,4.5,1.0,17500.0,17345.12890625,5400.0,5400.0,17422.564453125,5400.0,10.45866870880127,9.287301063537598,3.0,3.0,1.0,1.0,47430.0,68000.0,3000.0,25000.0,57715.0,14000.0,41650.0,4755.0,1062.3699951171875,3187.5,0.0,18000.0,600.0,1000.0,0.0,0.0,50654.87109375,19600.0,1.3857142925262451,0.7777777910232544,0.4000000059604645,0.20000000298023224,0.6000000238418579,0.4000000059604645,0.4000000059604645,0.6000000238418579,0.4000000059604645,0.46666666865348816,0.0,1.0,1.0,12.0,1.0,14.0,7.0,0.0,1.0,0.0,0.0,0.0,0.0,1.0,0.0,0.0,0.0,1.0,1.0
1079,3,1.0,1.0,0.0,1.0,,2.25,1.0,5000.0,56.0,1.0,35.66666793823242,3.0,1.0,0.0,1.0,0.0,2,1,1,1,0.0,0.0,1.0,0.0,0.0,0.0,0.0,0.0,0.0,0.0,0.0,0.0,0.0,0.0,0.0,0.0,0.0,0.0,8,,0.0,0.0,,,,,,,,0,0,1,1,1,1,0,0,0,0,0,1,1,0,1,0,0,0,0,0,0,0,0,0,0,0,0,0,0,0,3.0,1.0,1500.0,1742.929931640625,-983.0,-983.0,1621.4649658203125,-983.0,8.084232330322266,-7.583756446838379,1.0,2.0,0.0,0.0,4000.0,5000.0,3800.0,5000.0,4500.0,4400.0,1496.0,425.0,1102.489990234375,233.5800018310547,0.0,1520.0,2400.0,1386.0,677.0,0.0,3257.070068359375,5983.0,3.008021354675293,2.588235378265381,0.6000000238418579,0.20000000298023224,0.6000000238418579,0.46666669845581055,0.0,0.0,0.0,0.0,0.0,1.0,1.0,,,,,0.0,0.0,1.0,1.0,0.0,1.0,0.0,1.0,1.0,1.0,0.0,0.0
1080,3,1.0,1.0,0.0,0.0,,9.666666984558105,0.0,6000.0,48.0,1.0,28.75,1.0,1.0,0.0,0.0,0.0,3,0,0,0,0.0,0.0,0.0,0.0,0.0,0.0,0.0,0.0,0.0,0.0,0.0,1.0,0.0,0.0,0.0,0.0,2.5,0.0,8,,0.0,0.0,,,,,,,,0,0,0,0,0,0,0,0,0,0,0,1,1,0,1,0,0,0,0,0,0,0,0,0,0,0,0,0,0,0,1.5,1.0,1500.0,359.969970703125,1870.0,1870.0,929.9849853515625,1870.0,7.528316020965576,8.22684097290039,1.0,1.0,1.0,2.0,3500.0,2975.0,3500.0,5950.0,3237.5,4725.0,1500.0,785.0,330.0299987792969,0.0,0.0,2800.0,1000.0,250.0,30.0,0.0,2615.030029296875,4080.0,2.0234375,1.6463414430618286,0.0,0.0,0.6000000238418579,0.20000000298023224,0.0,0.0,0.0,0.0,0.0,1.0,1.0,,,,,1.0,0.0,1.0,0.0,0.0,0.0,1.0,1.0,0.0,1.0,0.0,1.0
1082,3,1.0,1.0,1.0,0.0,8.559142198584407,10.25,1.0,1500.0,48.0,0.0,28.16666603088379,2.0,1.0,0.0,0.0,0.0,2,0,0,0,0.0,0.0,0.0,0.0,0.0,0.0,0.0,0.0,0.0,0.0,0.0,1.0,0.0,0.0,0.0,0.0,1.5,0.0,8,8.0,1.0,1.0,5.0,4.0,5.0,2.0,5.5,5.0,750.0,1,1,1,0,0,1,1,0,0,1,1,0,1,1,1,1,0,1,1,0,0,0,0,0,1,1,0,0,0,1,1.0,1.0,8000.0,4798.75,3250.0,3250.0,6399.375,3250.0,9.45710277557373,8.779557228088379,1.0,0.0,1.0,1.0,8000.0,8000.0,6000.0,6000.0,8000.0,6000.0,900.0,1500.0,355.0,446.25,0.0,1000.0,1200.0,550.0,0.0,0.0,3201.25,2750.0,8.0,5.217391490936279,0.6000000238418579,0.6000000238418579,0.800000011920929,0.6666666865348816,0.6000000238418579,0.20000000298023224,0.4000000059604645,0.4000000059604645,0.0,1.0,1.0,2.0,5.0,9.0,10.0,0.0,0.0,1.0,0.0,0.0,0.0,1.0,0.0,1.0,0.0,0.0,1.0
1093,3,1.0,1.0,0.0,0.0,,1.0833333730697632,1.0,150000.0,13.0,0.0,53.16666793823242,0.0,1.0,0.0,1.0,27.0,2,3,1,1,0.0,0.0,0.0,0.0,0.0,0.0,0.0,0.0,0.0,1.0,0.0,0.0,0.0,0.0,0.0,0.0,0.0,0.0,8,,0.0,0.0,,,,,,,,0,0,1,0,0,0,0,0,0,1,0,0,1,0,0,0,0,0,0,0,0,0,0,0,0,0,0,0,0,0,0.0,1.0,800.0,1687.7099609375,2410.0,2410.0,1243.85498046875,2410.0,7.819118022918701,8.480528831481934,0.0,0.0,0.0,0.0,1000.0,7000.0,3000.0,5000.0,4000.0,4000.0,3825.0,0.0,1019.7900390625,467.5,0.0,1600.0,0.0,600.0,390.0,0.0,5312.2900390625,2590.0,0.8963585495948792,2.0,0.20000000298023224,0.20000000298023224,0.20000000298023224,0.20000000298023224,0.0,0.0,0.0,0.0,1.0,1.0,0.0,,,,,1.0,1.0,1.0,1.0,0.0,1.0,0.0,1.0,1.0,0.0,0.0,0.0
1098,3,1.0,1.0,0.0,0.0,,3.5833332538604736,1.0,7000.0,72.0,0.0,25.16666603088379,0.0,0.0,1.0,1.0,22.0,4,1,1,1,0.0,0.0,1.0,0.0,0.0,0.0,0.0,0.0,0.0,0.0,0.0,0.0,0.0,0.0,0.0,0.0,0.0,0.0,3,,0.0,0.0,,,,,,,,1,0,0,0,0,1,0,1,1,1,0,1,1,1,1,0,0,0,1,0,0,0,1,0,1,0,0,0,0,0,0.0,1.0,3000.0,1227.6298828125,2660.0,2660.0,2113.81494140625,2660.0,8.349396705627441,8.579228401184082,0.0,0.0,0.0,0.0,7000.0,7000.0,5000.0,5000.0,7000.0,5000.0,850.0,0.0,3037.369873046875,1885.0,0.0,500.0,0.0,1130.0,710.0,0.0,5772.3701171875,2340.0,6.666603088378906,10.0,0.20000000298023224,0.800000011920929,0.800000011920929,0.6000000238418579,0.20000000298023224,0.4000000059604645,0.0,0.20000000298023224,1.0,0.0,1.0,,,,,1.0,1.0,1.0,1.0,0.0,1.0,0.0,1.0,1.0,1.0,0.0,1.0
1102,3,1.0,1.0,0.0,1.0,5.931593042136178,1.5833332538604736,1.0,65000.0,60.0,0.0,46.25,2.0,0.0,0.0,1.0,0.0,2,3,7,2,0.0,0.0,0.0,0.0,0.0,0.0,0.0,0.0,0.0,0.0,0.0,0.0,0.0,0.0,0.0,0.0,5.5,0.0,5,7.0,1.0,1.0,4.5,6.5,5.0,6.0,5.5,5.0,1750.0,0,0,0,0,0,0,0,0,0,0,0,0,0,0,0,0,0,0,0,0,0,0,0,0,0,0,0,0,0,0,4.0,1.0,3500.0,3834.419921875,16250.0,16250.0,3667.2099609375,16250.0,8.900333404541016,10.388995170593262,1.0,3.0,4.0,2.0,15000.0,15000.0,35000.0,33750.0,15000.0,34375.0,2000.010009765625,2600.0,3099.820068359375,3465.75,0.0,5400.0,7000.0,3900.0,1200.0,0.0,11165.580078125,17500.0,6.382978916168213,5.926723957061768,0.0,0.0,0.0,0.0,0.0,0.0,0.0,0.0,1.0,0.0,1.0,5.0,8.0,10.0,14.0,0.0,0.0,1.0,1.0,1.0,1.0,1.0,1.0,1.0,0.0,1.0,0.0
1103,3,1.0,1.0,0.0,1.0,0.20081349781399255,3.0833332538604736,1.0,2000.0,52.0,0.0,22.83333396911621,2.0,1.0,0.0,0.0,0.0,2,0,0,0,0.0,0.0,0.0,0.0,0.0,0.0,0.0,1.0,0.0,0.0,0.0,0.0,0.0,0.0,0.0,0.0,2.0,0.0,1,7.0,1.0,1.0,6.0,6.0,6.0,4.0,5.5,6.0,750.0,1,1,1,1,1,1,1,1,1,1,1,1,1,1,1,0,0,1,0,0,0,1,0,1,1,0,0,0,0,0,11.0,1.0,12000.0,10593.6298828125,5050.0,5050.0,11296.814453125,5050.0,10.025423049926758,9.220291137695312,1.0,10.0,1.0,1.0,12000.0,22000.0,16800.0,12000.0,17000.0,14400.0,7650.0,0.0,676.2999877929688,3080.070068359375,0.0,3000.0,2500.0,550.0,900.0,0.0,11406.3701171875,6950.0,2.1935484409332275,4.5714287757873535,1.0,1.0,1.0,1.0,0.20000000298023224,0.6000000238418579,0.0,0.2666666805744171,0.0,0.0,1.0,,,8.0,13.0,0.0,0.0,1.0,0.0,0.0,0.0,1.0,0.0,1.0,0.0,1.0,0.0
1107,3,1.0,1.0,1.0,0.0,2.2664972464466095,6.75,1.0,25000.0,72.0,0.0,38.75,7.0,1.0,0.0,0.0,0.0,2,0,0,0,0.0,0.0,0.0,0.0,0.0,0.0,0.0,0.0,0.0,0.0,0.0,0.0,1.0,0.0,0.0,0.0,1.0,0.0,3,6.0,1.0,1.0,,,6.0,3.0,6.5,5.0,1250.0,0,1,1,0,1,1,1,0,1,1,1,1,1,1,1,0,0,1,0,1,0,1,0,1,0,0,0,1,1,0,0.0,1.0,6000.0,6062.580078125,5700.0,5700.0,6031.2900390625,5700.0,9.397863388061523,9.341368675231934,0.0,0.0,1.0,0.0,10000.0,10000.0,5000.0,15400.0,10000.0,10200.0,1700.0,0.0,1144.9100341796875,1092.510009765625,0.0,4750.0,2100.0,1850.0,1000.0,0.0,3937.419921875,9700.0,4.999975204467773,1.9805824756622314,0.6000000238418579,0.800000011920929,1.0,0.800000011920929,0.4000000059604645,0.4000000059604645,0.4000000059604645,0.4000000059604645,0.0,0.0,1.0,4.0,6.0,6.0,3.0,0.0,0.0,1.0,0.0,0.0,0.0,0.0,1.0,1.0,0.0,1.0,1.0
1112,3,1.0,1.0,1.0,0.0,2.609998784547595,35.5,1.0,0.0,45.0,1.0,74.25,2.0,0.0,1.0,1.0,37.0,2,3,6,5,0.0,0.0,1.0,0.0,0.0,0.0,0.0,0.0,0.0,0.0,0.0,0.0,0.0,0.0,0.0,0.0,1.0,0.0,8,8.0,1.0,1.0,3.5,4.0,5.0,2.0,4.0,5.0,,1,0,0,0,0,1,0,0,0,0,0,1,0,0,1,0,0,0,0,0,0,0,0,0,0,0,0,0,0,0,1.0,1.0,2000.0,2433.219970703125,1020.0,1020.0,2216.60986328125,1020.0,8.396881103515625,7.6207051277160645,1.0,0.0,0.0,1.0,5545.0,5545.0,500.0,3500.0,5545.0,2000.0,2255.989990234375,0.0,735.8900146484375,119.89999389648438,0.0,1000.0,0.0,1380.0,100.0,0.0,3111.780029296875,2480.0,2.1694393157958984,1.3793103694915771,0.20000000298023224,0.20000000298023224,0.4000000059604645,0.2666666805744171,0.0,0.0,0.0,0.0,1.0,1.0,1.0,1.0,0.0,3.0,0.0,0.0,1.0,1.0,1.0,1.0,1.0,0.0,0.0,1.0,1.0,0.0,1.0
1116,3,1.0,1.0,1.0,0.0,,10.583333015441895,0.0,4000.0,48.0,0.0,33.0,3.0,0.0,1.0,0.0,0.0,10,1,2,3,0.0,0.0,0.0,0.0,0.0,0.0,0.0,0.0,0.0,0.0,0.0,0.0,0.0,1.0,0.0,0.0,3.0,0.0,3,,0.0,0.0,,,,,,,,0,0,1,0,0,1,0,0,1,0,0,1,0,0,1,0,0,0,0,0,0,0,0,0,0,0,0,0,0,0,5.0,1.0,1200.0,1184.510009765625,-7939.0,-7939.0,1192.2550048828125,-7939.0,7.776749134063721,-9.672689437866211,5.0,0.0,3.0,0.0,4500.0,4500.0,1400.0,3100.0,4500.0,2250.0,0.0,1000.0,1767.239990234375,548.25,0.0,389.0,4600.0,5700.0,350.0,0.0,3315.489990234375,11039.0,18.00071907043457,3.5211267471313477,0.20000000298023224,0.4000000059604645,0.4000000059604645,0.3333333432674408,0.0,0.0,0.0,0.0,0.0,0.0,1.0,,,,,0.0,0.0,1.0,1.0,0.0,1.0,1.0,1.0,0.0,1.0,0.0,1.0
1118,3,1.0,1.0,0.0,0.0,,2.4166667461395264,0.0,2800.0,48.0,1.0,19.83333396911621,0.0,0.0,1.0,0.0,0.0,4,0,0,0,0.0,0.0,0.0,0.0,0.0,0.0,0.0,0.0,0.0,0.0,0.0,1.0,0.0,0.0,0.0,0.0,4.0,0.0,8,,0.0,0.0,,,,,,,,1,1,1,1,1,1,1,0,0,1,0,1,0,0,0,0,1,0,0,1,1,1,0,1,1,0,0,0,0,0,2.5,1.0,1200.0,1355.72998046875,850.0,850.0,1277.864990234375,850.0,7.84609317779541,7.438384056091309,1.0,2.0,2.0,3.0,2580.0,6200.0,3000.0,8500.0,4390.0,5750.0,350.0,3480.0,386.75,627.52001953125,0.0,100.0,6000.0,850.0,700.0,0.0,4844.27001953125,7650.0,12.54285717010498,19.16666603088379,1.0,0.6000000238418579,0.20000000298023224,0.6000000238418579,0.4000000059604645,0.800000011920929,0.0,0.4000000059604645,0.0,1.0,0.0,,,,,1.0,0.0,1.0,0.0,0.0,0.0,1.0,0.0,0.0,0.0,0.0,0.0
1121,3,1.0,1.0,0.0,0.0,,8.416666984558105,1.0,37000.0,41.0,0.0,38.91666793823242,6.0,1.0,0.0,0.0,0.0,1,1,5,1,0.0,0.0,1.0,0.0,0.0,0.0,0.0,0.0,0.0,0.0,0.0,0.0,0.0,0.0,0.0,0.0,0.0,0.0,4,,0.0,0.0,,,,,,,,1,0,1,0,0,1,1,0,1,1,0,1,1,0,1,1,1,1,1,1,1,0,1,0,1,0,0,0,0,0,0.0,1.0,200.0,511.1099853515625,-995.0,-995.0,355.55499267578125,-995.0,6.566829204559326,-7.595890045166016,0.0,0.0,0.0,0.0,1625.0,1625.0,500.0,1600.0,1625.0,1050.0,100.0,0.0,984.9000244140625,28.989999771118164,0.0,2000.0,0.0,460.0,135.0,0.0,1113.8900146484375,2595.0,10.83477783203125,0.64453125,0.4000000059604645,0.800000011920929,0.6000000238418579,0.6000000238418579,1.0,0.6000000238418579,0.0,0.5333333611488342,0.0,0.0,1.0,,,,,1.0,0.0,0.0,1.0,1.0,1.0,0.0,1.0,1.0,0.0,0.0,1.0
1123,3,0.0,1.0,0.0,1.0,10.858441042927343,0.6666666865348816,0.0,0.0,10.5,1.0,38.25,2.0,1.0,0.0,1.0,0.0,2,2,7,3,0.0,0.0,0.0,0.0,0.0,0.0,0.0,0.0,0.0,0.0,0.0,0.0,0.0,0.0,0.0,0.0,3.0,0.0,1,7.0,1.0,1.0,2.0,6.0,5.0,3.0,6.0,5.0,1250.0,,,,,,,,,,,,,,,,,,,,,,,,,,,,,,,4.5,1.0,1200.0,3855.25,700.0,700.0,2527.625,700.0,8.528182983398438,7.244227886199951,3.0,2.0,3.0,0.0,19275.0,19275.0,7400.0,7400.0,19275.0,7400.0,1275.0,12300.0,1099.9400634765625,744.8099975585938,0.0,300.0,5500.0,600.0,300.0,0.0,15419.75,6700.0,9.759394645690918,8.222222328186035,,,,,,,,,1.0,0.0,0.0,7.0,3.0,5.0,11.0,0.0,0.0,1.0,1.0,1.0,1.0,1.0,0.0,0.0,0.0,0.0,0.0
1127,3,1.0,1.0,1.0,0.0,0.8294692341919924,9.666666984558105,1.0,400.0,56.0,0.0,35.25,2.0,0.0,1.0,1.0,0.0,0,0,0,0,0.0,0.0,0.0,0.0,0.0,0.0,0.0,0.0,1.0,0.0,0.0,0.0,0.0,0.0,0.0,0.0,5.0,0.0,13,8.0,1.0,1.0,,4.0,6.0,3.0,6.5,5.0,2250.0,1,1,1,1,1,1,1,1,1,1,1,1,1,1,1,1,1,1,1,1,1,1,1,1,1,1,1,1,1,1,5.0,1.0,13000.0,13284.5625,-3545.0,-3545.0,13142.28125,-3545.0,10.176736831665039,-8.866440773010254,4.0,2.0,4.0,2.0,140000.0,138000.0,140000.0,126000.0,139000.0,133000.0,95625.0,13400.0,8475.009765625,3215.429931640625,4000.0,120000.0,4000.0,4700.0,845.0,0.0,124715.4375,129545.0,1.4535948038101196,1.1083333492279053,1.0,1.0,1.0,1.0,1.0,1.0,1.0,1.0,0.0,1.0,1.0,4.0,0.0,11.0,5.0,0.0,0.0,0.0,0.0,0.0,0.0,1.0,0.0,1.0,1.0,1.0,1.0
1128,3,1.0,1.0,0.0,1.0,10.536926332022613,12.583333015441895,0.0,700.0,84.0,1.0,39.33333206176758,1.0,1.0,0.0,1.0,0.0,2,0,0,0,0.0,0.0,0.0,0.0,0.0,0.0,1.0,0.0,0.0,0.0,0.0,0.0,0.0,0.0,0.0,0.0,0.5,0.0,1,8.0,1.0,1.0,7.0,5.0,6.5,2.0,7.0,,1250.0,0,1,1,1,0,1,1,0,1,1,0,1,1,1,1,0,0,0,0,0,0,0,0,0,0,0,0,0,0,0,0.5,1.0,8000.0,8388.830078125,11250.0,11250.0,8194.4150390625,11250.0,9.704355239868164,10.021270751953125,0.0,1.0,0.0,1.0,30000.0,30000.0,40000.0,20000.0,30000.0,30000.0,14131.25,1360.0,5699.93994140625,419.97998046875,0.0,3500.0,2000.0,2900.0,350.0,0.0,21611.169921875,8750.0,1.6546000242233276,6.382978916168213,0.6000000238418579,0.800000011920929,0.800000011920929,0.7333333492279053,0.0,0.0,0.0,0.0,0.0,0.0,1.0,6.0,5.0,6.0,13.0,0.0,0.0,1.0,0.0,0.0,0.0,0.0,0.0,0.0,1.0,1.0,1.0
1129,3,1.0,1.0,1.0,0.0,7.641419136225972,0.6666666865348816,0.0,20000.0,48.0,1.0,30.58333396911621,0.0,1.0,0.0,1.0,3.0,2,3,7,7,0.0,0.0,0.0,1.0,0.0,0.0,0.0,0.0,0.0,0.0,0.0,0.0,0.0,0.0,0.0,0.0,11.5,0.0,1,6.0,1.0,1.0,,,6.5,7.0,7.0,5.0,1750.0,1,1,1,0,1,1,1,1,1,1,1,1,1,0,1,1,1,0,0,1,1,0,0,1,1,1,0,1,0,1,15.0,1.0,100000.0,108495.390625,37510.0,37510.0,104247.6953125,37510.0,12.41077709197998,11.225509643554688,15.0,0.0,11.0,1.0,289000.0,323000.0,140000.0,140000.0,306000.0,140000.0,140250.0,64000.0,37096.609375,5720.89013671875,0.0,30000.0,47200.0,21240.0,2850.0,1200.0,234896.609375,102490.0,2.7826521396636963,4.281345367431641,0.800000011920929,1.0,0.800000011920929,0.8666666746139526,0.6000000238418579,0.6000000238418579,0.6000000238418579,0.6000000238418579,1.0,0.0,1.0,11.0,7.0,13.0,13.0,0.0,1.0,1.0,1.0,1.0,1.0,1.0,1.0,0.0,1.0,1.0,0.0
1130,3,1.0,1.0,0.0,1.0,6.485481251288984,0.3333333134651184,0.0,700.0,48.0,0.0,34.66666793823242,0.0,0.0,1.0,0.0,31.0,4,0,0,0,0.0,0.0,0.0,0.0,0.0,0.0,0.0,0.0,0.0,0.0,0.0,0.0,0.0,0.0,1.0,0.0,1.0,0.0,8,8.0,1.0,1.0,5.0,5.0,6.0,3.0,7.0,7.0,750.0,1,1,1,1,0,1,1,0,1,1,0,1,1,1,0,1,0,0,0,0,0,0,0,0,0,0,0,0,0,0,0.0,1.0,3000.0,1935.10986328125,1225.0,1225.0,2467.554931640625,1225.0,8.504130363464355,7.8038434982299805,0.0,0.0,1.0,0.0,1200.0,5500.0,3000.0,4500.0,3350.0,3750.0,1275.0,0.0,799.8800048828125,1490.010009765625,0.0,600.0,0.0,2600.0,75.0,0.0,3564.89013671875,3275.0,2.627450942993164,3.409090995788574,0.800000011920929,0.800000011920929,0.6000000238418579,0.7333333492279053,0.20000000298023224,0.0,0.0,0.06666667014360428,0.0,1.0,0.0,6.0,2.0,10.0,9.0,0.0,1.0,1.0,0.0,0.0,0.0,0.0,0.0,0.0,1.0,0.0,0.0
1133,3,1.0,1.0,0.0,0.0,,5.916666507720947,1.0,10000.0,50.0,1.0,29.75,1.0,1.0,0.0,0.0,20.0,2,0,0,0,0.0,0.0,0.0,0.0,0.0,0.0,0.0,1.0,0.0,0.0,0.0,0.0,0.0,0.0,0.0,0.0,1.0,0.0,8,,0.0,0.0,,,,,,,,1,1,1,0,1,0,0,0,1,1,0,1,1,1,0,0,0,0,0,0,0,0,0,0,1,0,0,0,0,1,0.0,1.0,0.0,0.0,6880.0,6880.0,0.0,6880.0,0.0,9.529520988464355,0.0,0.0,1.0,0.0,0.0,0.0,7000.0,14000.0,0.0,10500.0,0.0,0.0,0.0,0.0,0.0,3000.0,1200.0,2800.0,120.0,0.0,0.0,7120.0,15.121163368225098,3.5,0.800000011920929,0.4000000059604645,0.6000000238418579,0.6000000238418579,0.0,0.20000000298023224,0.20000000298023224,0.13333334028720856,0.0,1.0,1.0,,,,,1.0,1.0,1.0,0.0,0.0,0.0,0.0,1.0,1.0,1.0,1.0,1.0
1136,3,1.0,1.0,0.0,1.0,4.384616510866585,2.6666667461395264,1.0,20000.0,60.0,1.0,32.16666793823242,0.0,1.0,0.0,1.0,21.0,2,1,7,3,0.0,0.0,0.0,0.0,0.0,0.0,0.0,0.0,0.0,0.0,0.0,0.0,1.0,0.0,0.0,0.0,6.0,0.0,3,7.0,1.0,1.0,,,5.5,7.0,6.5,6.0,1250.0,0,0,0,0,0,0,0,0,0,0,0,0,0,0,0,0,0,0,0,0,0,0,0,0,0,0,0,0,0,0,0.0,0.0,0.0,0.0,150.0,150.0,0.0,150.0,0.0,5.703793525695801,0.0,0.0,1.0,10.0,0.0,0.0,6000.0,8200.0,0.0,7100.0,0.0,0.0,0.0,0.0,0.0,2500.0,3000.0,1000.0,1550.0,0.0,0.0,8050.0,15.121163368225098,2.8399999141693115,0.0,0.0,0.0,0.0,0.0,0.0,0.0,0.0,1.0,0.0,1.0,8.0,1.0,5.0,14.0,0.0,1.0,1.0,1.0,1.0,1.0,1.0,1.0,1.0,0.0,0.0,0.0
1138,3,1.0,1.0,0.0,0.0,,1.3333333730697632,1.0,30000.0,66.0,1.0,29.66666603088379,0.0,1.0,0.0,1.0,0.0,3,7,1,1,0.0,0.0,0.0,0.0,1.0,0.0,0.0,0.0,0.0,0.0,0.0,0.0,0.0,0.0,0.0,0.0,5.0,0.0,12,,0.0,0.0,,,,,,,,1,0,1,0,1,1,1,1,1,1,1,1,1,1,0,1,1,1,1,1,1,1,1,1,1,1,1,1,1,1,9.5,1.0,10000.0,17505.109375,6900.0,6900.0,13752.5546875,6900.0,10.222126960754395,9.532423973083496,7.0,3.0,2.0,4.0,130000.0,130000.0,100000.0,100000.0,130000.0,100000.0,30000.0,53000.0,16297.509765625,12800.169921875,0.0,36000.0,31100.0,11500.0,14000.0,500.0,112494.890625,93100.0,4.126984119415283,2.6666667461395264,0.6000000238418579,1.0,0.800000011920929,0.800000011920929,1.0,1.0,1.0,1.0,0.0,1.0,1.0,,,,,1.0,0.0,1.0,1.0,0.0,1.0,1.0,1.0,1.0,1.0,1.0,0.0
1148,3,1.0,1.0,1.0,0.0,3.2812103563137356,21.91666603088379,0.0,15000.0,80.0,0.0,57.5,3.0,1.0,0.0,1.0,0.0,2,3,7,4,0.0,0.0,0.0,0.0,0.0,0.0,1.0,0.0,0.0,0.0,0.0,0.0,0.0,0.0,0.0,0.0,1.0,0.0,8,7.0,1.0,1.0,,6.0,6.5,5.0,5.5,6.0,1250.0,0,1,0,0,0,0,0,0,0,0,0,1,1,0,0,0,0,0,0,0,0,0,1,0,0,0,0,0,0,0,1.0,1.0,20000.0,20924.2890625,900.0,900.0,20462.14453125,900.0,10.619479179382324,7.495542049407959,1.0,0.0,1.0,0.0,40000.0,49000.0,30000.0,40000.0,44500.0,35000.0,17994.5,850.0,8331.23046875,899.97998046875,0.0,27000.0,800.0,9150.0,2150.0,0.0,28075.7109375,39100.0,2.1981289386749268,1.1475409269332886,0.20000000298023224,0.0,0.4000000059604645,0.20000000298023224,0.0,0.20000000298023224,0.0,0.06666667014360428,1.0,1.0,1.0,9.0,3.0,12.0,10.0,0.0,0.0,1.0,1.0,1.0,1.0,0.0,1.0,0.0,1.0,1.0,1.0
1150,3,0.0,1.0,0.0,0.0,,4.75,1.0,9500.0,35.0,0.0,28.0,1.0,1.0,0.0,1.0,3.0,2,5,4,5,0.0,0.0,0.0,0.0,0.0,0.0,0.0,0.0,0.0,1.0,0.0,0.0,0.0,0.0,0.0,0.0,1.5,0.0,1,,0.0,0.0,,,,,,,,,,,,,,,,,,,,,,,,,,,,,,,,,,,,,,1.5,1.0,5000.0,17699.9296875,12850.0,12850.0,11349.96484375,12850.0,10.03011703491211,10.15424633026123,0.0,3.0,0.0,3.0,32000.0,32000.0,10500.0,25000.0,32000.0,17750.0,9000.0,1750.0,3400.090087890625,149.97999572753906,0.0,600.0,4500.0,6100.0,950.0,0.0,14300.0703125,12150.0,3.4042515754699707,12.678571701049805,,,,,,,,,1.0,0.0,1.0,,,,,1.0,1.0,1.0,1.0,1.0,1.0,1.0,1.0,1.0,1.0,1.0,1.0
1151,3,0.0,1.0,1.0,0.0,2.3921183168006226,11.833333015441895,1.0,2000.0,48.0,0.0,53.75,4.0,1.0,0.0,0.0,12.0,3,0,0,0,0.0,0.0,0.0,0.0,0.0,0.0,0.0,0.0,0.0,0.0,1.0,0.0,0.0,0.0,0.0,0.0,5.0,0.0,8,7.0,1.0,1.0,2.0,3.0,7.0,5.0,6.5,7.0,325.0,,,,,,,,,,,,,,,,,,,,,,,,,,,,,,,4.0,1.0,0.0,9200.0,-75.0,-75.0,4600.0,-75.0,9.126958847045898,-5.010679721832275,1.0,3.0,5.0,0.0,9200.0,9200.0,5000.0,4150.0,9200.0,4575.0,0.0,0.0,0.0,0.0,0.0,1500.0,2000.0,475.0,250.0,0.0,0.0,4225.0,15.121163368225098,3.049999952316284,,,,,,,,,0.0,1.0,1.0,7.0,2.0,5.0,4.0,0.0,1.0,1.0,0.0,0.0,0.0,1.0,0.0,1.0,1.0,0.0,1.0
1154,3,1.0,1.0,0.0,0.0,,1.0833333730697632,0.0,3800.0,56.0,0.0,34.25,1.0,0.0,1.0,1.0,28.0,3,1,7,1,0.0,0.0,0.0,0.0,0.0,0.0,0.0,0.0,0.0,0.0,0.0,0.0,0.0,0.0,0.0,0.0,1.0,0.0,8,,0.0,0.0,,,,,,,,0,1,1,1,1,0,1,0,0,1,0,1,1,0,1,1,1,1,1,1,0,1,1,1,1,1,1,1,0,1,0.0,1.0,1000.0,905.64013671875,4050.0,4050.0,952.820068359375,4050.0,7.5525736808776855,8.999619483947754,0.0,0.0,1.0,0.0,1200.0,4500.0,3800.0,9100.0,2850.0,6450.0,1200.0,0.0,2031.9599609375,212.4199981689453,0.0,2000.0,1280.0,1500.0,270.0,0.0,3594.35986328125,5050.0,2.159058094024658,3.0714285373687744,0.800000011920929,0.4000000059604645,0.6000000238418579,0.6000000238418579,1.0,0.800000011920929,0.800000011920929,0.8666666746139526,1.0,1.0,0.0,,,,,1.0,1.0,1.0,1.0,1.0,1.0,0.0,1.0,0.0,1.0,0.0,0.0
1161,3,1.0,1.0,0.0,1.0,,21.75,1.0,5000.0,72.0,0.0,54.25,5.0,1.0,0.0,1.0,0.0,2,1,7,7,0.0,0.0,0.0,0.0,0.0,0.0,0.0,0.0,0.0,1.0,0.0,0.0,0.0,0.0,0.0,0.0,5.0,0.0,9,,0.0,0.0,,,,,,,,1,0,1,0,1,1,0,0,1,0,0,1,1,1,1,0,0,1,0,1,0,0,1,1,1,1,1,0,0,0,4.0,1.0,24200.0,38670.19921875,34604.0,34604.0,31435.099609375,34604.0,11.048827171325684,11.144871711730957,4.0,0.0,4.0,1.0,89250.0,89250.0,65520.0,90000.0,89250.0,77760.0,32512.5,11930.0,5737.330078125,399.9700012207031,0.0,45156.0,6920.0,2320.0,1000.0,0.0,50579.80078125,55396.0,2.4000000953674316,1.7069101333618164,0.6000000238418579,0.4000000059604645,0.800000011920929,0.6000000238418579,0.4000000059604645,0.6000000238418579,0.4000000059604645,0.46666666865348816,1.0,1.0,1.0,,,,,0.0,0.0,1.0,1.0,1.0,1.0,1.0,1.0,1.0,1.0,1.0,1.0
1166,3,1.0,1.0,1.0,0.0,8.474212886327168,14.833333015441895,0.0,3000.0,54.0,0.0,23.5,0.0,0.0,1.0,1.0,0.0,3,1,4,1,0.0,0.0,0.0,0.0,0.0,0.0,0.0,0.0,0.0,0.0,0.0,1.0,0.0,0.0,0.0,0.0,1.0,0.0,9,7.0,1.0,1.0,2.0,1.0,5.5,3.0,,5.0,1250.0,1,0,1,0,0,1,0,0,1,0,0,1,0,0,1,0,0,0,0,1,0,1,0,0,0,0,0,0,0,0,1.0,1.0,2000.0,4353.06982421875,643.0,643.0,3176.534912109375,643.0,8.756693840026855,7.159292697906494,1.0,0.0,1.0,0.0,9600.0,9600.0,2000.0,5680.0,9600.0,3840.0,61.630001068115234,3000.0,1041.5799560546875,1143.719970703125,0.0,937.0,600.0,1450.0,1550.0,500.0,5246.93017578125,5037.0,59.39491271972656,3.532658576965332,0.4000000059604645,0.4000000059604645,0.4000000059604645,0.4000000059604645,0.20000000298023224,0.20000000298023224,0.0,0.13333334028720856,1.0,1.0,0.0,,,3.0,3.0,0.0,0.0,1.0,1.0,1.0,1.0,0.0,0.0,0.0,1.0,0.0,1.0
1169,3,0.0,1.0,1.0,0.0,2.4858405614736876,19.25,0.0,0.0,70.0,0.0,69.0,0.0,1.0,0.0,0.0,0.0,2,0,0,0,0.0,0.0,0.0,0.0,1.0,0.0,0.0,0.0,0.0,0.0,0.0,0.0,0.0,0.0,0.0,0.0,3.5,0.0,1,7.0,1.0,1.0,6.0,5.5,7.0,1.0,7.0,7.0,2250.0,,,,,,,,,,,,,,,,,,,,,,,,,,,,,,,3.5,1.0,5000.0,17627.25,14930.0,14930.0,11313.625,14930.0,10.026909828186035,10.304275512695312,2.0,3.0,2.0,3.0,28000.0,40000.0,18000.0,34000.0,34000.0,26000.0,9000.0,10625.0,1302.7900390625,1444.9599609375,0.0,4000.0,10500.0,3950.0,620.0,0.0,22372.75,19070.0,3.3990516662597656,5.0,,,,,,,,,0.0,0.0,1.0,5.0,3.0,8.0,9.0,0.0,0.0,1.0,0.0,0.0,0.0,1.0,0.0,0.0,0.0,1.0,1.0
1170,3,1.0,1.0,1.0,0.0,6.022317269976787,27.83333396911621,1.0,20000.0,46.0,1.0,68.08333587646484,0.0,0.0,0.0,1.0,0.0,2,2,4,4,0.0,0.0,0.0,0.0,0.0,0.0,0.0,1.0,0.0,0.0,0.0,0.0,0.0,0.0,0.0,0.0,2.5,0.0,8,8.0,1.0,1.0,5.0,5.0,5.5,7.0,5.5,5.0,750.0,1,1,1,1,1,1,1,1,1,1,1,1,1,1,1,1,1,1,1,1,1,1,1,1,1,1,1,1,1,1,2.5,1.0,4166.0,23336.796875,12050.0,12050.0,13751.3984375,12050.0,10.22204303741455,10.089966773986816,2.0,1.0,2.0,1.0,100000.0,90000.0,55000.0,60000.0,95000.0,57500.0,30000.0,15406.0,14849.7998046875,2054.409912109375,1300.0,15000.0,16000.0,14200.0,2750.0,0.0,66663.203125,47950.0,2.9921278953552246,3.382352828979492,1.0,1.0,1.0,1.0,1.0,1.0,1.0,1.0,1.0,1.0,1.0,8.0,7.0,11.0,11.0,0.0,0.0,1.0,1.0,1.0,1.0,1.0,1.0,1.0,1.0,1.0,1.0
1173,3,1.0,1.0,0.0,0.0,,15.166666984558105,1.0,50000.0,48.0,0.0,39.33333206176758,2.0,1.0,0.0,1.0,0.0,2,3,5,7,0.0,0.0,0.0,0.0,0.0,0.0,0.0,0.0,0.0,0.0,0.0,0.0,0.0,1.0,0.0,0.0,7.0,1.0,12,,0.0,0.0,,,,,,,,1,1,1,0,1,0,0,1,1,1,1,1,0,1,1,1,1,1,1,1,1,1,1,1,1,1,1,1,1,1,7.5,1.0,40000.0,100773.671875,48500.0,48500.0,70386.8359375,48500.0,11.85490894317627,11.482466697692871,6.0,2.0,6.0,2.0,140000.0,165750.0,140000.0,140000.0,152875.0,140000.0,19725.0,27250.0,9300.1201171875,7201.2099609375,1500.0,37500.0,26000.0,8500.0,4000.0,15500.0,64976.328125,91500.0,6.878509044647217,3.5897436141967773,0.800000011920929,0.6000000238418579,0.800000011920929,0.7333333492279053,1.0,1.0,1.0,1.0,1.0,1.0,1.0,,,,,1.0,0.0,1.0,1.0,1.0,1.0,1.0,1.0,1.0,0.0,1.0,1.0
1177,3,1.0,1.0,0.0,1.0,8.186904575078588,4.25,0.0,10000.0,72.0,1.0,24.33333396911621,1.0,0.0,1.0,1.0,0.0,4,2,5,4,0.0,0.0,0.0,0.0,0.0,0.0,0.0,0.0,0.0,0.0,0.0,1.0,0.0,0.0,0.0,0.0,2.0,0.0,6,7.0,1.0,1.0,3.5,4.0,7.0,7.0,7.0,6.0,1250.0,1,0,1,1,0,1,1,0,1,1,0,1,0,1,1,1,0,0,0,0,0,0,1,1,0,0,0,0,0,1,1.0,1.0,4000.0,1631.06005859375,5900.0,5900.0,2815.530029296875,5900.0,8.636053085327148,9.3758544921875,0.0,1.0,2.0,0.0,3500.0,5000.0,4500.0,11900.0,4250.0,8200.0,2000.0,1000.0,113.97999572753906,254.9600067138672,0.0,2000.0,3500.0,400.0,100.0,0.0,3368.93994140625,6000.0,2.0238094329833984,3.5652174949645996,0.6000000238418579,0.800000011920929,0.6000000238418579,0.6666666865348816,0.20000000298023224,0.4000000059604645,0.20000000298023224,0.2666666805744171,1.0,1.0,1.0,6.0,4.0,10.0,9.0,0.0,0.0,1.0,1.0,1.0,1.0,1.0,1.0,0.0,0.0,1.0,1.0
1178,3,1.0,1.0,0.0,1.0,5.042445289228701,3.8333332538604736,1.0,30000.0,48.0,0.0,43.08333206176758,3.0,1.0,0.0,0.0,0.0,2,0,0,0,0.0,0.0,0.0,0.0,0.0,0.0,0.0,1.0,0.0,0.0,0.0,0.0,0.0,0.0,0.0,0.0,3.0,0.0,8,8.0,1.0,1.0,5.0,6.5,7.0,6.0,7.0,7.0,2250.0,1,0,1,0,0,1,0,1,1,0,0,1,1,1,1,0,1,0,1,0,0,1,1,1,1,1,0,0,0,0,3.0,1.0,2000.0,14674.650390625,-1560.0,-1560.0,8337.3251953125,-1560.0,9.72164535522461,-8.045588493347168,0.0,5.0,1.0,4.0,44590.0,44590.0,12000.0,45000.0,44590.0,28500.0,15000.0,8400.0,2587.429931640625,1096.419921875,2500.0,19960.0,9700.0,10100.0,1800.0,5000.0,29915.349609375,46560.0,2.9311420917510986,1.3597328662872314,0.4000000059604645,0.6000000238418579,0.800000011920929,0.6000000238418579,0.4000000059604645,0.800000011920929,0.20000000298023224,0.46666666865348816,0.0,1.0,1.0,6.0,3.0,8.0,12.0,0.0,0.0,1.0,0.0,0.0,0.0,1.0,1.0,1.0,1.0,1.0,1.0
1180,3,1.0,1.0,0.0,0.0,,12.166666984558105,1.0,100000.0,70.0,0.0,42.5,4.0,1.0,0.0,1.0,7.0,5,3,5,4,0.0,0.0,0.0,0.0,0.0,0.0,0.0,0.0,0.0,0.0,0.0,0.0,0.0,0.0,0.0,1.0,1.0,1.0,8,,0.0,0.0,,,,,,,,1,0,1,0,1,0,0,1,0,1,1,1,1,1,1,0,1,0,0,1,0,0,0,0,0,0,0,0,0,0,1.0,1.0,2000.0,3050.070068359375,-1025.0,-1025.0,2525.03515625,-1025.0,8.5271577835083,-7.6255950927734375,1.0,0.0,1.0,0.0,6800.0,6800.0,500.0,3650.0,6800.0,2075.0,150.0,1500.0,1150.010009765625,899.9400024414062,0.0,1200.0,750.0,950.0,600.0,1175.0,3749.929931640625,4675.0,22.66817855834961,1.5370370149612427,0.6000000238418579,0.4000000059604645,1.0,0.6666666865348816,0.4000000059604645,0.0,0.0,0.13333334028720856,1.0,1.0,1.0,,,,,1.0,1.0,1.0,1.0,1.0,1.0,0.0,1.0,1.0,0.0,0.0,1.0
2003,3,1.0,1.0,0.0,1.0,3.723910617770738,1.25,0.0,5000.0,30.0,0.0,30.5,4.0,1.0,0.0,1.0,0.0,2,0,0,0,0.0,0.0,0.0,0.0,0.0,0.0,0.0,0.0,0.0,0.0,0.0,0.0,1.0,0.0,0.0,0.0,0.0,0.0,1,7.0,1.0,1.0,2.0,6.0,5.5,6.0,6.0,6.0,325.0,0,0,0,1,1,1,1,0,0,0,1,1,0,0,1,0,0,0,0,0,0,0,0,1,1,1,1,0,1,0,0.0,0.0,0.0,0.0,-94.6700439453125,-94.6700439453125,0.0,-94.6700439453125,0.0,-5.24357271194458,0.0,0.0,0.0,0.0,0.0,0.0,300.0,1181.3299560546875,0.0,740.6649780273438,0.0,0.0,0.0,0.0,0.0,0.0,0.0,360.0,916.0,0.0,0.0,1276.0,15.121163368225098,10.134669303894043,0.4000000059604645,0.4000000059604645,0.6000000238418579,0.46666666865348816,0.0,0.4000000059604645,0.6000000238418579,0.3333333432674408,0.0,0.0,0.0,11.0,9.0,13.0,14.0,0.0,0.0,1.0,0.0,0.0,0.0,0.0,1.0,0.0,0.0,0.0,0.0
2006,3,1.0,1.0,0.0,0.0,,1.9166667461395264,0.0,15000.0,77.0,0.0,29.16666603088379,0.0,1.0,0.0,1.0,0.0,5,1,1,2,0.0,0.0,0.0,0.0,0.0,0.0,0.0,0.0,0.0,0.0,0.0,1.0,0.0,0.0,0.0,0.0,2.5,0.0,9,,0.0,0.0,,,,,,,,1,0,0,0,0,1,0,0,0,1,0,0,1,1,0,0,0,0,0,0,0,0,0,0,0,0,0,0,0,0,3.0,1.0,3000.0,1657.58984375,2930.0,2930.0,2328.794921875,2930.0,8.446253776550293,8.675905227661133,1.0,2.0,2.0,1.0,5500.0,6500.0,8000.0,6500.0,6000.0,7250.0,1200.0,2680.0,962.4100341796875,0.0,0.0,800.0,1200.0,970.0,600.0,0.0,4842.41015625,3570.0,4.137845516204834,9.0625,0.20000000298023224,0.4000000059604645,0.4000000059604645,0.3333333432674408,0.0,0.0,0.0,0.0,0.0,1.0,1.0,10.0,3.0,7.0,5.0,1.0,0.0,1.0,1.0,0.0,1.0,1.0,1.0,0.0,1.0,0.0,0.0
2016,3,1.0,1.0,0.0,0.0,,3.3333332538604736,0.0,1200.0,54.0,0.0,26.33333396911621,1.0,1.0,0.0,1.0,0.0,4,0,0,0,0.0,0.0,0.0,0.0,0.0,0.0,0.0,0.0,0.0,0.0,1.0,0.0,0.0,0.0,0.0,0.0,0.0,0.0,6,,0.0,0.0,,,,,,,,0,1,1,1,1,1,0,1,1,1,0,1,1,1,1,0,0,1,0,1,1,0,0,0,1,0,0,0,0,0,0.0,0.0,0.0,0.0,-2708.0,-2708.0,0.0,-2708.0,0.0,-8.597112655639648,0.0,0.0,0.0,0.0,0.0,0.0,2000.0,5992.0,0.0,3996.0,0.0,0.0,0.0,0.0,0.0,800.0,0.0,3100.0,3300.0,1500.0,0.0,8700.0,15.121163368225098,3.3299999237060547,0.800000011920929,0.800000011920929,0.800000011920929,0.800000011920929,0.4000000059604645,0.4000000059604645,0.0,0.2666666805744171,0.0,1.0,0.0,,,,,1.0,0.0,1.0,0.0,0.0,0.0,0.0,0.0,0.0,1.0,0.0,0.0
2018,3,1.0,1.0,1.0,0.0,0.5297298618910263,4.083333492279053,0.0,250.0,54.0,0.0,28.75,3.0,1.0,0.0,1.0,0.0,2,1,5,1,0.0,0.0,0.0,0.0,0.0,0.0,1.0,0.0,0.0,0.0,0.0,0.0,0.0,0.0,0.0,0.0,0.0,0.0,9,8.0,1.0,1.0,6.0,7.0,7.0,3.0,6.5,7.0,1750.0,1,1,1,1,1,1,1,0,1,0,1,1,1,1,1,1,0,1,1,1,0,0,1,0,1,1,0,0,0,0,0.0,1.0,4000.0,4143.75,-1080.0,-1080.0,4071.875,-1080.0,9.005005836486816,-7.677863597869873,0.0,0.0,0.0,0.0,13000.0,13387.5,2000.0,12000.0,13193.75,7000.0,8478.75,0.0,722.5,42.5,0.0,12240.0,0.0,580.0,260.0,0.0,9243.75,13080.0,1.5330427885055542,0.64453125,1.0,0.6000000238418579,1.0,0.8666666746139526,0.800000011920929,0.4000000059604645,0.20000000298023224,0.46666666865348816,1.0,1.0,0.0,4.0,0.0,6.0,9.0,0.0,0.0,1.0,1.0,1.0,1.0,0.0,0.0,0.0,0.0,0.0,1.0
2023,3,1.0,1.0,0.0,0.0,,2.5,0.0,1500.0,84.0,0.0,30.33333396911621,1.0,1.0,0.0,1.0,0.0,0,0,0,0,0.0,0.0,0.0,0.0,0.0,0.0,0.0,0.0,0.0,0.0,0.0,1.0,0.0,0.0,0.0,0.0,0.0,0.0,1,,0.0,0.0,,,,,,,,0,0,0,0,0,0,0,0,0,0,0,0,0,0,0,0,0,0,0,0,0,0,0,0,0,0,0,0,0,0,0.0,0.0,0.0,0.0,270.0,270.0,0.0,270.0,0.0,6.291572570800781,0.0,0.0,0.0,0.0,0.0,0.0,700.0,900.0,0.0,800.0,0.0,0.0,0.0,0.0,0.0,200.0,0.0,180.0,50.0,0.0,0.0,430.0,15.121163368225098,2.799999952316284,0.0,0.0,0.0,0.0,0.0,0.0,0.0,0.0,0.0,0.0,0.0,,,,,1.0,0.0,0.0,0.0,0.0,0.0,0.0,0.0,0.0,0.0,0.0,0.0
2035,3,1.0,1.0,1.0,0.0,8.939363376990528,1.75,0.0,60000.0,63.0,0.0,40.91666793823242,4.0,1.0,0.0,1.0,8.0,3,0,0,0,0.0,0.0,0.0,0.0,0.0,0.0,0.0,0.0,0.0,0.0,0.0,0.0,0.0,0.0,0.0,0.0,3.0,0.0,1,9.0,1.0,1.0,,,7.0,,7.0,7.0,2250.0,0,1,1,1,1,0,0,1,1,1,1,1,1,0,1,0,0,0,0,0,0,0,0,0,0,0,0,0,0,0,3.0,1.0,7500.0,15867.7890625,11060.0,11060.0,11683.89453125,11060.0,10.059113502502441,10.004237174987793,1.0,3.0,2.0,2.0,35000.0,52500.0,30000.0,30000.0,43750.0,30000.0,29125.0,4645.0,2662.369873046875,199.83999633789062,0.0,6240.0,8000.0,4000.0,700.0,0.0,36632.2109375,18940.0,1.476794719696045,4.201680660247803,0.800000011920929,0.6000000238418579,0.800000011920929,0.7333333492279053,0.0,0.0,0.0,0.0,0.0,0.0,1.0,11.0,3.0,2.0,15.0,0.0,1.0,1.0,0.0,0.0,0.0,1.0,1.0,0.0,1.0,1.0,0.0
2036,3,1.0,1.0,0.0,0.0,,2.9166667461395264,0.0,7000.0,60.0,1.0,42.91666793823242,2.0,1.0,0.0,1.0,0.0,0,0,0,0,0.0,0.0,0.0,0.0,0.0,0.0,0.0,0.0,0.0,1.0,0.0,0.0,0.0,0.0,0.0,0.0,4.0,0.0,9,,0.0,0.0,,,,,,,,0,0,0,0,0,0,0,0,0,0,0,0,0,0,0,0,0,0,0,0,0,0,0,0,0,0,0,0,0,0,0.0,0.0,0.0,0.0,3877.0,3877.0,0.0,3877.0,0.0,8.955964088439941,0.0,0.0,4.0,0.0,0.0,0.0,8000.0,17000.0,0.0,12500.0,0.0,0.0,0.0,0.0,0.0,7013.0,4800.0,710.0,600.0,0.0,0.0,13123.0,15.121163368225098,1.6862268447875977,0.0,0.0,0.0,0.0,0.0,0.0,0.0,0.0,0.0,1.0,1.0,,,,,1.0,0.0,0.0,0.0,0.0,0.0,1.0,1.0,0.0,1.0,1.0,0.0
2040,3,1.0,1.0,0.0,1.0,,4.75,0.0,1000.0,70.0,0.0,38.66666793823242,1.0,1.0,0.0,1.0,0.0,2,0,0,0,0.0,0.0,0.0,0.0,0.0,0.0,1.0,0.0,0.0,0.0,0.0,0.0,0.0,0.0,0.0,0.0,2.0,0.0,5,,0.0,0.0,,,,,,,,0,1,0,0,1,1,0,0,1,1,0,1,1,1,0,1,1,1,0,1,1,1,1,0,0,1,1,1,1,0,3.0,1.0,15000.0,14350.78125,-1300.0,-1300.0,14675.390625,-1300.0,10.287074089050293,-7.863266944885254,3.0,0.0,2.0,0.0,60000.0,323000.0,3500.0,9000.0,191500.0,6250.0,297500.0,6374.0,312.71002197265625,4462.5,0.0,5600.0,800.0,1500.0,2400.0,0.0,234896.609375,10300.0,0.6688071489334106,1.1160714626312256,0.4000000059604645,0.6000000238418579,0.6000000238418579,0.5333333611488342,0.800000011920929,0.6000000238418579,0.800000011920929,0.7333333492279053,0.0,0.0,0.0,,,,,0.0,0.0,1.0,0.0,0.0,0.0,1.0,0.0,0.0,0.0,0.0,1.0
2041,3,1.0,1.0,0.0,0.0,,0.5,0.0,800.0,84.0,1.0,25.5,2.0,1.0,0.0,1.0,0.0,2,0,0,0,0.0,0.0,0.0,0.0,0.0,0.0,0.0,0.0,0.0,1.0,0.0,0.0,0.0,0.0,0.0,0.0,0.0,0.0,1,,0.0,0.0,,,,,,,,0,0,0,0,0,0,0,0,0,0,0,0,0,0,0,0,0,0,0,0,0,0,0,0,0,0,0,0,0,0,0.0,0.0,0.0,0.0,2764.0,2764.0,0.0,2764.0,0.0,8.617581367492676,0.0,0.0,0.0,0.0,0.0,0.0,800.0,4800.0,0.0,2800.0,0.0,0.0,0.0,0.0,0.0,1440.0,0.0,332.0,264.0,0.0,0.0,2036.0,15.121163368225098,1.609195351600647,0.0,0.0,0.0,0.0,0.0,0.0,0.0,0.0,0.0,0.0,0.0,,,,,1.0,0.0,1.0,0.0,0.0,0.0,0.0,0.0,0.0,0.0,0.0,0.0
2042,3,1.0,1.0,1.0,0.0,8.254185743293748,0.4166666865348816,0.0,12500.0,72.0,0.0,57.5,3.0,0.0,0.0,1.0,0.0,2,7,2,2,0.0,0.0,0.0,0.0,0.0,0.0,0.0,0.0,0.0,0.0,0.0,0.0,1.0,0.0,0.0,0.0,0.0,0.0,1,8.0,1.0,1.0,5.0,4.5,6.5,5.0,6.0,6.0,2250.0,1,0,1,0,1,1,1,0,1,1,1,1,1,0,1,0,1,1,1,1,1,0,1,1,1,1,1,0,0,1,0.0,1.0,700.0,3803.239990234375,1788.0,1788.0,2251.6201171875,1788.0,8.412552833557129,8.182000160217285,0.0,0.0,0.0,0.0,5500.0,5000.0,2500.0,3000.0,5250.0,2750.0,0.0,0.0,85.0,1011.760009765625,0.0,100.0,0.0,0.0,1112.0,0.0,1196.760009765625,1212.0,61.764705657958984,27.5,0.6000000238418579,0.800000011920929,0.800000011920929,0.7333333492279053,0.800000011920929,0.800000011920929,0.6000000238418579,0.7333333492279053,0.0,0.0,0.0,10.0,6.0,10.0,8.0,0.0,0.0,1.0,1.0,0.0,1.0,0.0,1.0,0.0,0.0,0.0,0.0
2046,3,1.0,1.0,1.0,0.0,0.3817616625552371,2.75,1.0,100.0,84.0,0.0,37.5,3.0,1.0,0.0,1.0,0.0,3,1,4,1,0.0,0.0,0.0,0.0,0.0,0.0,0.0,0.0,0.0,1.0,0.0,0.0,0.0,0.0,0.0,0.0,0.5,0.0,3,7.0,1.0,1.0,,,7.0,7.0,7.0,5.0,1250.0,1,1,1,1,1,1,1,0,0,0,0,1,0,0,1,1,0,1,1,1,0,0,1,1,0,0,0,0,0,0,0.5,1.0,500.0,1362.51953125,-3640.0,-3640.0,931.259765625,-3640.0,7.5296854972839355,-8.8928861618042,0.0,1.0,0.0,1.0,15291.599609375,15291.599609375,8000.0,5400.0,15291.599609375,6700.0,11900.0,637.5,904.1900024414062,212.3699951171875,0.0,8000.0,400.0,400.0,240.0,0.0,13929.080078125,9040.0,1.2624644041061401,0.8170731663703918,1.0,0.4000000059604645,0.4000000059604645,0.6000000238418579,0.800000011920929,0.4000000059604645,0.0,0.4000000059604645,1.0,0.0,0.0,,,9.0,3.0,0.0,0.0,1.0,1.0,1.0,1.0,0.0,0.0,1.0,1.0,0.0,0.0
2049,3,1.0,1.0,0.0,1.0,1.2756234233143295,0.0,0.0,500.0,40.0,1.0,30.75,0.0,0.0,1.0,1.0,27.0,1,4,2,1,0.0,0.0,0.0,0.0,0.0,0.0,0.0,0.0,0.0,0.0,0.0,0.0,1.0,0.0,0.0,0.0,1.0,0.0,1,6.0,1.0,1.0,3.5,5.5,6.5,1.0,7.0,6.0,2250.0,0,0,0,0,0,0,0,0,0,0,0,0,0,0,0,0,0,0,0,0,0,0,0,0,0,0,0,0,0,0,0.0,0.0,0.0,0.0,-725.0,-725.0,0.0,-725.0,0.0,-7.2793192863464355,0.0,0.0,0.0,1.0,0.0,0.0,1500.0,1500.0,0.0,1500.0,0.0,0.0,0.0,0.0,0.0,350.0,500.0,275.0,1100.0,0.0,0.0,2225.0,15.121163368225098,2.7272727489471436,0.0,0.0,0.0,0.0,0.0,0.0,0.0,0.0,0.0,0.0,0.0,8.0,4.0,3.0,16.0,0.0,1.0,0.0,1.0,0.0,1.0,0.0,0.0,0.0,0.0,0.0,0.0
2059,3,1.0,1.0,0.0,0.0,,0.5,0.0,5000.0,40.0,0.0,26.5,0.0,1.0,0.0,1.0,0.0,2,5,4,3,0.0,0.0,0.0,0.0,0.0,0.0,0.0,0.0,0.0,0.0,0.0,0.0,0.0,0.0,0.0,0.0,3.0,0.0,9,,0.0,0.0,,,,,,,,0,0,0,0,0,0,0,0,0,0,0,0,0,0,0,0,0,0,0,0,0,0,0,0,0,0,0,0,0,0,0.0,0.0,0.0,0.0,500.0,500.0,0.0,500.0,0.0,6.907756328582764,0.0,0.0,0.0,4.0,0.0,0.0,4000.0,8000.0,0.0,6000.0,0.0,0.0,0.0,0.0,0.0,0.0,6000.0,500.0,1000.0,0.0,0.0,7500.0,15.121163368225098,10.134669303894043,0.0,0.0,0.0,0.0,0.0,0.0,0.0,0.0,1.0,1.0,0.0,,,,,1.0,0.0,1.0,1.0,1.0,1.0,1.0,1.0,0.0,0.0,0.0,0.0
2065,3,1.0,1.0,0.0,0.0,,2.9166667461395264,1.0,5000.0,54.0,1.0,32.16666793823242,1.0,1.0,0.0,1.0,26.0,3,10,5,2,0.0,0.0,0.0,0.0,0.0,0.0,0.0,1.0,0.0,0.0,0.0,0.0,0.0,0.0,0.0,0.0,2.5,0.0,9,,0.0,0.0,,,,,,,,1,1,1,1,0,1,1,0,1,1,0,1,1,1,1,0,0,0,0,0,0,0,1,1,1,0,0,0,0,0,0.0,1.0,23000.0,21454.470703125,13000.0,13000.0,22227.234375,13000.0,10.702220916748047,10.165851593017578,0.0,0.0,0.0,5.0,38600.0,38600.0,19000.0,30000.0,38600.0,24500.0,12600.0,0.0,1099.9599609375,3445.56982421875,0.0,9000.0,0.0,6700.0,1300.0,0.0,17145.529296875,17000.0,3.039379596710205,2.722222328186035,0.800000011920929,0.800000011920929,0.800000011920929,0.800000011920929,0.0,0.6000000238418579,0.0,0.20000000298023224,1.0,1.0,1.0,,,,,1.0,1.0,1.0,1.0,1.0,1.0,1.0,1.0,1.0,1.0,1.0,0.0
2073,3,1.0,1.0,0.0,0.0,,6.833333492279053,0.0,1500.0,84.0,0.0,30.83333396911621,1.0,1.0,0.0,0.0,0.0,1,1,1,4,0.0,0.0,0.0,0.0,0.0,0.0,0.0,0.0,0.0,0.0,0.0,1.0,0.0,0.0,0.0,0.0,2.0,0.0,8,,0.0,0.0,,,,,,,,0,0,1,1,1,1,0,0,0,1,0,1,1,1,0,1,0,0,0,0,0,0,0,0,0,0,0,0,0,0,0.0,1.0,2400.0,1916.3299560546875,340.0,340.0,2158.1650390625,340.0,8.370161056518555,6.5220947265625,0.0,0.0,1.0,2.0,3400.0,3400.0,4800.0,5200.0,3400.0,5000.0,420.0,0.0,800.0,263.66998291015625,0.0,450.0,1200.0,3210.0,0.0,0.0,1483.6700439453125,4860.0,6.538461685180664,8.333333015441895,0.6000000238418579,0.4000000059604645,0.6000000238418579,0.5333333611488342,0.20000000298023224,0.0,0.0,0.06666667014360428,0.0,1.0,1.0,,,,,1.0,0.0,0.0,1.0,0.0,1.0,1.0,0.0,0.0,1.0,0.0,1.0
2080,3,1.0,1.0,0.0,0.0,,0.6666666865348816,1.0,15000.0,84.0,0.0,25.58333396911621,6.0,1.0,0.0,1.0,1.0,2,4,3,2,0.0,0.0,0.0,1.0,0.0,0.0,0.0,0.0,0.0,0.0,0.0,0.0,0.0,0.0,0.0,0.0,3.0,0.0,8,,0.0,0.0,,,,,,,,1,1,1,0,0,1,1,1,1,1,0,1,1,1,1,1,1,0,1,1,1,1,1,1,1,1,1,1,1,0,3.5,1.0,5600.0,3672.52978515625,1060.0,1060.0,4636.2646484375,1060.0,9.134811401367188,7.6591715812683105,0.0,4.0,2.0,1.0,11000.0,11000.0,8000.0,8000.0,11000.0,8000.0,3500.0,2125.0,899.9400024414062,802.530029296875,0.0,640.0,0.0,3650.0,2450.0,200.0,7327.47021484375,6940.0,2.6829137802124023,3.7383177280426025,0.6000000238418579,1.0,0.800000011920929,0.800000011920929,0.800000011920929,1.0,0.800000011920929,0.8666666746139526,1.0,1.0,1.0,5.0,3.0,10.0,6.0,1.0,1.0,1.0,1.0,1.0,1.0,1.0,1.0,1.0,1.0,1.0,0.0
2086,3,1.0,1.0,0.0,1.0,,1.0833333730697632,1.0,20000.0,84.0,0.0,41.66666793823242,1.0,1.0,0.0,1.0,3.0,3,3,5,1,0.0,0.0,0.0,0.0,0.0,0.0,0.0,0.0,0.0,0.0,0.0,0.0,0.0,1.0,0.0,0.0,2.0,0.0,3,,0.0,0.0,,,,,,,,0,0,0,0,0,1,0,0,0,0,0,1,1,1,1,0,0,0,0,0,0,0,0,0,0,0,0,0,0,0,1.0,1.0,3000.0,4366.8095703125,4700.0,4700.0,3683.40478515625,4700.0,8.904740333557129,9.148465156555176,1.0,0.0,0.0,2.0,11000.0,13500.0,20000.0,19500.0,12250.0,19750.0,2500.0,3000.0,2766.530029296875,866.6599731445312,0.0,4000.0,6000.0,3200.0,1600.0,0.0,9133.1904296875,14800.0,3.9946391582489014,4.593023300170898,0.0,0.20000000298023224,0.800000011920929,0.3333333432674408,0.0,0.0,0.0,0.0,1.0,0.0,1.0,,,,,0.0,1.0,1.0,1.0,1.0,1.0,1.0,1.0,1.0,1.0,1.0,0.0
2096,3,1.0,1.0,0.0,0.0,,1.4166666269302368,1.0,300.0,20.0,0.0,30.83333396911621,1.0,1.0,0.0,1.0,0.0,0,0,0,0,0.0,0.0,0.0,0.0,0.0,0.0,0.0,0.0,0.0,0.0,0.0,0.0,0.0,0.0,0.0,0.0,1.0,0.0,1,,0.0,0.0,,,,,,,,0,0,0,0,0,0,0,0,0,0,0,0,0,0,0,0,0,0,0,0,0,0,0,0,0,0,0,0,0,0,0.0,0.0,0.0,0.0,10969.0,10969.0,0.0,10969.0,0.0,9.995975494384766,0.0,0.0,0.0,1.0,0.0,0.0,8000.0,21000.0,0.0,14500.0,0.0,0.0,0.0,0.0,0.0,5500.0,1500.0,1090.0,1941.0,0.0,0.0,10031.0,15.121163368225098,2.5,0.0,0.0,0.0,0.0,0.0,0.0,0.0,0.0,0.0,0.0,0.0,,,,,1.0,0.0,0.0,0.0,0.0,0.0,0.0,0.0,1.0,0.0,1.0,0.0
2100,3,1.0,1.0,0.0,1.0,1.0444430504721238,1.0833333730697632,1.0,1700.0,50.0,0.0,23.75,0.0,1.0,0.0,0.0,20.0,6,4,7,7,1.0,0.0,0.0,0.0,0.0,0.0,0.0,0.0,0.0,0.0,0.0,0.0,0.0,0.0,0.0,0.0,8.0,0.0,12,7.0,1.0,1.0,5.0,5.0,6.0,6.0,6.0,5.0,750.0,0,0,0,0,1,0,1,0,0,0,1,1,1,0,1,1,1,1,1,1,0,0,0,0,1,0,0,1,1,0,30.0,1.0,50000.0,103092.015625,2800.0,2800.0,76546.0078125,2800.0,11.938794136047363,8.630521774291992,10.0,30.0,2.0,12.0,273042.0,273042.0,30000.0,25000.0,273042.0,27500.0,3500.0,126000.0,8449.98046875,2000.010009765625,30000.0,1500.0,14400.0,1700.0,2300.0,2300.0,169949.984375,22200.0,60.67626953125,18.33333396911621,0.20000000298023224,0.20000000298023224,0.800000011920929,0.4000000059604645,1.0,0.20000000298023224,0.4000000059604645,0.5333333611488342,1.0,1.0,1.0,6.0,5.0,3.0,13.0,0.0,1.0,1.0,1.0,1.0,1.0,1.0,0.0,1.0,0.0,1.0,0.0
2123,3,1.0,1.0,0.0,1.0,0.6659670100123803,12.916666984558105,0.0,900.0,70.0,0.0,25.33333396911621,1.0,1.0,0.0,0.0,14.0,1,0,0,0,0.0,0.0,0.0,0.0,0.0,0.0,0.0,0.0,0.0,0.0,0.0,1.0,0.0,0.0,0.0,0.0,1.0,0.0,9,1.0,1.0,0.0,,,,,,,,1,1,1,1,1,0,0,0,1,1,0,1,1,1,1,0,0,0,0,0,0,0,0,1,1,0,0,0,0,0,1.0,1.0,500.0,869.239990234375,270.0,270.0,684.6199951171875,270.0,7.222011566162109,6.291572570800781,0.0,1.0,1.0,0.0,1800.0,1800.0,3000.0,3000.0,1800.0,3000.0,50.0,100.0,632.010009765625,148.75,0.0,1000.0,800.0,630.0,300.0,0.0,930.760009765625,2730.0,14.398847579956055,2.6086957454681396,1.0,0.4000000059604645,0.800000011920929,0.7333333492279053,0.0,0.4000000059604645,0.0,0.13333334028720856,0.0,1.0,0.0,5.0,3.0,,,0.0,1.0,0.0,0.0,0.0,0.0,0.0,0.0,0.0,1.0,0.0,1.0
2129,3,1.0,1.0,0.0,0.0,,10.916666984558105,0.0,1000.0,45.0,0.0,31.91666603088379,0.0,1.0,0.0,1.0,0.0,2,2,6,4,0.0,0.0,0.0,0.0,0.0,0.0,0.0,0.0,0.0,0.0,0.0,0.0,1.0,0.0,0.0,0.0,0.0,0.0,4,,0.0,0.0,,,,,,,,1,1,1,1,0,1,0,1,1,1,0,0,1,0,1,1,0,1,1,1,1,0,0,0,0,0,0,0,0,0,0.0,1.0,565.0,539.5,-1020.0,-1020.0,552.25,-1020.0,7.007148742675781,-7.6207051277160645,0.0,0.0,0.0,0.0,700.0,700.0,800.0,900.0,700.0,850.0,135.0,0.0,0.0,25.5,0.0,160.0,0.0,300.0,400.0,960.0,160.5,1820.0,5.185184955596924,3.076923131942749,0.800000011920929,0.800000011920929,0.4000000059604645,0.6666666865348816,0.800000011920929,0.20000000298023224,0.0,0.3333333432674408,1.0,0.0,0.0,,,,,1.0,0.0,1.0,1.0,1.0,1.0,0.0,0.0,0.0,0.0,0.0,1.0
2130,3,1.0,1.0,1.0,0.0,1.4435284604856,1.1666666269302368,0.0,25000.0,45.0,0.0,37.58333206176758,0.0,0.0,0.0,1.0,0.0,3,3,3,4,0.0,0.0,1.0,0.0,0.0,0.0,0.0,0.0,0.0,0.0,0.0,0.0,0.0,0.0,0.0,0.0,3.0,0.0,8,8.0,1.0,1.0,5.0,5.0,5.0,5.0,5.5,5.0,1750.0,1,1,1,0,1,1,1,1,0,0,1,1,1,0,1,0,1,1,1,1,1,0,1,1,1,1,1,1,1,1,2.0,1.0,2000.0,14700.12109375,27250.0,27250.0,8350.060546875,27250.0,9.72317123413086,10.905956268310547,1.0,1.0,3.0,0.0,38000.0,38000.0,45000.0,45000.0,38000.0,45000.0,2125.0,4200.0,12999.900390625,3974.97998046875,0.0,2000.0,3600.0,9900.0,2250.0,0.0,23299.87890625,17750.0,17.882352828979492,18.0,0.800000011920929,0.6000000238418579,0.800000011920929,0.7333333492279053,0.800000011920929,0.800000011920929,1.0,0.8666666746139526,1.0,1.0,1.0,8.0,8.0,9.0,12.0,0.0,0.0,1.0,1.0,1.0,1.0,1.0,1.0,0.0,1.0,1.0,0.0
2131,3,1.0,1.0,0.0,1.0,1.6625939075345126,22.91666603088379,0.0,200.0,60.0,1.0,48.41666793823242,2.0,1.0,0.0,0.0,25.0,2,0,0,0,0.0,0.0,1.0,0.0,0.0,0.0,0.0,0.0,0.0,0.0,0.0,0.0,0.0,0.0,0.0,0.0,1.0,0.0,8,6.0,1.0,1.0,,,,,,,,1,1,1,1,0,1,0,0,1,1,0,1,1,1,1,0,0,0,0,1,1,1,0,1,0,1,1,0,0,0,0.0,1.0,1000.0,3197.080078125,4300.0,4300.0,2098.5400390625,4300.0,8.342144012451172,9.059517860412598,0.0,0.0,0.0,2.0,5000.0,11000.0,10000.0,10000.0,8000.0,10000.0,7437.5,0.0,110.41999816894531,255.0,0.0,4000.0,1000.0,500.0,200.0,0.0,7802.919921875,5700.0,1.0756303071975708,2.5,0.800000011920929,0.6000000238418579,0.800000011920929,0.7333333492279053,0.20000000298023224,0.6000000238418579,0.4000000059604645,0.4000000059604645,0.0,1.0,0.0,3.0,1.0,4.0,1.0,0.0,1.0,1.0,0.0,0.0,0.0,0.0,0.0,0.0,0.0,1.0,1.0
2141,3,1.0,1.0,0.0,0.0,,1.4166666269302368,1.0,15000.0,20.0,0.0,34.08333206176758,2.0,1.0,0.0,1.0,20.0,3,2,7,4,0.0,0.0,0.0,0.0,0.0,0.0,1.0,0.0,0.0,0.0,0.0,0.0,0.0,0.0,0.0,0.0,3.0,0.0,1,,0.0,0.0,,,,,,,,1,1,1,1,0,1,0,1,1,1,1,1,1,1,1,1,0,0,0,0,0,1,1,0,0,0,0,0,0,0,2.5,1.0,4000.0,3574.25,3500.0,3500.0,3787.125,3500.0,8.932509422302246,8.853665351867676,1.0,2.0,3.0,0.0,8000.0,8000.0,5000.0,17500.0,8000.0,11250.0,2550.0,1400.0,339.91998291015625,135.8300018310547,0.0,8000.0,500.0,5300.0,200.0,0.0,4425.75,14000.0,2.9878618717193604,1.40625,0.800000011920929,0.800000011920929,1.0,0.8666666746139526,0.20000000298023224,0.4000000059604645,0.0,0.20000000298023224,1.0,0.0,1.0,,,,,1.0,1.0,1.0,1.0,1.0,1.0,1.0,1.0,1.0,0.0,1.0,0.0
2142,3,1.0,1.0,0.0,1.0,4.813551270926916,3.5,0.0,25000.0,60.0,0.0,35.41666793823242,0.0,1.0,0.0,0.0,0.0,4,0,0,0,0.0,0.0,0.0,0.0,0.0,0.0,0.0,0.0,0.0,0.0,0.0,0.0,0.0,1.0,0.0,0.0,1.0,0.0,8,8.0,1.0,1.0,2.0,6.0,5.0,4.0,4.5,5.0,2250.0,0,0,0,0,0,0,1,0,1,0,1,1,1,0,1,0,1,0,0,0,0,0,0,0,0,0,0,0,0,0,2.0,1.0,10000.0,5315.16015625,1800.0,1800.0,7657.580078125,1800.0,9.636598587036133,8.188689231872559,2.0,0.0,0.0,1.0,17500.0,17500.0,7000.0,7000.0,17500.0,7000.0,2125.0,7550.0,2209.830078125,300.010009765625,0.0,2400.0,0.0,2300.0,500.0,0.0,12184.83984375,5200.0,7.527011394500732,2.9166667461395264,0.0,0.4000000059604645,0.800000011920929,0.4000000059604645,0.20000000298023224,0.0,0.0,0.06666667014360428,0.0,1.0,1.0,3.0,1.0,6.0,7.0,0.0,0.0,1.0,0.0,0.0,0.0,0.0,1.0,0.0,1.0,0.0,1.0
2143,3,1.0,1.0,0.0,1.0,6.919169323175516,25.5,0.0,11000.0,40.0,0.0,58.75,2.0,1.0,0.0,0.0,3.0,3,2,5,2,0.0,0.0,0.0,0.0,0.0,0.0,0.0,0.0,0.0,0.0,0.0,1.0,0.0,0.0,0.0,0.0,2.5,0.0,4,6.0,1.0,1.0,3.0,3.0,5.5,5.0,3.0,4.0,0.0,1,1,1,1,1,1,0,0,1,0,1,1,1,0,0,1,1,1,1,1,1,1,0,0,1,1,1,1,0,1,1.0,1.0,2600.0,3794.56005859375,1375.0,1375.0,3197.280029296875,1375.0,8.763202667236328,7.919356346130371,1.0,0.0,1.0,3.0,2700.0,7000.0,900.0,5600.0,4850.0,3250.0,0.0,1300.0,685.4400024414062,100.0,1120.0,230.0,3775.0,220.0,0.0,0.0,3205.43994140625,4225.0,7.607842922210693,9.285714149475098,1.0,0.4000000059604645,0.6000000238418579,0.6666666865348816,1.0,0.6000000238418579,0.800000011920929,0.800000011920929,1.0,0.0,1.0,5.0,4.0,7.0,11.0,0.0,1.0,1.0,1.0,1.0,1.0,1.0,1.0,0.0,0.0,0.0,1.0
2145,3,1.0,1.0,0.0,1.0,0.5589519445680783,0.3333333134651184,0.0,5000.0,56.0,0.0,26.91666603088379,1.0,1.0,0.0,1.0,0.0,5,1,2,1,0.0,0.0,0.0,0.0,0.0,0.0,0.0,0.0,0.0,0.0,0.0,1.0,0.0,0.0,0.0,0.0,5.0,0.0,9,6.0,1.0,1.0,4.5,5.0,6.5,6.0,6.5,5.0,750.0,1,1,1,1,1,1,0,0,0,1,1,1,1,1,1,0,0,0,0,0,0,0,0,0,0,1,0,0,0,0,6.0,1.0,8000.0,15505.029296875,7100.0,7100.0,11752.5146484375,7100.0,10.064970016479492,9.560997009277344,6.0,0.0,2.0,5.0,18500.0,34280.0,13000.0,14000.0,26390.0,13500.0,2000.0,13000.0,799.969970703125,2975.0,0.0,2000.0,3000.0,900.0,1000.0,0.0,18774.970703125,6900.0,11.995400428771973,6.4285712242126465,1.0,0.4000000059604645,1.0,0.800000011920929,0.0,0.0,0.20000000298023224,0.06666667014360428,0.0,1.0,1.0,9.0,1.0,10.0,13.0,0.0,0.0,1.0,1.0,0.0,1.0,1.0,1.0,0.0,1.0,1.0,0.0
2149,3,1.0,1.0,0.0,0.0,,7.25,0.0,1500.0,60.0,1.0,27.08333396911621,2.0,1.0,0.0,0.0,14.0,2,0,0,0,0.0,0.0,0.0,0.0,0.0,0.0,0.0,0.0,0.0,0.0,0.0,1.0,0.0,0.0,0.0,0.0,0.0,0.0,8,,0.0,0.0,,,,,,,,0,0,1,0,1,0,0,0,0,0,0,1,1,1,1,0,0,0,0,0,0,0,0,0,0,0,0,0,0,0,0.0,1.0,1600.0,2299.989990234375,-932.0,-932.0,1949.9949951171875,-932.0,8.268729209899902,-7.53048038482666,0.0,0.0,0.0,0.0,4500.0,3300.0,3000.0,2800.0,3900.0,2900.0,800.0,0.0,200.00999450683594,0.0,0.0,3212.0,0.0,500.0,20.0,0.0,1000.010009765625,3732.0,3.899960994720459,0.8499413728713989,0.4000000059604645,0.0,0.800000011920929,0.4000000059604645,0.0,0.0,0.0,0.0,0.0,1.0,0.0,,,,,1.0,1.0,1.0,0.0,0.0,0.0,0.0,0.0,0.0,0.0,0.0,1.0
2156,3,0.0,1.0,0.0,0.0,,0.25,1.0,0.0,40.0,0.0,41.91666793823242,1.0,1.0,0.0,0.0,0.0,2,3,7,7,1.0,0.0,0.0,0.0,0.0,0.0,0.0,0.0,0.0,0.0,0.0,0.0,0.0,0.0,0.0,0.0,10.0,0.0,1,,0.0,0.0,,,,,,,,,,,,,,,,,,,,,,,,,,,,,,,,,,,,,,0.0,1.0,0.0,-149.97999572753906,61200.0,61200.0,-74.98999786376953,61200.0,-5.0105462074279785,11.715049743652344,0.0,0.0,0.0,10.0,0.0,0.0,100000.0,110000.0,0.0,105000.0,0.0,0.0,0.0,149.97999572753906,0.0,21000.0,20000.0,7600.0,200.0,0.0,149.97999572753906,48800.0,15.121163368225098,4.6052632331848145,,,,,,,,,1.0,0.0,1.0,,,,,1.0,0.0,1.0,1.0,1.0,1.0,1.0,0.0,1.0,1.0,1.0,0.0
2163,3,1.0,1.0,0.0,0.0,,2.5,0.0,12000.0,48.0,1.0,31.41666603088379,2.0,1.0,0.0,1.0,0.0,4,0,0,0,0.0,0.0,0.0,0.0,0.0,0.0,0.0,0.0,0.0,0.0,0.0,1.0,0.0,0.0,0.0,0.0,1.0,0.0,8,,0.0,0.0,,,,,,,,1,0,1,1,1,1,0,0,1,1,0,1,1,1,1,0,0,0,0,1,0,0,1,1,0,1,1,0,0,0,1.0,1.0,5000.0,10800.01953125,1560.0,1560.0,7900.009765625,1560.0,9.667766571044922,8.045588493347168,1.0,0.0,1.0,0.0,35000.0,35000.0,13000.0,16000.0,35000.0,14500.0,10000.0,7000.0,6999.9697265625,200.00999450683594,0.0,8270.0,1200.0,2100.0,1370.0,1500.0,24199.98046875,14440.0,3.5,1.722090244293213,0.800000011920929,0.6000000238418579,0.800000011920929,0.7333333492279053,0.20000000298023224,0.4000000059604645,0.4000000059604645,0.3333333432674408,0.0,1.0,1.0,8.0,0.0,9.0,13.0,1.0,0.0,1.0,0.0,0.0,0.0,0.0,1.0,0.0,1.0,1.0,0.0
2176,3,1.0,1.0,1.0,0.0,0.6235699085407314,4.75,0.0,30000.0,70.0,1.0,30.16666603088379,0.0,1.0,0.0,1.0,0.0,4,0,0,0,0.0,0.0,0.0,0.0,0.0,0.0,0.0,0.0,0.0,0.0,0.0,1.0,0.0,0.0,0.0,0.0,3.0,0.0,11,7.0,1.0,1.0,3.5,2.0,7.0,6.0,6.5,7.0,,1,1,0,1,0,1,0,0,1,1,0,0,1,0,1,1,0,0,0,1,0,1,0,1,0,0,0,0,0,0,3.0,1.0,1500.0,8233.5302734375,1720.0,1720.0,4866.76513671875,1720.0,9.183331489562988,8.143226623535156,2.0,1.0,3.0,0.0,22000.0,22000.0,8000.0,6250.0,22000.0,7125.0,2500.0,6000.0,5038.97021484375,227.5,0.0,1500.0,700.0,2230.0,100.0,0.0,13766.4697265625,4530.0,8.800000190734863,4.75,0.6000000238418579,0.6000000238418579,0.4000000059604645,0.5333333611488342,0.4000000059604645,0.4000000059604645,0.0,0.2666666805744171,0.0,1.0,1.0,,,9.0,9.0,0.0,0.0,1.0,0.0,0.0,0.0,1.0,1.0,0.0,1.0,0.0,1.0
2185,3,1.0,1.0,1.0,0.0,2.480454920325411,7.916666507720947,1.0,1000.0,64.0,1.0,51.0,1.0,1.0,0.0,0.0,22.0,2,1,7,1,0.0,0.0,0.0,0.0,0.0,0.0,0.0,0.0,0.0,0.0,0.0,0.0,1.0,0.0,0.0,0.0,9.5,0.0,1,7.0,1.0,1.0,5.0,7.0,7.0,6.0,7.0,6.0,325.0,1,0,1,0,1,1,1,1,1,1,1,1,1,1,0,1,1,1,1,1,1,1,1,1,1,1,1,1,1,1,1.0,1.0,1500.0,1217.919921875,12294.0,12294.0,1358.9599609375,12294.0,7.907622337341309,10.110013961791992,1.0,0.0,2.0,15.0,4600.0,4600.0,15000.0,35000.0,4600.0,25000.0,104.4000015258789,1200.0,1394.580078125,683.0999755859375,0.0,10000.0,9600.0,2166.0,400.0,540.0,3382.080078125,22706.0,44.061302185058594,2.3809523582458496,0.6000000238418579,1.0,0.800000011920929,0.800000011920929,1.0,1.0,1.0,1.0,1.0,0.0,1.0,1.0,0.0,1.0,5.0,0.0,1.0,1.0,1.0,1.0,1.0,1.0,0.0,1.0,1.0,1.0,1.0
2191,3,1.0,1.0,1.0,0.0,0.8778088595956113,8.5,0.0,5000.0,84.0,0.0,26.33333396911621,4.0,1.0,0.0,1.0,20.0,2,0,0,0,0.0,0.0,0.0,0.0,0.0,0.0,0.0,0.0,0.0,0.0,0.0,0.0,0.0,0.0,1.0,0.0,4.0,0.0,3,8.0,1.0,1.0,4.5,5.0,7.0,4.0,7.0,7.0,325.0,0,1,1,1,1,1,0,0,1,0,0,1,1,1,1,1,1,0,1,0,0,0,0,0,0,1,0,0,0,0,4.0,1.0,3000.0,8022.6298828125,-300.0,-300.0,5511.31494140625,-300.0,9.307705879211426,-6.396932601928711,1.0,3.0,3.0,1.0,6600.0,11600.0,5000.0,10000.0,9100.0,7500.0,1800.0,1200.0,449.8699951171875,127.5,0.0,5150.0,2000.0,1450.0,1700.0,0.0,3577.3701171875,10300.0,4.666594982147217,1.3761467933654785,0.800000011920929,0.4000000059604645,0.800000011920929,0.6666666865348816,0.6000000238418579,0.0,0.20000000298023224,0.2666666805744171,0.0,0.0,1.0,1.0,0.0,9.0,2.0,0.0,1.0,1.0,0.0,0.0,0.0,1.0,1.0,0.0,0.0,0.0,1.0
2192,3,1.0,1.0,0.0,0.0,,1.9166667461395264,0.0,30000.0,48.0,0.0,46.0,4.0,1.0,0.0,1.0,30.0,2,0,0,0,0.0,0.0,0.0,0.0,0.0,0.0,0.0,1.0,0.0,0.0,0.0,0.0,0.0,0.0,0.0,0.0,1.5,0.0,13,,0.0,0.0,,,,,,,,1,1,1,0,1,1,0,0,0,1,0,1,1,0,0,1,0,0,0,1,0,0,0,0,1,0,0,0,0,0,3.0,1.0,20000.0,3984.98046875,2522.0,2522.0,11992.490234375,2522.0,10.085183143615723,8.525955200195312,3.0,0.0,1.0,1.0,40000.0,40000.0,20000.0,18600.0,40000.0,19300.0,18275.0,6900.0,9575.009765625,1265.010009765625,0.0,8498.0,3500.0,2080.0,2000.0,0.0,36015.01953125,16078.0,2.153430938720703,2.271122694015503,0.800000011920929,0.4000000059604645,0.4000000059604645,0.5333333611488342,0.4000000059604645,0.20000000298023224,0.0,0.20000000298023224,0.0,1.0,1.0,,,,,1.0,1.0,1.0,0.0,0.0,0.0,1.0,1.0,0.0,1.0,1.0,0.0
2197,3,1.0,1.0,1.0,0.0,9.649987495430418,2.9166667461395264,1.0,1000.0,30.0,0.0,42.75,0.0,1.0,0.0,1.0,0.0,2,4,7,2,0.0,0.0,0.0,0.0,0.0,0.0,1.0,0.0,0.0,0.0,0.0,0.0,0.0,0.0,0.0,0.0,1.0,0.0,1,7.0,1.0,1.0,,,7.0,6.0,5.5,5.0,2250.0,1,1,1,1,1,0,0,0,1,0,0,1,0,1,1,1,1,0,0,0,1,1,0,0,1,0,0,1,0,1,0.0,0.0,0.0,0.0,174.0,174.0,0.0,174.0,0.0,5.852210521697998,0.0,0.0,1.0,0.0,0.0,0.0,8000.0,8000.0,0.0,8000.0,0.0,0.0,0.0,0.0,0.0,3726.0,2000.0,1000.0,900.0,200.0,0.0,7826.0,15.121163368225098,1.893043041229248,1.0,0.20000000298023224,0.6000000238418579,0.6000000238418579,0.4000000059604645,0.6000000238418579,0.4000000059604645,0.46666666865348816,1.0,0.0,0.0,7.0,6.0,10.0,11.0,0.0,0.0,1.0,1.0,1.0,1.0,0.0,0.0,1.0,0.0,1.0,0.0
2199,3,1.0,1.0,0.0,1.0,0.5867553898931264,1.0833333730697632,0.0,19000.0,60.0,1.0,33.5,4.0,1.0,0.0,1.0,0.0,0,0,0,0,0.0,0.0,0.0,0.0,0.0,0.0,0.0,0.0,0.0,0.0,0.0,1.0,0.0,0.0,0.0,0.0,1.0,0.0,9,8.0,1.0,1.0,2.0,3.5,6.0,6.0,5.5,6.0,325.0,1,1,1,1,1,0,0,0,0,0,0,1,1,1,1,0,0,0,0,0,0,0,0,0,0,0,0,0,0,0,2.0,1.0,5500.0,3195.0,4800.0,4800.0,4347.5,4800.0,9.070503234863281,9.16951847076416,1.0,2.0,1.0,0.0,6000.0,10000.0,3000.0,6000.0,8000.0,4500.0,2550.0,2565.0,1095.0,595.0,0.0,500.0,0.0,500.0,200.0,0.0,6805.0,1200.0,3.1372549533843994,7.5,1.0,0.0,0.800000011920929,0.6000000238418579,0.0,0.0,0.0,0.0,0.0,1.0,0.0,5.0,5.0,9.0,12.0,0.0,0.0,0.0,0.0,0.0,0.0,0.0,1.0,0.0,1.0,0.0,0.0
2200,3,0.0,1.0,1.0,0.0,,1.75,0.0,2000.0,20.0,0.0,21.41666603088379,0.0,1.0,0.0,1.0,0.0,3,0,0,0,0.0,0.0,0.0,0.0,0.0,0.0,0.0,0.0,0.0,0.0,0.0,0.0,0.0,0.0,0.0,0.0,0.5,0.0,1,,0.0,0.0,,,,,,,,0,0,0,0,0,0,0,0,0,0,0,0,0,0,0,0,0,0,0,0,0,0,0,0,0,0,0,0,0,0,2.0,1.0,200.0,5454.31005859375,2812.0,2812.0,2827.155029296875,2812.0,8.640172958374023,8.634798049926758,0.0,4.0,0.0,1.0,9000.0,9000.0,1600.0,4000.0,9000.0,2800.0,550.0,1550.0,605.8800048828125,789.8300170898438,0.0,38.0,0.0,400.0,250.0,500.0,3545.68994140625,1188.0,16.363636016845703,73.68421173095703,0.0,0.0,0.0,0.0,0.0,0.0,0.0,0.0,0.0,0.0,0.0,,,,,0.0,0.0,1.0,0.0,0.0,0.0,0.0,0.0,0.0,0.0,0.0,0.0
2201,3,1.0,1.0,0.0,0.0,,1.9166667461395264,1.0,0.0,52.0,0.0,29.33333396911621,4.0,1.0,0.0,0.0,0.0,6,2,2,1,1.0,0.0,0.0,0.0,0.0,0.0,0.0,0.0,0.0,0.0,0.0,0.0,0.0,0.0,0.0,0.0,9.0,0.0,1,,0.0,0.0,,,,,,,,0,0,0,1,1,0,0,0,0,0,1,1,0,0,1,1,0,0,0,0,0,0,0,0,0,0,0,0,0,0,7.0,1.0,9300.0,13366.91015625,35000.0,35000.0,11333.455078125,35000.0,10.028661727905273,11.156250953674316,0.0,7.0,6.0,6.0,28500.0,28500.0,140000.0,120000.0,28500.0,130000.0,8500.0,4000.0,1145.5899658203125,1487.5,0.0,60000.0,20000.0,2000.0,3000.0,0.0,15133.08984375,85000.0,3.3529412746429443,2.25,0.4000000059604645,0.0,0.6000000238418579,0.3333333432674408,0.20000000298023224,0.0,0.0,0.06666667014360428,0.0,0.0,1.0,,,,,1.0,0.0,1.0,1.0,0.0,1.0,1.0,0.0,1.0,0.0,1.0,0.0
2207,3,1.0,1.0,1.0,0.0,0.5259514094656583,0.6666666865348816,0.0,10000.0,60.0,0.0,38.75,3.0,1.0,0.0,1.0,36.0,3,1,7,7,0.0,0.0,0.0,0.0,0.0,0.0,0.0,1.0,0.0,0.0,0.0,0.0,0.0,0.0,0.0,0.0,2.5,0.0,6,1.0,1.0,0.0,,,,,,,,1,1,1,1,1,0,0,0,1,0,0,1,1,1,1,0,0,0,0,1,0,0,1,0,0,0,0,0,0,0,2.0,1.0,13000.0,773.08984375,327.0,327.0,6886.544921875,327.0,9.530471801757812,6.483109474182129,2.0,0.0,2.0,1.0,30000.0,35400.0,42000.0,40200.0,32700.0,41100.0,25600.0,5100.0,1971.909912109375,1955.0,0.0,26773.0,7000.0,3000.0,3100.0,0.0,34626.91015625,39873.0,1.27734375,1.5351287126541138,1.0,0.20000000298023224,0.800000011920929,0.6666666865348816,0.20000000298023224,0.20000000298023224,0.0,0.13333334028720856,1.0,1.0,1.0,,,,,0.0,1.0,1.0,1.0,1.0,1.0,1.0,1.0,0.0,1.0,1.0,0.0
2208,3,1.0,1.0,1.0,0.0,1.256788171246544,3.75,0.0,15000.0,60.0,0.0,33.5,3.0,1.0,0.0,0.0,0.0,3,0,0,0,0.0,0.0,0.0,0.0,0.0,0.0,0.0,0.0,1.0,0.0,0.0,0.0,0.0,0.0,0.0,0.0,2.0,0.0,9,7.0,1.0,1.0,5.0,5.0,7.0,6.0,7.0,7.0,325.0,1,1,1,0,0,1,0,1,1,1,0,1,1,1,1,1,1,1,1,1,1,1,1,1,1,0,0,0,0,1,2.0,1.0,4000.0,3538.349609375,1050.0,1050.0,3769.1748046875,1050.0,8.92775821685791,7.649693012237549,2.0,0.0,2.0,0.0,15550.0,15000.0,5000.0,12000.0,15275.0,8500.0,5000.0,2975.0,1839.1500244140625,1147.5,500.0,5000.0,3000.0,1650.0,1300.0,0.0,11461.650390625,10950.0,2.9374942779541016,1.6504853963851929,0.6000000238418579,0.800000011920929,0.800000011920929,0.7333333492279053,1.0,1.0,0.20000000298023224,0.7333333492279053,0.0,1.0,1.0,1.0,0.0,6.0,3.0,0.0,0.0,1.0,0.0,0.0,0.0,1.0,1.0,0.0,0.0,1.0,1.0
2223,3,1.0,1.0,0.0,1.0,8.854932078956551,1.5,0.0,700.0,32.0,0.0,32.58333206176758,0.0,1.0,0.0,1.0,0.0,4,0,0,0,0.0,0.0,0.0,0.0,0.0,0.0,0.0,0.0,0.0,0.0,0.0,0.0,1.0,0.0,0.0,0.0,0.5,0.0,5,8.0,1.0,1.0,6.0,4.0,6.0,2.0,6.0,5.0,750.0,0,0,1,0,0,1,0,0,0,0,0,1,1,0,1,0,0,0,0,0,0,0,0,0,0,0,0,0,0,0,0.0,0.0,0.0,0.0,1348.0,1348.0,0.0,1348.0,0.0,7.899524688720703,0.0,0.0,0.0,1.0,0.0,0.0,1500.0,2110.0,0.0,1805.0,0.0,0.0,0.0,0.0,0.0,0.0,600.0,100.0,62.0,0.0,0.0,762.0,15.121163368225098,10.134669303894043,0.20000000298023224,0.20000000298023224,0.6000000238418579,0.3333333432674408,0.0,0.0,0.0,0.0,0.0,0.0,0.0,9.0,6.0,8.0,8.0,0.0,0.0,1.0,0.0,0.0,0.0,0.0,0.0,0.0,0.0,0.0,0.0
2237,3,1.0,1.0,1.0,0.0,18.44275560534973,3.5833332538604736,1.0,1000.0,45.0,1.0,37.5,2.0,1.0,0.0,1.0,17.0,3,5,3,2,0.0,0.0,0.0,1.0,0.0,0.0,0.0,0.0,0.0,0.0,0.0,0.0,0.0,0.0,0.0,0.0,2.0,0.0,1,7.0,1.0,1.0,5.0,3.5,7.0,7.0,7.0,7.0,1750.0,0,1,1,0,1,1,1,1,0,1,0,1,1,1,1,1,1,1,0,1,1,1,1,1,1,1,1,1,1,1,1.5,1.0,1300.0,1300.0,6430.0,6430.0,1300.0,6430.0,7.863266944885254,9.46187686920166,1.0,1.0,1.0,1.0,2500.0,2500.0,5000.0,10850.0,2500.0,7925.0,0.0,1200.0,0.0,0.0,0.0,1200.0,500.0,520.0,2200.0,0.0,1200.0,4420.0,15.121163368225098,5.870370388031006,0.6000000238418579,0.800000011920929,0.800000011920929,0.7333333492279053,0.800000011920929,1.0,1.0,0.9333333373069763,1.0,0.0,1.0,9.0,5.0,8.0,10.0,0.0,1.0,1.0,1.0,1.0,1.0,1.0,0.0,1.0,0.0,1.0,1.0
2251,3,1.0,1.0,0.0,0.0,,3.1666667461395264,1.0,10000.0,72.0,0.0,24.66666603088379,2.0,1.0,0.0,1.0,7.0,3,3,3,1,0.0,0.0,0.0,0.0,0.0,0.0,0.0,0.0,0.0,0.0,0.0,0.0,0.0,0.0,0.0,0.0,2.0,0.0,1,,0.0,0.0,,,,,,,,0,0,0,0,0,0,0,0,0,0,0,0,0,0,0,0,0,0,0,0,0,0,0,0,0,0,0,0,0,0,0.0,0.0,0.0,0.0,2150.0,2150.0,0.0,2150.0,0.0,8.36637020111084,0.0,0.0,2.0,0.0,0.0,0.0,8000.0,10000.0,0.0,9000.0,0.0,0.0,0.0,0.0,0.0,5000.0,500.0,1500.0,850.0,0.0,0.0,7850.0,15.121163368225098,1.7647058963775635,0.0,0.0,0.0,0.0,0.0,0.0,0.0,0.0,1.0,0.0,1.0,,,,,1.0,1.0,1.0,1.0,1.0,1.0,1.0,1.0,1.0,1.0,1.0,0.0
2254,3,1.0,1.0,0.0,0.0,,0.4166666865348816,0.0,40000.0,77.0,1.0,25.08333396911621,2.0,1.0,0.0,1.0,0.0,2,1,7,7,0.0,0.0,0.0,0.0,0.0,0.0,0.0,0.0,0.0,1.0,0.0,0.0,0.0,0.0,0.0,0.0,6.0,0.0,9,,0.0,0.0,,,,,,,,0,0,1,1,1,0,0,0,0,0,0,1,1,0,1,0,0,0,0,0,0,0,0,0,1,0,0,0,0,0,5.5,1.0,5000.0,21216.66015625,17320.0,17320.0,13108.330078125,17320.0,10.174150466918945,10.452764511108398,5.0,1.0,5.0,1.0,44800.0,42000.0,36400.0,36000.0,43400.0,36200.0,7437.5,9525.0,3255.58984375,565.25,0.0,10080.0,5000.0,3100.0,500.0,0.0,20783.33984375,18680.0,4.789758205413818,2.9240710735321045,0.6000000238418579,0.0,0.6000000238418579,0.4000000059604645,0.0,0.20000000298023224,0.0,0.06666667014360428,1.0,1.0,1.0,,,,,1.0,0.0,1.0,1.0,1.0,1.0,1.0,1.0,0.0,0.0,1.0,0.0
2255,3,1.0,1.0,0.0,0.0,,3.5,0.0,5000.0,52.0,0.0,31.08333396911621,4.0,1.0,0.0,1.0,15.0,3,6,4,2,0.0,0.0,0.0,0.0,0.0,0.0,0.0,0.0,0.0,0.0,0.0,1.0,0.0,0.0,0.0,0.0,4.0,0.0,1,,0.0,0.0,,,,,,,,1,0,1,0,0,0,1,0,0,0,0,1,1,0,0,1,0,0,0,0,0,0,0,0,0,0,0,0,0,0,0.5,1.0,1500.0,1159.06005859375,-875.0,-875.0,1329.530029296875,-875.0,7.885727882385254,-7.467371463775635,0.0,1.0,4.0,0.0,1000.0,2770.0,2000.0,3600.0,1885.0,2800.0,900.0,272.0,13.9399995803833,425.0,0.0,375.0,1200.0,1450.0,1450.0,0.0,1610.93994140625,4475.0,2.094444513320923,6.588235378265381,0.4000000059604645,0.20000000298023224,0.4000000059604645,0.3333333432674408,0.20000000298023224,0.0,0.0,0.06666667014360428,1.0,0.0,1.0,,,,,1.0,1.0,1.0,1.0,1.0,1.0,1.0,1.0,0.0,0.0,0.0,1.0
2271,3,1.0,1.0,0.0,1.0,5.093197220495637,3.5,1.0,10000.0,45.0,0.0,27.16666603088379,3.0,1.0,0.0,1.0,0.0,3,2,7,7,0.0,0.0,0.0,0.0,0.0,0.0,0.0,0.0,0.0,0.0,0.0,0.0,0.0,0.0,0.0,0.0,3.0,1.0,12,7.0,1.0,1.0,,,7.0,6.0,6.5,5.0,325.0,0,0,0,0,0,0,0,0,0,0,0,0,0,0,0,0,0,0,0,0,0,0,0,0,0,0,0,0,0,0,2.5,1.0,3000.0,14202.7001953125,4300.0,4300.0,8601.349609375,4300.0,9.752821922302246,9.059517860412598,2.0,1.0,1.0,3.0,25000.0,25000.0,7000.0,12000.0,25000.0,9500.0,500.0,6000.0,2850.0,1447.2999267578125,0.0,500.0,3000.0,2700.0,1500.0,0.0,10797.2998046875,7700.0,35.713775634765625,19.0,0.0,0.0,0.0,0.0,0.0,0.0,0.0,0.0,1.0,1.0,1.0,8.0,7.0,,,0.0,0.0,1.0,1.0,1.0,1.0,1.0,1.0,1.0,1.0,1.0,1.0
2272,3,1.0,1.0,0.0,0.0,,5.666666507720947,0.0,5000.0,70.0,1.0,26.58333396911621,5.0,1.0,0.0,0.0,20.0,3,0,0,0,0.0,0.0,0.0,0.0,0.0,0.0,0.0,0.0,0.0,0.0,0.0,1.0,0.0,0.0,0.0,0.0,2.0,0.0,9,,0.0,0.0,,,,,,,,1,1,1,1,0,1,0,0,1,1,0,1,1,1,0,0,0,0,1,0,0,0,0,0,0,0,0,0,0,0,2.0,1.0,700.0,649.22021484375,-765.0,-765.0,674.610107421875,-765.0,7.207282543182373,-7.333023548126221,1.0,2.0,2.0,0.0,4000.0,5000.0,4000.0,5500.0,4500.0,4750.0,1814.0,1000.0,1400.010009765625,136.76998901367188,0.0,1575.0,2000.0,1450.0,1240.0,0.0,4350.77978515625,6265.0,2.2343482971191406,2.769679307937622,0.800000011920929,0.6000000238418579,0.6000000238418579,0.6666666865348816,0.20000000298023224,0.0,0.0,0.06666667014360428,0.0,1.0,1.0,,,,,1.0,1.0,1.0,0.0,0.0,0.0,1.0,1.0,0.0,1.0,0.0,1.0
2273,3,1.0,1.0,1.0,0.0,0.5942334152761249,2.1666667461395264,0.0,0.0,50.0,0.0,28.91666603088379,1.0,1.0,0.0,1.0,0.0,2,1,3,3,0.0,0.0,0.0,0.0,0.0,0.0,1.0,0.0,0.0,0.0,0.0,0.0,0.0,0.0,0.0,0.0,1.0,0.0,9,1.0,1.0,0.0,,,,,,,,0,0,0,0,0,0,0,0,0,0,0,0,1,0,0,0,0,0,0,0,0,0,0,0,0,0,0,0,0,0,0.0,1.0,600.0,1013.02001953125,1169.0,1169.0,806.510009765625,1169.0,7.385863780975342,7.757051467895508,0.0,0.0,1.0,0.0,1000.0,1637.5,2900.0,2100.0,1318.75,2500.0,262.0,0.0,149.97999572753906,212.5,0.0,626.0,50.0,150.0,105.0,0.0,624.47998046875,931.0,3.201004981994629,3.221649408340454,0.0,0.0,0.20000000298023224,0.06666667014360428,0.0,0.0,0.0,0.0,1.0,1.0,0.0,,,,,0.0,0.0,1.0,1.0,1.0,1.0,0.0,0.0,0.0,0.0,0.0,0.0
2274,3,1.0,1.0,0.0,1.0,0.5708564501852464,6.916666507720947,0.0,20000.0,56.0,0.0,35.25,4.0,1.0,0.0,0.0,0.0,4,1,1,2,0.0,0.0,0.0,0.0,0.0,0.0,0.0,0.0,0.0,0.0,0.0,1.0,0.0,0.0,0.0,0.0,4.0,0.0,9,7.0,1.0,1.0,5.0,6.0,7.0,6.0,7.0,7.0,325.0,1,1,1,1,0,1,0,0,1,1,1,1,1,1,1,0,1,1,1,1,1,0,0,0,0,1,1,0,0,0,2.0,1.0,5000.0,3252.599609375,4640.0,4640.0,4126.2998046875,4640.0,9.01828384399414,9.13561725616455,2.0,0.0,4.0,0.0,14725.0,13000.0,15000.0,10000.0,13862.5,12500.0,4000.0,3150.0,709.9299926757812,1887.469970703125,0.0,1200.0,2400.0,460.0,1300.0,0.0,9747.400390625,5360.0,3.3005874156951904,8.928571701049805,0.800000011920929,0.6000000238418579,1.0,0.800000011920929,0.800000011920929,0.20000000298023224,0.4000000059604645,0.46666666865348816,0.0,1.0,1.0,6.0,6.0,8.0,4.0,0.0,0.0,1.0,1.0,0.0,1.0,1.0,1.0,0.0,0.0,1.0,1.0
2280,3,1.0,1.0,0.0,1.0,15.952648033076812,1.3333333730697632,1.0,35000.0,40.0,0.0,39.16666793823242,4.0,1.0,0.0,1.0,3.0,9,3,4,1,0.0,0.0,0.0,0.0,1.0,0.0,0.0,0.0,0.0,0.0,0.0,0.0,0.0,0.0,0.0,0.0,1.0,0.0,13,6.0,1.0,1.0,3.5,4.0,7.0,3.0,7.0,7.0,,1,1,1,0,1,1,0,1,0,1,1,1,1,1,1,1,0,0,0,1,0,0,0,0,0,0,0,0,0,0,4.0,1.0,5500.0,5659.7998046875,6250.0,6250.0,5579.89990234375,6250.0,9.320073127746582,9.433484077453613,3.0,1.0,0.0,1.0,12500.0,18200.0,7500.0,28750.0,15350.0,18125.0,7650.0,3750.0,626.8399658203125,513.3599853515625,0.0,6000.0,4000.0,8200.0,3600.0,700.0,12540.2001953125,22500.0,1.9679538011550903,2.5892856121063232,0.800000011920929,0.6000000238418579,1.0,0.800000011920929,0.4000000059604645,0.0,0.0,0.13333334028720856,1.0,1.0,1.0,6.0,4.0,7.0,11.0,0.0,1.0,1.0,1.0,1.0,1.0,0.0,1.0,1.0,1.0,1.0,0.0
2300,3,1.0,1.0,0.0,1.0,9.36830513584499,5.25,1.0,5000.0,40.0,0.0,30.08333396911621,1.0,1.0,0.0,1.0,0.0,3,3,4,2,0.0,1.0,0.0,0.0,0.0,0.0,0.0,0.0,0.0,0.0,0.0,0.0,0.0,0.0,0.0,0.0,7.5,0.0,1,7.0,1.0,1.0,3.0,2.0,7.0,7.0,6.0,6.0,75.0,1,0,1,1,1,1,1,1,1,1,1,1,1,1,1,0,0,0,0,0,0,0,0,1,1,1,1,1,1,1,8.0,1.0,0.0,26000.0,18100.0,18100.0,13000.0,18100.0,10.165851593017578,10.496814727783203,0.0,8.0,0.0,15.0,65000.0,65000.0,119000.0,50000.0,65000.0,84500.0,39000.0,0.0,0.0,0.0,0.0,900.0,20250.0,7500.0,750.0,2500.0,39000.0,31900.0,1.6666666269302368,93.88888549804688,0.800000011920929,1.0,1.0,0.9333333373069763,0.0,0.4000000059604645,1.0,0.46666666865348816,1.0,0.0,1.0,,,7.0,5.0,0.0,0.0,1.0,1.0,1.0,1.0,1.0,1.0,1.0,0.0,1.0,1.0
2303,3,1.0,1.0,1.0,0.0,0.5205526505529559,2.9166667461395264,0.0,1000.0,67.0,0.0,34.16666793823242,10.0,1.0,0.0,1.0,5.0,2,1,7,4,0.0,0.0,0.0,0.0,0.0,0.0,0.0,0.0,0.0,0.0,0.0,0.0,0.0,0.0,1.0,0.0,0.5,0.0,9,1.0,1.0,0.0,,,,,,,,1,1,1,0,0,1,0,0,0,0,0,1,1,1,0,0,0,0,0,0,0,0,0,1,1,0,0,0,0,0,1.0,1.0,4000.0,2552.52001953125,530.0,530.0,3276.260009765625,530.0,8.787605285644531,6.966024875640869,1.0,0.0,0.0,1.0,9530.0,9530.0,4000.0,4000.0,9530.0,4000.0,1700.0,2125.0,2514.97998046875,637.5,0.0,1200.0,800.0,1050.0,420.0,0.0,6977.47998046875,3470.0,5.445776462554932,3.200000047683716,0.6000000238418579,0.20000000298023224,0.6000000238418579,0.46666669845581055,0.0,0.4000000059604645,0.0,0.13333334028720856,1.0,1.0,0.0,,,,,0.0,1.0,1.0,1.0,1.0,1.0,0.0,0.0,0.0,1.0,0.0,0.0
2304,3,0.0,1.0,1.0,0.0,,6.833333492279053,0.0,200.0,54.0,1.0,45.58333206176758,2.0,1.0,0.0,0.0,15.0,2,0,0,0,0.0,0.0,1.0,0.0,0.0,0.0,0.0,0.0,0.0,0.0,0.0,0.0,0.0,0.0,0.0,0.0,0.0,0.0,8,,0.0,0.0,,,,,,,,1,1,1,1,0,1,0,0,0,1,0,1,1,1,1,0,0,0,0,0,0,0,0,1,0,0,0,0,0,0,0.0,1.0,500.0,2198.760009765625,-2514.0,-2514.0,1349.3800048828125,-2514.0,7.900547981262207,-8.522777557373047,0.0,0.0,0.0,0.0,1200.0,3500.0,2000.0,2000.0,2350.0,2000.0,900.0,0.0,243.27000427246094,157.97000122070312,0.0,514.0,0.0,1500.0,500.0,2000.0,1301.239990234375,4514.0,2.6111111640930176,2.4570024013519287,0.800000011920929,0.4000000059604645,0.800000011920929,0.6666666865348816,0.0,0.20000000298023224,0.0,0.06666667014360428,0.0,1.0,0.0,,,,,0.0,1.0,1.0,0.0,0.0,0.0,0.0,0.0,0.0,0.0,0.0,1.0
2312,3,1.0,1.0,0.0,1.0,3.4782600554351855,2.8333332538604736,1.0,1500.0,84.0,0.0,27.83333396911621,1.0,1.0,0.0,1.0,7.0,3,3,1,1,0.0,0.0,0.0,0.0,0.0,0.0,0.0,0.0,0.0,0.0,0.0,0.0,0.0,0.0,0.0,0.0,0.0,0.0,12,6.0,1.0,1.0,4.0,5.0,6.0,6.0,5.5,5.0,325.0,1,1,1,1,0,1,1,0,1,1,0,0,1,1,1,1,0,0,0,1,1,1,1,1,1,0,0,0,1,0,0.0,1.0,12000.0,11809.919921875,14370.0,14370.0,11904.9599609375,14370.0,10.077857971191406,10.266045570373535,0.0,0.0,0.0,0.0,12300.0,12300.0,5000.0,19500.0,12300.0,12250.0,450.0,0.0,24.100000381469727,15.979999542236328,0.0,4020.0,0.0,360.0,750.0,0.0,490.0799865722656,5130.0,27.33333396911621,3.0472636222839355,0.800000011920929,0.800000011920929,0.6000000238418579,0.7333333492279053,0.4000000059604645,1.0,0.20000000298023224,0.5333333611488342,1.0,1.0,0.0,,,9.0,3.0,0.0,1.0,1.0,1.0,0.0,1.0,0.0,0.0,1.0,0.0,1.0,0.0
2319,3,1.0,1.0,0.0,0.0,,6.75,1.0,15000.0,45.0,1.0,67.41666412353516,0.0,1.0,0.0,0.0,35.0,3,2,2,1,0.0,0.0,0.0,0.0,0.0,0.0,0.0,0.0,0.0,1.0,0.0,0.0,0.0,0.0,0.0,0.0,2.0,0.0,1,,0.0,0.0,,,,,,,,1,1,0,0,1,0,0,0,0,0,0,0,1,1,1,1,0,0,0,0,0,0,0,0,0,0,0,0,0,0,0.0,1.0,0.0,0.0,415.0,415.0,0.0,415.0,0.0,6.721426963806152,0.0,0.0,0.0,2.0,0.0,0.0,600.0,2400.0,0.0,1500.0,0.0,0.0,0.0,0.0,0.0,500.0,150.0,250.0,1085.0,0.0,0.0,1985.0,15.121163368225098,2.5,0.6000000238418579,0.0,0.6000000238418579,0.4000000059604645,0.20000000298023224,0.0,0.0,0.06666667014360428,1.0,0.0,1.0,,,,,1.0,1.0,1.0,1.0,0.0,1.0,1.0,1.0,1.0,0.0,0.0,1.0
2320,3,1.0,1.0,0.0,1.0,6.568692049467425,7.916666507720947,1.0,9000.0,46.0,0.0,40.41666793823242,4.0,1.0,0.0,1.0,0.0,0,0,0,0,1.0,0.0,0.0,0.0,0.0,0.0,0.0,0.0,0.0,0.0,0.0,0.0,0.0,0.0,0.0,0.0,8.0,0.0,3,6.0,1.0,1.0,4.0,4.0,5.5,3.0,6.5,7.0,0.0,1,1,1,1,0,1,1,0,0,0,0,1,1,1,1,1,1,1,1,1,1,1,0,1,1,1,1,1,1,1,25.0,1.0,100000.0,108495.390625,167.0,167.0,104247.6953125,167.0,13.73021411895752,5.811150074005127,18.0,7.0,8.0,0.0,289000.0,323000.0,54000.0,150000.0,306000.0,102000.0,272000.0,127260.0,5999.93994140625,5299.9599609375,0.0,133333.0,30000.0,30000.0,6500.0,0.0,234896.609375,129545.0,1.8360294103622437,0.7921014428138733,0.800000011920929,0.4000000059604645,0.800000011920929,0.6666666865348816,1.0,0.800000011920929,1.0,0.9333333373069763,0.0,0.0,1.0,1.0,1.0,3.0,5.0,0.0,0.0,0.0,0.0,0.0,0.0,1.0,1.0,1.0,0.0,1.0,1.0
2325,3,1.0,1.0,1.0,0.0,0.6007066938113006,2.5,0.0,4000.0,54.0,0.0,29.16666603088379,1.0,1.0,0.0,1.0,26.0,6,0,0,0,0.0,0.0,0.0,0.0,0.0,0.0,0.0,0.0,0.0,0.0,0.0,1.0,0.0,0.0,0.0,0.0,3.0,0.0,8,1.0,1.0,0.0,4.5,4.0,,,,,,1,0,1,1,1,1,0,0,0,1,1,1,1,1,1,0,0,0,0,1,0,1,1,1,0,0,0,0,0,0,3.0,1.0,4000.0,4910.009765625,-3500.0,-3500.0,4455.0048828125,-3500.0,9.094930648803711,-8.853665351867676,3.0,0.0,3.0,0.0,10000.0,10000.0,30000.0,18400.0,10000.0,24200.0,2125.0,1440.0,1524.989990234375,0.0,0.0,4000.0,12000.0,2700.0,3200.0,0.0,5089.990234375,21900.0,4.705882549285889,5.761904716491699,0.800000011920929,0.4000000059604645,1.0,0.7333333492279053,0.20000000298023224,0.6000000238418579,0.0,0.2666666805744171,0.0,1.0,1.0,11.0,2.0,,,0.0,1.0,1.0,0.0,0.0,0.0,1.0,1.0,0.0,1.0,1.0,0.0
2329,3,1.0,1.0,0.0,1.0,1.5820781574636988,17.91666603088379,0.0,1000.0,77.0,0.0,50.91666793823242,2.0,1.0,0.0,0.0,0.0,3,0,0,0,0.0,0.0,1.0,0.0,0.0,0.0,0.0,0.0,0.0,0.0,0.0,0.0,0.0,0.0,0.0,0.0,1.0,0.0,8,7.0,1.0,1.0,5.5,6.0,5.5,3.0,5.0,5.0,325.0,1,0,1,0,0,1,0,0,0,1,0,1,0,1,1,0,0,0,0,0,0,0,0,1,0,0,0,0,0,0,1.0,1.0,500.0,615.0,1070.0,1070.0,557.5,1070.0,7.016610622406006,7.6685614585876465,0.0,1.0,1.0,0.0,700.0,700.0,1500.0,1800.0,700.0,1650.0,0.0,0.0,0.0,85.0,0.0,350.0,50.0,100.0,110.0,120.0,85.0,730.0,15.121163368225098,4.02439022064209,0.4000000059604645,0.4000000059604645,0.6000000238418579,0.46666666865348816,0.0,0.20000000298023224,0.0,0.06666667014360428,0.0,1.0,0.0,,,5.0,4.0,0.0,0.0,1.0,0.0,0.0,0.0,0.0,0.0,0.0,0.0,0.0,1.0
2338,3,1.0,1.0,0.0,1.0,8.048384680957536,7.916666507720947,1.0,5000.0,60.0,0.0,38.5,0.0,1.0,0.0,1.0,0.0,4,0,0,0,0.0,0.0,0.0,0.0,0.0,0.0,0.0,0.0,0.0,0.0,0.0,0.0,0.0,0.0,1.0,0.0,0.0,0.0,8,8.0,1.0,1.0,4.0,5.0,6.5,4.0,6.0,7.0,1250.0,1,1,1,1,1,1,1,1,1,1,1,1,1,1,0,1,0,0,0,0,0,0,0,0,0,1,1,1,1,0,0.0,1.0,6000.0,6764.169921875,2950.0,2950.0,6382.0849609375,2950.0,9.454397201538086,8.682707786560059,0.0,0.0,0.0,0.0,11017.0,11017.0,5000.0,8500.0,11017.0,6750.0,2125.0,0.0,1834.75,293.0799865722656,0.0,900.0,0.0,3250.0,1400.0,0.0,4252.830078125,5550.0,5.1844706535339355,5.400000095367432,1.0,1.0,0.800000011920929,0.9333333373069763,0.20000000298023224,0.0,0.800000011920929,0.3333333432674408,0.0,1.0,1.0,5.0,6.0,6.0,10.0,0.0,0.0,1.0,0.0,0.0,0.0,0.0,1.0,1.0,1.0,0.0,1.0
2352,3,1.0,1.0,1.0,0.0,6.043544885555921,1.5833332538604736,0.0,10000.0,76.0,0.0,22.25,0.0,1.0,0.0,1.0,2.0,4,0,0,0,0.0,0.0,0.0,0.0,0.0,0.0,0.0,0.0,0.0,0.0,0.0,0.0,0.0,0.0,0.0,0.0,0.0,0.0,1,6.0,1.0,1.0,5.0,5.0,5.5,4.0,6.0,5.0,1750.0,0,0,0,0,0,0,0,0,0,0,0,0,0,0,0,0,0,0,0,0,0,0,0,0,0,0,0,0,0,0,0.0,0.0,0.0,0.0,2866.0,2866.0,0.0,2866.0,0.0,8.653820037841797,0.0,0.0,0.0,0.0,0.0,0.0,10000.0,5500.0,0.0,7750.0,0.0,0.0,0.0,0.0,0.0,150.0,0.0,2025.0,459.0,0.0,0.0,2634.0,15.121163368225098,10.333333015441895,0.0,0.0,0.0,0.0,0.0,0.0,0.0,0.0,0.0,0.0,1.0,9.0,0.0,11.0,3.0,0.0,1.0,1.0,0.0,0.0,0.0,0.0,1.0,0.0,1.0,1.0,0.0
2357,3,1.0,1.0,0.0,1.0,1.4817768335490022,0.16666670143604279,0.0,15000.0,86.0,1.0,28.58333396911621,1.0,1.0,0.0,1.0,0.0,2,12,4,4,0.0,0.0,0.0,0.0,0.0,0.0,0.0,0.0,0.0,0.0,0.0,1.0,0.0,0.0,0.0,0.0,1.0,0.0,8,7.0,1.0,1.0,3.5,2.0,7.0,5.0,7.0,5.0,325.0,1,1,1,0,1,1,1,1,0,1,0,1,1,1,1,0,0,0,0,0,0,0,1,0,0,0,0,0,0,0,0.0,0.0,0.0,0.0,3000.0,3000.0,0.0,3000.0,0.0,8.699514389038086,0.0,0.0,1.0,0.0,0.0,0.0,4000.0,6000.0,0.0,5000.0,0.0,0.0,0.0,0.0,0.0,500.0,1200.0,1200.0,100.0,0.0,0.0,3000.0,15.121163368225098,7.142857074737549,0.800000011920929,0.800000011920929,0.800000011920929,0.800000011920929,0.0,0.20000000298023224,0.0,0.06666667014360428,1.0,1.0,0.0,11.0,8.0,3.0,7.0,0.0,0.0,1.0,1.0,1.0,1.0,0.0,1.0,0.0,1.0,0.0,0.0
2361,3,1.0,1.0,1.0,0.0,1.1624477765367214,3.5833332538604736,0.0,8000.0,40.0,1.0,32.91666793823242,4.0,1.0,0.0,0.0,0.0,0,0,0,0,0.0,0.0,0.0,0.0,0.0,0.0,0.0,1.0,0.0,0.0,0.0,0.0,0.0,0.0,0.0,0.0,1.0,0.0,1,6.0,1.0,1.0,,5.5,6.0,6.0,4.5,5.0,,0,0,0,0,0,0,0,0,0,0,0,0,0,0,0,0,0,0,0,0,0,0,0,0,0,0,0,0,0,0,0.0,0.0,0.0,0.0,1685.0,1685.0,0.0,1685.0,0.0,8.122668266296387,0.0,0.0,1.0,0.0,0.0,0.0,2500.0,2500.0,0.0,2500.0,0.0,0.0,0.0,0.0,0.0,500.0,315.0,0.0,0.0,0.0,0.0,815.0,15.121163368225098,5.0,0.0,0.0,0.0,0.0,0.0,0.0,0.0,0.0,0.0,0.0,0.0,8.0,4.0,11.0,14.0,0.0,0.0,0.0,0.0,0.0,0.0,0.0,1.0,0.0,0.0,0.0,1.0
2365,3,1.0,1.0,0.0,1.0,,1.5,0.0,1200.0,54.0,0.0,32.91666793823242,2.0,1.0,0.0,0.0,20.0,2,1,2,1,0.0,0.0,0.0,0.0,1.0,0.0,0.0,0.0,0.0,0.0,0.0,0.0,0.0,0.0,0.0,0.0,1.0,0.0,8,,0.0,0.0,,,,,,,,1,1,0,0,1,1,0,1,0,1,0,1,1,1,1,1,0,1,0,1,1,1,0,1,0,0,0,1,1,1,1.0,1.0,1500.0,2916.7998046875,5350.0,5350.0,2208.39990234375,5350.0,8.393170356750488,9.277998924255371,0.0,1.0,1.0,0.0,8650.0,8650.0,2000.0,8000.0,8650.0,5000.0,4099.97998046875,1200.0,309.9700012207031,123.25,0.0,1500.0,400.0,550.0,200.0,0.0,5733.2001953125,2650.0,2.0793519020080566,3.125,0.6000000238418579,0.6000000238418579,0.800000011920929,0.6666666865348816,0.6000000238418579,0.6000000238418579,0.6000000238418579,0.6000000238418579,1.0,1.0,0.0,,,,,0.0,1.0,1.0,1.0,0.0,1.0,0.0,0.0,0.0,1.0,0.0,0.0
2366,3,1.0,1.0,0.0,0.0,,0.6666666865348816,0.0,800.0,45.0,1.0,44.91666793823242,2.0,1.0,0.0,0.0,21.0,2,1,3,3,0.0,0.0,0.0,0.0,0.0,0.0,1.0,0.0,0.0,0.0,0.0,0.0,0.0,0.0,0.0,0.0,2.0,0.0,1,,0.0,0.0,,,,,,,,1,0,1,0,1,1,0,0,1,0,1,1,1,1,1,0,0,1,1,0,0,0,0,0,1,0,0,0,0,0,1.0,1.0,0.0,170.0699462890625,710.0,710.0,85.03497314453125,710.0,5.136244297027588,7.258412837982178,0.0,1.0,1.0,2.0,1100.0,1400.0,4000.0,5000.0,1250.0,4500.0,700.0,0.0,249.94000244140625,9.989999771118164,270.0,1200.0,200.0,1900.0,720.0,270.0,1229.9300537109375,4290.0,1.4706228971481323,2.8125,0.6000000238418579,0.4000000059604645,1.0,0.6666666865348816,0.4000000059604645,0.20000000298023224,0.0,0.20000000298023224,1.0,0.0,0.0,,,,,1.0,1.0,1.0,1.0,1.0,1.0,1.0,0.0,0.0,0.0,0.0,0.0
2370,3,1.0,1.0,0.0,0.0,,6.75,0.0,200.0,60.0,0.0,26.58333396911621,4.0,1.0,0.0,1.0,0.0,4,0,0,0,0.0,0.0,0.0,0.0,0.0,0.0,0.0,0.0,0.0,0.0,0.0,1.0,0.0,0.0,0.0,0.0,4.0,0.0,9,,0.0,0.0,,,,,,,,1,0,1,1,1,1,0,0,1,1,1,1,1,1,1,0,0,0,0,0,0,0,0,0,0,0,0,0,0,0,3.0,1.0,1500.0,4399.75,3050.0,3050.0,2949.875,3050.0,8.68266487121582,8.716044425964355,1.0,2.0,3.0,2.0,8000.0,12000.0,8000.0,9800.0,10000.0,8900.0,2200.0,3800.0,1600.25,0.0,0.0,1200.0,3000.0,800.0,750.0,1000.0,7600.25,6750.0,3.2256920337677,6.357142925262451,0.800000011920929,0.6000000238418579,1.0,0.800000011920929,0.0,0.0,0.0,0.0,0.0,1.0,1.0,,,,,1.0,0.0,1.0,0.0,0.0,0.0,1.0,0.0,0.0,1.0,1.0,1.0
2375,3,1.0,1.0,0.0,0.0,,0.25,0.0,4999.0,17.0,0.0,29.91666603088379,3.0,1.0,0.0,1.0,25.0,3,1,7,7,0.0,0.0,0.0,0.0,0.0,0.0,0.0,0.0,0.0,0.0,0.0,0.0,0.0,0.0,0.0,0.0,6.0,0.0,4,,0.0,0.0,,,,,,,,1,0,0,0,1,1,1,0,0,0,0,0,1,0,0,1,0,0,0,0,0,0,0,1,0,0,0,0,0,0,0.5,1.0,3000.0,1146.27001953125,1244.0,1244.0,2073.135009765625,1244.0,8.329964637756348,7.819234848022461,0.0,1.0,4.0,2.0,5600.0,5600.0,2000.0,4000.0,5600.0,3000.0,2762.5,500.0,49.97999954223633,1141.25,0.0,597.0,800.0,550.0,809.0,0.0,4453.72998046875,2756.0,1.991125226020813,3.764115333557129,0.4000000059604645,0.4000000059604645,0.20000000298023224,0.3333333432674408,0.20000000298023224,0.20000000298023224,0.0,0.13333334028720856,1.0,0.0,0.0,,,,,1.0,1.0,1.0,1.0,1.0,1.0,1.0,1.0,0.0,0.0,0.0,0.0
2377,3,1.0,1.0,0.0,1.0,6.255949411005724,0.25,0.0,500.0,84.0,1.0,32.0,3.0,1.0,0.0,1.0,0.0,2,0,0,0,0.0,0.0,0.0,0.0,0.0,0.0,0.0,0.0,0.0,1.0,0.0,0.0,0.0,0.0,0.0,0.0,0.0,0.0,1,6.0,1.0,1.0,5.0,5.0,6.5,6.0,5.5,3.0,,0,0,0,0,0,0,0,0,0,0,0,0,0,0,0,0,0,0,0,0,0,0,0,0,0,0,0,0,0,0,0.0,0.0,0.0,0.0,902.0,902.0,0.0,902.0,0.0,7.497762203216553,0.0,0.0,0.0,0.0,0.0,0.0,1500.0,1500.0,0.0,1500.0,0.0,0.0,0.0,0.0,0.0,0.0,0.0,460.0,138.0,0.0,0.0,598.0,15.121163368225098,6.0,0.0,0.0,0.0,0.0,0.0,0.0,0.0,0.0,0.0,0.0,0.0,11.0,5.0,8.0,7.0,0.0,0.0,1.0,0.0,0.0,0.0,0.0,0.0,0.0,0.0,0.0,0.0
2379,3,1.0,1.0,1.0,0.0,2.12497337161719,8.75,1.0,50000.0,55.0,0.0,40.58333206176758,2.0,1.0,0.0,1.0,1.0,2,3,7,2,0.0,0.0,0.0,0.0,0.0,1.0,0.0,0.0,0.0,0.0,0.0,0.0,0.0,0.0,0.0,0.0,5.0,0.0,13,7.0,1.0,1.0,5.0,5.0,7.0,7.0,7.0,7.0,1250.0,1,0,0,0,0,0,1,0,0,0,1,1,0,0,1,1,1,0,1,1,1,0,1,0,0,0,0,0,0,1,3.5,1.0,2500.0,2343.5,4310.0,4310.0,2421.75,4310.0,8.485392570495605,9.061840057373047,2.0,2.0,4.0,2.0,6600.0,7200.0,50000.0,16800.0,6900.0,33400.0,0.0,2160.0,1785.0,911.5,0.0,0.0,7500.0,1300.0,690.0,3000.0,4856.5,12490.0,15.121163368225098,111.12698364257812,0.20000000298023224,0.20000000298023224,0.6000000238418579,0.3333333432674408,0.800000011920929,0.4000000059604645,0.20000000298023224,0.46666666865348816,1.0,1.0,1.0,2.0,0.0,8.0,5.0,0.0,1.0,1.0,1.0,1.0,1.0,1.0,1.0,1.0,1.0,1.0,1.0
2380,3,1.0,1.0,0.0,0.0,,9.333333015441895,0.0,500.0,70.0,1.0,36.75,2.0,1.0,0.0,0.0,0.0,2,0,0,0,0.0,0.0,0.0,0.0,0.0,0.0,0.0,0.0,0.0,1.0,0.0,0.0,0.0,0.0,0.0,0.0,2.0,0.0,8,,0.0,0.0,,,,,,,,1,1,1,1,0,1,0,0,0,0,0,1,0,0,1,1,0,0,0,0,0,0,0,0,0,0,0,0,0,0,2.0,1.0,7000.0,4263.51953125,-1100.0,-1100.0,5631.759765625,-1100.0,9.329324722290039,-7.6962127685546875,1.0,1.0,2.0,0.0,13388.0,13387.0,4000.0,8000.0,13387.5,6000.0,6375.0,1912.5,835.97998046875,0.0,0.0,6000.0,1200.0,800.0,1100.0,0.0,9123.48046875,9100.0,1.9483411312103271,0.9230769276618958,0.800000011920929,0.20000000298023224,0.4000000059604645,0.46666666865348816,0.20000000298023224,0.0,0.0,0.06666667014360428,0.0,1.0,0.0,,,,,1.0,0.0,1.0,0.0,0.0,0.0,1.0,0.0,0.0,0.0,0.0,1.0
2404,3,1.0,1.0,0.0,1.0,5.786995309208557,1.1666666269302368,1.0,28000.0,48.0,0.0,25.25,0.0,1.0,0.0,1.0,22.0,6,5,7,7,0.0,0.0,0.0,0.0,0.0,0.0,0.0,0.0,0.0,0.0,0.0,0.0,0.0,0.0,0.0,0.0,2.0,0.0,12,6.0,1.0,1.0,5.0,7.0,5.5,6.0,6.0,5.0,750.0,0,0,0,0,0,0,0,0,0,0,0,0,0,0,0,0,0,0,0,0,0,0,0,0,0,0,0,0,0,0,0.0,0.0,0.0,0.0,5950.0,5950.0,0.0,5950.0,0.0,9.384293556213379,0.0,0.0,0.0,3.0,0.0,0.0,5000.0,10000.0,0.0,7500.0,0.0,0.0,0.0,0.0,0.0,0.0,1600.0,1450.0,1000.0,0.0,0.0,4050.0,15.121163368225098,111.12698364257812,0.0,0.0,0.0,0.0,0.0,0.0,0.0,0.0,1.0,1.0,1.0,9.0,0.0,8.0,13.0,0.0,1.0,1.0,1.0,1.0,1.0,1.0,1.0,1.0,0.0,0.0,0.0
2415,3,1.0,1.0,0.0,1.0,6.633166349692824,12.583333015441895,0.0,1.0,43.0,0.0,56.75,3.0,1.0,0.0,0.0,2.0,3,2,7,5,0.0,0.0,0.0,1.0,0.0,0.0,0.0,0.0,0.0,0.0,0.0,0.0,0.0,0.0,0.0,0.0,1.0,0.0,1,1.0,1.0,0.0,,,,,,,,1,0,1,1,1,1,0,0,0,0,0,1,1,0,1,1,0,0,0,1,1,1,0,1,0,0,0,0,0,0,2.0,1.0,1400.0,1400.1400146484375,-4180.0,-4180.0,1400.070068359375,-4180.0,7.937424659729004,-9.031213760375977,1.0,1.0,0.0,2.0,1500.0,2650.0,4500.0,4500.0,2075.0,4500.0,0.0,800.0,149.97999572753906,299.8800048828125,0.0,810.0,6000.0,1320.0,550.0,0.0,1249.8599853515625,8680.0,13.83517837524414,4.838709831237793,0.800000011920929,0.20000000298023224,0.6000000238418579,0.5333333611488342,0.4000000059604645,0.6000000238418579,0.0,0.3333333432674408,1.0,0.0,0.0,6.0,4.0,,,0.0,1.0,1.0,1.0,1.0,1.0,0.0,0.0,0.0,0.0,0.0,1.0
2420,3,1.0,1.0,0.0,0.0,,4.916666507720947,0.0,3000.0,35.0,1.0,30.08333396911621,0.0,1.0,0.0,1.0,15.0,3,2,6,4,0.0,0.0,0.0,0.0,0.0,0.0,0.0,1.0,0.0,0.0,0.0,0.0,0.0,0.0,0.0,0.0,0.5,0.0,11,,0.0,0.0,,,,,,,,1,0,1,0,1,1,1,0,1,0,0,1,1,0,1,0,0,0,0,0,0,0,0,0,0,0,0,0,0,0,0.5,1.0,0.0,4692.6201171875,3590.0,3590.0,2346.31005859375,3590.0,8.453746795654297,8.87905502319336,0.0,1.0,0.0,1.0,11300.0,11300.0,4000.0,6400.0,11300.0,5200.0,5400.0,780.0,299.8800048828125,127.5,0.0,2000.0,0.0,750.0,60.0,0.0,6607.3798828125,2810.0,2.092592477798462,2.5999999046325684,0.6000000238418579,0.6000000238418579,0.6000000238418579,0.6000000238418579,0.0,0.0,0.0,0.0,1.0,1.0,0.0,,,,,1.0,1.0,1.0,1.0,1.0,1.0,0.0,0.0,0.0,0.0,0.0,1.0
2427,3,1.0,1.0,0.0,0.0,,3.75,1.0,60000.0,60.0,0.0,25.08333396911621,0.0,1.0,0.0,1.0,0.0,0,0,0,0,0.0,0.0,0.0,0.0,0.0,0.0,0.0,0.0,0.0,0.0,1.0,0.0,0.0,0.0,0.0,0.0,0.0,0.0,1,,0.0,0.0,,,,,,,,0,0,0,0,0,0,0,0,0,0,0,0,0,0,0,0,0,0,0,0,0,0,0,0,0,0,0,0,0,0,0.0,0.0,0.0,0.0,680.0,680.0,0.0,680.0,0.0,7.215240478515625,0.0,0.0,0.0,0.0,0.0,0.0,4320.0,2520.0,0.0,3420.0,0.0,0.0,0.0,0.0,0.0,480.0,0.0,700.0,660.0,0.0,0.0,1840.0,15.121163368225098,5.4285712242126465,0.0,0.0,0.0,0.0,0.0,0.0,0.0,0.0,0.0,0.0,1.0,,,,,1.0,0.0,0.0,0.0,0.0,0.0,0.0,1.0,1.0,1.0,0.0,1.0
2444,3,0.0,1.0,0.0,0.0,,1.1666666269302368,0.0,200.0,72.0,0.0,31.08333396911621,1.0,1.0,0.0,1.0,10.0,2,2,3,1,0.0,0.0,0.0,0.0,0.0,0.0,0.0,0.0,0.0,1.0,0.0,0.0,0.0,0.0,0.0,0.0,1.0,0.0,8,,0.0,0.0,,,,,,,,,,,,,,,,,,,,,,,,,,,,,,,,,,,,,,1.0,1.0,300.0,2190.0,1415.0,1415.0,1245.0,1415.0,7.820038318634033,7.948031902313232,1.0,0.0,0.0,1.0,6.0,5250.0,2200.0,4000.0,2628.0,3100.0,2550.0,0.0,0.0,510.0,0.0,2400.0,50.0,0.0,135.0,0.0,3060.0,2585.0,1.0305882692337036,1.2916666269302368,,,,,,,,,1.0,1.0,0.0,,,,,1.0,1.0,1.0,1.0,1.0,1.0,0.0,0.0,0.0,0.0,0.0,0.0
2446,3,1.0,1.0,0.0,0.0,,7.5,1.0,50000.0,55.0,0.0,38.83333206176758,0.0,1.0,0.0,0.0,0.0,2,4,2,1,0.0,1.0,0.0,0.0,0.0,0.0,0.0,0.0,0.0,0.0,0.0,0.0,0.0,0.0,0.0,0.0,1.5,0.0,12,,0.0,0.0,,,,,,,,0,0,0,1,0,1,1,0,1,1,0,1,1,0,1,1,1,0,1,1,0,0,1,0,0,0,0,0,0,0,2.0,1.0,5000.0,16468.169921875,-600.0,-600.0,10734.0849609375,-600.0,9.974327087402344,-7.0900774002075195,2.0,0.0,1.0,1.0,45000.0,45639.0,25000.0,30000.0,45319.5,27500.0,12750.0,5800.0,4687.47998046875,5816.64013671875,0.0,7000.0,8000.0,7600.0,8000.0,0.0,29170.830078125,30600.0,3.5131449699401855,3.2352941036224365,0.20000000298023224,0.800000011920929,0.6000000238418579,0.5333333611488342,0.800000011920929,0.20000000298023224,0.0,0.3333333432674408,0.0,1.0,1.0,,,,,1.0,0.0,1.0,1.0,0.0,1.0,1.0,1.0,1.0,1.0,1.0,1.0
2457,3,1.0,1.0,0.0,0.0,,5.25,1.0,10000.0,60.0,0.0,38.83333206176758,1.0,1.0,0.0,1.0,20.0,4,4,7,7,0.0,0.0,0.0,0.0,0.0,0.0,0.0,0.0,0.0,0.0,0.0,1.0,0.0,0.0,0.0,0.0,0.0,0.0,1,,0.0,0.0,,,,,,,,0,0,1,0,1,1,1,0,0,1,0,1,1,0,1,0,0,0,0,0,0,0,0,0,1,1,0,0,0,0,0.0,1.0,1300.0,1017.0499877929688,315.0,315.0,1158.5250244140625,315.0,7.748050212860107,6.4457221031188965,0.0,0.0,0.0,0.0,2000.0,2000.0,1500.0,2000.0,2000.0,1750.0,620.0,0.0,192.9499969482422,170.0,0.0,1000.0,0.0,420.0,265.0,0.0,982.9500122070312,1685.0,3.225806474685669,1.75,0.4000000059604645,0.6000000238418579,0.6000000238418579,0.5333333611488342,0.0,0.20000000298023224,0.20000000298023224,0.13333334028720856,1.0,0.0,1.0,,,,,1.0,1.0,1.0,1.0,1.0,1.0,0.0,1.0,1.0,0.0,0.0,1.0
2465,3,1.0,1.0,0.0,0.0,,2.9166667461395264,0.0,10500.0,72.0,0.0,40.58333206176758,2.0,1.0,0.0,1.0,0.0,2,0,0,0,0.0,0.0,0.0,0.0,0.0,0.0,0.0,1.0,0.0,0.0,0.0,0.0,0.0,0.0,0.0,0.0,1.0,0.0,8,,0.0,0.0,,,,,,,,1,1,1,0,0,0,0,0,1,1,0,0,0,0,0,0,0,0,0,1,0,0,0,1,0,0,0,0,0,0,1.0,1.0,5000.0,5713.509765625,880.0,880.0,5356.7548828125,880.0,9.279260635375977,7.473069190979004,1.0,0.0,1.0,0.0,25000.0,25000.0,15000.0,40000.0,25000.0,27500.0,14875.0,1200.0,1818.97998046875,892.5,0.0,28000.0,4700.0,5180.0,1240.0,0.0,19286.490234375,39120.0,1.680672287940979,0.9615384340286255,0.6000000238418579,0.4000000059604645,0.0,0.3333333432674408,0.20000000298023224,0.20000000298023224,0.0,0.13333334028720856,0.0,1.0,1.0,,,,,1.0,0.0,1.0,0.0,0.0,0.0,0.0,1.0,0.0,1.0,1.0,0.0
2468,3,0.0,1.0,1.0,0.0,7.981644790333484,1.9166667461395264,1.0,10000.0,48.0,0.0,30.66666603088379,3.0,1.0,0.0,1.0,0.0,3,0,0,0,0.0,0.0,0.0,0.0,0.0,0.0,0.0,0.0,0.0,0.0,0.0,0.0,0.0,0.0,0.0,1.0,4.0,0.0,9,2.0,1.0,0.0,,,6.0,4.0,4.0,5.0,325.0,1,1,1,0,1,1,1,1,1,1,1,1,1,1,1,1,1,1,1,1,1,1,1,1,1,1,1,0,0,1,4.0,1.0,2000.0,2959.0302734375,2542.0,2542.0,2479.51513671875,2542.0,8.508965492248535,8.533853530883789,4.0,0.0,3.0,1.0,14000.0,14000.0,3200.0,8592.0,14000.0,5896.0,4000.0,6201.0,839.9700317382812,0.0,0.0,3000.0,1000.0,1400.0,650.0,0.0,11040.9697265625,6050.0,3.0172348022460938,1.684571385383606,0.800000011920929,1.0,1.0,0.9333333373069763,1.0,1.0,0.6000000238418579,0.8666666746139526,0.0,1.0,1.0,5.0,4.0,4.0,5.0,0.0,0.0,1.0,0.0,0.0,0.0,1.0,1.0,1.0,0.0,0.0,0.0
2473,3,1.0,1.0,1.0,0.0,0.3320957305481864,7.916666507720947,0.0,1000.0,70.0,1.0,27.66666603088379,0.0,1.0,0.0,1.0,0.0,2,0,0,0,0.0,0.0,1.0,0.0,0.0,0.0,0.0,0.0,0.0,0.0,0.0,0.0,0.0,0.0,0.0,0.0,0.0,0.0,1,6.0,1.0,1.0,4.0,4.5,,,,,,0,0,0,0,0,1,0,0,0,0,0,1,1,1,1,1,0,0,0,0,0,0,0,0,0,0,0,0,0,0,0.0,1.0,5000.0,5602.240234375,850.0,850.0,5301.1201171875,850.0,9.268820762634277,7.438384056091309,0.0,0.0,0.0,0.0,7000.0,7000.0,2500.0,3000.0,7000.0,2750.0,1000.0,0.0,297.8000183105469,99.95999908447266,0.0,1000.0,0.0,900.0,250.0,0.0,1397.760009765625,2150.0,6.6667938232421875,2.3913042545318604,0.0,0.20000000298023224,0.800000011920929,0.3333333432674408,0.20000000298023224,0.0,0.0,0.06666667014360428,0.0,0.0,0.0,0.0,0.0,9.0,9.0,0.0,0.0,1.0,0.0,0.0,0.0,0.0,0.0,0.0,0.0,0.0,1.0
2475,3,1.0,1.0,1.0,0.0,0.3806023806197447,5.5,0.0,4000.0,63.0,1.0,30.25,1.0,1.0,0.0,1.0,0.0,2,1,1,2,0.0,0.0,0.0,0.0,0.0,0.0,0.0,0.0,0.0,0.0,0.0,1.0,0.0,0.0,0.0,0.0,0.0,1.0,8,8.0,1.0,1.0,5.0,6.0,6.0,2.0,6.5,5.0,325.0,0,0,0,0,1,0,0,0,0,0,1,1,1,0,0,1,1,1,1,1,1,1,0,1,1,1,1,1,0,0,0.0,1.0,2974.0,2974.0,3350.0,3350.0,2974.0,3350.0,8.690810203552246,8.809863090515137,0.0,0.0,0.0,0.0,3415.0,3415.0,2000.0,3800.0,3415.0,2900.0,371.0,0.0,70.0,0.0,0.0,300.0,0.0,100.0,50.0,0.0,441.0,450.0,7.743764400482178,7.25,0.20000000298023224,0.0,0.6000000238418579,0.2666666805744171,1.0,0.800000011920929,0.6000000238418579,0.800000011920929,0.0,1.0,0.0,4.0,3.0,3.0,8.0,0.0,0.0,1.0,1.0,0.0,1.0,0.0,1.0,0.0,0.0,0.0,1.0
2476,3,0.0,1.0,0.0,1.0,0.8210160982079301,1.8333332538604736,0.0,1000.0,64.0,0.0,23.83333396911621,0.0,1.0,0.0,1.0,0.0,3,0,0,0,0.0,0.0,0.0,0.0,0.0,0.0,0.0,0.0,0.0,0.0,0.0,1.0,0.0,0.0,0.0,0.0,1.0,0.0,9,6.0,1.0,1.0,4.0,1.0,6.5,6.0,7.0,7.0,2250.0,,,,,,,,,,,,,,,,,,,,,,,,,,,,,,,1.0,1.0,2000.0,435.1904296875,-800.0,-800.0,1217.59521484375,-800.0,7.797780513763428,-7.3777594566345215,1.0,0.0,1.0,0.0,10000.0,10000.0,10000.0,10000.0,10000.0,10000.0,3612.7099609375,0.0,5775.0,177.10000610351562,0.0,5000.0,300.0,4400.0,1100.0,0.0,9564.8095703125,10800.0,2.768005132675171,2.0,,,,,,,,,0.0,1.0,0.0,2.0,3.0,0.0,9.0,0.0,0.0,1.0,0.0,0.0,0.0,0.0,0.0,0.0,1.0,1.0,0.0
2478,3,1.0,1.0,0.0,0.0,,5.666666507720947,1.0,15000.0,78.0,0.0,45.16666793823242,6.0,1.0,0.0,1.0,31.0,3,1,7,1,0.0,1.0,0.0,0.0,0.0,0.0,0.0,0.0,0.0,0.0,0.0,0.0,0.0,0.0,0.0,0.0,4.0,0.0,1,,0.0,0.0,,,,,,,,0,0,0,0,1,0,0,0,0,0,0,0,1,0,1,0,1,0,0,1,0,0,0,0,0,0,0,0,0,0,2.0,1.0,200.0,306.53997802734375,-4000.0,-4000.0,253.26998901367188,-4000.0,6.227607250213623,-8.987196922302246,1.0,2.0,2.0,3.0,989.0,989.0,10000.0,14600.0,989.0,12300.0,120.0,250.0,99.95999908447266,212.5,0.0,4000.0,2500.0,6000.0,2100.0,4000.0,682.4600219726562,18600.0,8.241666793823242,2.8604650497436523,0.20000000298023224,0.0,0.4000000059604645,0.20000000298023224,0.4000000059604645,0.0,0.0,0.13333334028720856,1.0,0.0,1.0,,,,,1.0,1.0,1.0,1.0,1.0,1.0,1.0,1.0,1.0,0.0,1.0,1.0
2479,3,1.0,1.0,0.0,1.0,19.635241271176586,4.083333492279053,1.0,20000.0,42.0,0.0,41.75,6.0,1.0,0.0,0.0,0.0,2,1,7,7,1.0,0.0,0.0,0.0,0.0,0.0,0.0,0.0,0.0,0.0,0.0,0.0,0.0,0.0,0.0,0.0,8.0,0.0,1,7.0,1.0,1.0,4.0,4.0,6.0,2.0,5.0,5.0,75.0,1,1,1,1,0,1,0,0,1,1,0,1,0,0,1,0,0,0,0,1,1,1,0,1,0,1,0,0,0,0,0.0,0.0,0.0,0.0,19492.0,19492.0,0.0,19492.0,0.0,10.570906639099121,0.0,0.0,8.0,0.0,0.0,0.0,20000.0,85714.0,0.0,52857.0,0.0,0.0,0.0,0.0,0.0,20571.0,37571.0,6000.0,2080.0,0.0,0.0,66222.0,15.121163368225098,2.508518934249878,0.800000011920929,0.6000000238418579,0.4000000059604645,0.6000000238418579,0.20000000298023224,0.6000000238418579,0.20000000298023224,0.3333333432674408,1.0,0.0,1.0,9.0,1.0,4.0,5.0,0.0,0.0,1.0,1.0,1.0,1.0,1.0,1.0,1.0,1.0,1.0,1.0
2481,3,1.0,1.0,0.0,0.0,,2.75,1.0,8000.0,72.0,0.0,42.75,3.0,1.0,0.0,1.0,0.0,3,1,1,2,0.0,0.0,0.0,0.0,0.0,0.0,0.0,0.0,0.0,0.0,0.0,0.0,0.0,0.0,1.0,0.0,1.0,0.0,9,,0.0,0.0,,,,,,,,1,0,0,0,1,1,1,0,1,0,0,1,1,1,0,0,0,0,0,1,0,0,0,0,0,0,0,0,0,0,1.0,1.0,4000.0,6798.77978515625,-1500.0,-1500.0,5399.3896484375,-1500.0,9.287188529968262,-8.006367683410645,1.0,0.0,1.0,0.0,18000.0,14000.0,8000.0,8000.0,16000.0,8000.0,1275.0,2125.0,3480.0,321.2200012207031,0.0,600.0,1500.0,2100.0,400.0,4900.0,7201.22021484375,9500.0,11.636363983154297,11.428571701049805,0.4000000059604645,0.6000000238418579,0.6000000238418579,0.5333333611488342,0.20000000298023224,0.0,0.0,0.06666667014360428,0.0,1.0,1.0,,,,,1.0,0.0,1.0,1.0,0.0,1.0,0.0,1.0,1.0,1.0,1.0,0.0
2484,3,1.0,1.0,1.0,0.0,6.033042285121785,2.5833332538604736,0.0,10000.0,77.0,0.0,42.66666793823242,8.0,1.0,0.0,1.0,0.0,4,4,4,4,0.0,0.0,0.0,0.0,0.0,0.0,0.0,0.0,0.0,1.0,0.0,0.0,0.0,0.0,0.0,0.0,0.0,0.0,8,8.0,1.0,1.0,4.5,6.0,6.5,3.0,7.0,7.0,750.0,0,0,0,0,0,0,0,0,0,0,0,0,0,0,0,0,0,0,0,0,0,0,0,0,0,0,0,0,0,0,0.0,0.0,0.0,0.0,420.0,420.0,0.0,420.0,0.0,6.733403205871582,0.0,0.0,0.0,0.0,0.0,0.0,10000.0,13000.0,0.0,11500.0,0.0,0.0,0.0,0.0,0.0,8400.0,0.0,3300.0,880.0,0.0,0.0,12580.0,15.121163368225098,1.3690476417541504,0.0,0.0,0.0,0.0,0.0,0.0,0.0,0.0,1.0,1.0,1.0,4.0,2.0,11.0,9.0,0.0,0.0,1.0,1.0,1.0,1.0,0.0,1.0,0.0,1.0,1.0,0.0
2488,3,1.0,1.0,0.0,1.0,6.383196284762689,1.5833332538604736,1.0,11000.0,60.0,1.0,59.58333206176758,1.0,1.0,0.0,0.0,0.0,2,4,6,1,0.0,0.0,0.0,0.0,0.0,0.0,0.0,0.0,0.0,1.0,0.0,0.0,0.0,0.0,0.0,0.0,2.0,0.0,1,7.0,1.0,1.0,3.0,4.0,6.5,1.0,6.5,7.0,325.0,0,0,0,0,0,0,0,0,0,0,0,0,0,0,0,0,0,0,0,0,0,0,0,0,0,0,0,0,0,0,0.0,0.0,0.0,0.0,-763.0,-763.0,0.0,-763.0,0.0,-7.3304057121276855,0.0,0.0,2.0,0.0,0.0,0.0,2000.0,2250.0,0.0,2125.0,0.0,0.0,0.0,0.0,0.0,1463.0,400.0,800.0,150.0,200.0,0.0,3013.0,15.121163368225098,1.2778111696243286,0.0,0.0,0.0,0.0,0.0,0.0,0.0,0.0,1.0,0.0,1.0,4.0,0.0,1.0,1.0,0.0,0.0,1.0,1.0,1.0,1.0,1.0,1.0,1.0,0.0,0.0,0.0
2492,3,1.0,1.0,1.0,0.0,,0.0,0.0,1000.0,84.0,1.0,27.16666603088379,1.0,1.0,0.0,1.0,0.5,4,1,4,5,0.0,0.0,0.0,0.0,0.0,0.0,0.0,0.0,0.0,1.0,0.0,0.0,0.0,0.0,0.0,0.0,3.5,0.0,8,,0.0,0.0,,,,,,,,0,1,0,0,1,1,0,0,0,0,0,1,1,0,1,0,1,0,0,0,1,0,1,0,0,0,0,0,0,0,0.0,0.0,0.0,0.0,6246.0,6246.0,0.0,6246.0,0.0,9.432844161987305,0.0,0.0,2.0,2.0,0.0,0.0,16000.0,16800.0,0.0,16400.0,0.0,0.0,0.0,0.0,0.0,8652.0,1020.0,260.0,622.0,0.0,0.0,10554.0,15.121163368225098,1.8568840026855469,0.4000000059604645,0.20000000298023224,0.6000000238418579,0.4000000059604645,0.20000000298023224,0.4000000059604645,0.0,0.20000000298023224,1.0,1.0,0.0,,,,,0.0,1.0,1.0,1.0,1.0,1.0,1.0,0.0,0.0,0.0,1.0,0.0
2495,3,1.0,1.0,1.0,0.0,0.709604847987214,8.916666984558105,0.0,1.0,54.0,1.0,32.5,2.0,1.0,0.0,0.0,0.0,3,1,1,1,0.0,0.0,0.0,0.0,0.0,0.0,0.0,0.0,0.0,0.0,0.0,1.0,0.0,0.0,0.0,0.0,1.0,0.0,8,8.0,1.0,1.0,5.0,5.0,7.0,6.0,5.5,7.0,325.0,1,0,1,1,1,1,0,0,1,1,0,1,1,0,1,0,0,0,0,1,0,1,0,1,1,0,0,0,0,0,1.0,1.0,820.0,941.639892578125,280.0,280.0,880.8199462890625,280.0,7.474000930786133,6.327939987182617,1.0,0.0,1.0,0.0,2889.0,3200.0,3250.0,3000.0,3044.5,3125.0,640.0,1275.0,249.99000549316406,93.3699951171875,0.0,1000.0,1000.0,400.0,200.0,120.0,2258.360107421875,2720.0,3.4208250045776367,3.125,0.800000011920929,0.6000000238418579,0.6000000238418579,0.6666666865348816,0.20000000298023224,0.6000000238418579,0.0,0.2666666805744171,0.0,1.0,0.0,6.0,0.0,6.0,2.0,0.0,0.0,1.0,1.0,0.0,1.0,0.0,0.0,0.0,0.0,0.0,1.0
2503,3,1.0,1.0,0.0,1.0,0.6376506452531262,2.9166667461395264,1.0,10000.0,60.0,1.0,42.41666793823242,8.0,1.0,0.0,1.0,0.0,7,0,0,0,0.0,0.0,0.0,0.0,0.0,0.0,0.0,0.0,0.0,1.0,0.0,0.0,0.0,0.0,0.0,0.0,3.0,0.0,8,7.0,1.0,1.0,4.0,3.0,5.5,5.0,6.5,6.0,325.0,1,1,1,1,1,1,0,0,1,1,1,1,1,1,1,1,0,0,1,1,1,1,1,1,1,1,0,0,0,0,0.0,0.0,0.0,0.0,10605.0,10605.0,0.0,10605.0,0.0,9.962227821350098,0.0,0.0,3.0,0.0,0.0,0.0,30000.0,30000.0,0.0,30000.0,0.0,0.0,0.0,0.0,0.0,8000.0,5000.0,5720.0,675.0,0.0,0.0,19395.0,15.121163368225098,3.409090995788574,1.0,0.6000000238418579,1.0,0.8666666746139526,0.6000000238418579,1.0,0.20000000298023224,0.6000000238418579,0.0,1.0,1.0,5.0,6.0,0.0,3.0,0.0,0.0,1.0,0.0,0.0,0.0,1.0,1.0,1.0,1.0,1.0,0.0
2506,3,1.0,1.0,0.0,1.0,0.4918905414227843,0.5833333134651184,0.0,0.0,54.0,0.0,38.75,2.0,1.0,0.0,0.0,0.0,5,1,1,2,0.0,0.0,1.0,0.0,0.0,0.0,0.0,0.0,0.0,0.0,0.0,0.0,0.0,0.0,0.0,0.0,0.0,0.0,9,6.0,1.0,1.0,5.0,6.0,6.0,6.0,6.0,7.0,1250.0,1,1,0,1,1,1,0,0,0,0,0,1,1,1,1,0,0,0,0,0,0,0,0,0,0,0,0,0,0,0,0.0,1.0,2500.0,2549.72998046875,2990.0,2990.0,2524.864990234375,2990.0,8.527090072631836,8.696175575256348,0.0,0.0,0.0,0.0,8230.0,6060.0,10000.0,10000.0,7145.0,10000.0,1299.27001953125,0.0,1616.0,595.0,0.0,4800.0,1000.0,910.0,300.0,0.0,3510.27001953125,7010.0,5.106234073638916,2.040816307067871,0.800000011920929,0.20000000298023224,0.800000011920929,0.6000000238418579,0.0,0.0,0.0,0.0,0.0,1.0,0.0,10.0,7.0,11.0,11.0,0.0,0.0,1.0,1.0,0.0,1.0,0.0,0.0,0.0,1.0,1.0,0.0
2513,3,0.0,1.0,0.0,1.0,,4.166666507720947,0.0,500.0,70.0,0.0,29.0,1.0,1.0,0.0,1.0,0.0,3,1,5,1,0.0,0.0,0.0,0.0,0.0,0.0,0.0,0.0,0.0,0.0,0.0,1.0,0.0,0.0,0.0,0.0,0.0,0.0,8,,0.0,0.0,,,,,,,,,,,,,,,,,,,,,,,,,,,,,,,,,,,,,,2.5,1.0,5000.0,4392.6201171875,1230.0,1230.0,4696.31005859375,1230.0,9.147679328918457,7.807916641235352,1.0,3.0,0.0,0.0,9000.0,14000.0,3500.0,3500.0,11500.0,3500.0,3925.0,5100.0,582.3800048828125,0.0,0.0,400.0,0.0,800.0,770.0,300.0,9607.3798828125,2270.0,2.6436781883239746,5.833333492279053,,,,,,,,,1.0,1.0,0.0,,,,,0.0,0.0,1.0,1.0,1.0,1.0,0.0,0.0,0.0,0.0,0.0,1.0
2515,3,1.0,1.0,0.0,1.0,1.808980226461829,3.5,1.0,50000.0,50.0,0.0,38.0,4.0,1.0,0.0,0.0,0.0,2,0,0,0,0.0,0.0,0.0,0.0,0.0,0.0,0.0,0.0,0.0,0.0,0.0,0.0,1.0,0.0,0.0,0.0,1.0,0.0,1,1.0,1.0,0.0,,,,,,,,0,0,0,0,1,0,0,0,0,0,0,1,1,0,1,1,0,0,0,0,0,0,0,0,0,0,0,0,0,0,0.0,0.0,0.0,0.0,-4000.0,-4000.0,0.0,-4000.0,0.0,-8.987196922302246,0.0,0.0,0.0,1.0,0.0,0.0,12000.0,42000.0,0.0,27000.0,0.0,0.0,0.0,0.0,0.0,8000.0,7000.0,16000.0,15000.0,0.0,0.0,46000.0,15.121163368225098,2.25,0.20000000298023224,0.0,0.6000000238418579,0.2666666805744171,0.20000000298023224,0.0,0.0,0.06666667014360428,0.0,0.0,1.0,,,,,0.0,0.0,1.0,0.0,0.0,0.0,0.0,1.0,1.0,0.0,1.0,1.0
2525,3,1.0,1.0,0.0,0.0,,2.5,1.0,10000.0,80.0,1.0,24.5,2.0,1.0,0.0,1.0,0.0,2,0,0,0,1.0,0.0,0.0,0.0,0.0,0.0,0.0,0.0,0.0,0.0,0.0,0.0,0.0,0.0,0.0,0.0,0.5,0.0,3,,0.0,0.0,,,,,,,,0,0,0,0,0,0,0,0,0,0,0,0,0,0,0,0,0,0,0,0,0,0,0,0,0,0,0,0,0,0,0.0,0.0,0.0,0.0,8588.33984375,8588.33984375,0.0,8588.33984375,0.0,9.751307487487793,0.0,0.0,0.0,1.0,0.0,0.0,15000.0,15000.0,0.0,15000.0,0.0,0.0,0.0,0.0,0.0,3205.830078125,2200.0,200.0,805.8300170898438,0.0,0.0,6411.66015625,15.121163368225098,4.678975582122803,0.0,0.0,0.0,0.0,0.0,0.0,0.0,0.0,0.0,0.0,1.0,,,,,1.0,0.0,1.0,0.0,0.0,0.0,0.0,1.0,1.0,0.0,1.0,0.0
2526,3,1.0,1.0,1.0,0.0,1.5773748465547224,12.166666984558105,0.0,60.0,77.0,0.0,32.58333206176758,3.0,1.0,0.0,0.0,2.0,2,0,0,0,0.0,0.0,0.0,0.0,0.0,0.0,0.0,0.0,0.0,0.0,0.0,0.0,0.0,0.0,0.0,0.0,0.0,0.0,8,7.0,1.0,1.0,5.0,5.0,,3.0,4.0,4.0,750.0,1,1,1,0,1,1,0,0,1,1,0,1,1,1,1,1,1,1,1,0,0,1,0,0,0,0,0,0,0,0,0.0,1.0,1000.0,2411.830078125,-1930.0,-1930.0,1705.9150390625,-1930.0,8.135004043579102,-8.2584228515625,0.0,0.0,0.0,0.0,4000.0,4000.0,300.0,1800.0,4000.0,1050.0,850.0,0.0,110.66999816894531,127.5,500.0,1500.0,100.0,1010.0,1020.0,100.0,1588.1700439453125,3730.0,4.705882549285889,0.64453125,0.800000011920929,0.6000000238418579,0.800000011920929,0.7333333492279053,0.800000011920929,0.20000000298023224,0.0,0.3333333432674408,0.0,1.0,0.0,3.0,1.0,6.0,5.0,0.0,1.0,1.0,0.0,0.0,0.0,0.0,0.0,0.0,1.0,0.0,1.0
2530,3,1.0,1.0,1.0,0.0,8.420851911870342,2.75,1.0,1000.0,45.0,1.0,40.16666793823242,2.0,1.0,0.0,1.0,0.0,2,3,7,7,0.0,0.0,1.0,0.0,0.0,0.0,0.0,0.0,0.0,0.0,0.0,0.0,0.0,0.0,0.0,0.0,2.5,0.0,1,7.0,1.0,1.0,5.0,6.0,5.5,3.0,6.0,6.0,325.0,1,1,1,0,0,1,1,0,1,0,0,1,1,1,1,1,1,1,1,1,1,0,1,0,1,1,1,0,0,1,2.0,1.0,2700.0,2039.89990234375,3200.0,3200.0,2369.949951171875,3200.0,8.463770866394043,8.764053344726562,0.0,2.0,0.0,5.0,6000.0,7000.0,10000.0,15000.0,6500.0,12500.0,637.5,3200.0,822.5899658203125,300.010009765625,0.0,3200.0,4200.0,1900.0,2500.0,0.0,4960.10009765625,11800.0,6.951871871948242,3.5714285373687744,0.6000000238418579,0.6000000238418579,0.800000011920929,0.6666666865348816,1.0,0.6000000238418579,0.6000000238418579,0.7333333492279053,1.0,0.0,1.0,10.0,4.0,11.0,15.0,0.0,0.0,1.0,1.0,1.0,1.0,1.0,0.0,1.0,0.0,1.0,0.0
2535,3,1.0,1.0,0.0,1.0,11.495098520096528,1.4166666269302368,1.0,2000.0,77.0,0.0,53.0,3.0,1.0,0.0,0.0,20.0,3,2,7,2,0.0,0.0,0.0,0.0,0.0,0.0,0.0,0.0,0.0,1.0,0.0,0.0,0.0,0.0,0.0,0.0,3.0,0.0,9,6.0,1.0,1.0,,4.0,6.0,,,7.0,75.0,1,0,1,1,1,1,1,1,1,1,1,1,1,1,1,1,0,1,0,1,0,0,1,0,1,1,1,0,0,0,0.0,0.0,0.0,0.0,-6612.0,-6612.0,0.0,-6612.0,0.0,-9.489789009094238,0.0,0.0,3.0,0.0,0.0,0.0,3000.0,9800.0,0.0,6400.0,0.0,0.0,0.0,0.0,0.0,6654.0,3200.0,1768.0,4790.0,0.0,0.0,16412.0,15.121163368225098,0.8702746629714966,0.800000011920929,1.0,1.0,0.9333333373069763,0.6000000238418579,0.4000000059604645,0.4000000059604645,0.46666666865348816,1.0,1.0,1.0,4.0,2.0,3.0,4.0,0.0,1.0,1.0,1.0,1.0,1.0,1.0,0.0,1.0,1.0,0.0,0.0
3001,3,1.0,1.0,0.0,0.0,,0.0,0.0,0.0,52.0,0.0,27.75,1.0,1.0,0.0,1.0,23.0,4,0,0,0,0.0,0.0,0.0,0.0,0.0,0.0,0.0,0.0,0.0,0.0,0.0,0.0,0.0,0.0,0.0,0.0,0.0,0.0,1,,0.0,0.0,,,,,,,,0,0,0,0,0,0,0,0,0,0,0,0,0,0,0,0,0,0,0,0,0,0,0,0,0,0,0,0,0,0,0.0,0.0,0.0,0.0,1085.0,1085.0,0.0,1085.0,0.0,7.682482719421387,0.0,0.0,0.0,0.0,0.0,0.0,2475.0,2475.0,0.0,2475.0,0.0,0.0,0.0,0.0,0.0,1200.0,0.0,110.0,80.0,0.0,0.0,1390.0,15.121163368225098,1.9800000190734863,0.0,0.0,0.0,0.0,0.0,0.0,0.0,0.0,0.0,0.0,0.0,,,,,1.0,1.0,1.0,0.0,0.0,0.0,0.0,0.0,0.0,0.0,0.0,0.0
3006,3,1.0,1.0,0.0,1.0,0.5586744251567267,0.6666666865348816,0.0,150.0,56.0,0.0,28.0,2.0,1.0,0.0,1.0,0.0,6,0,0,0,0.0,0.0,0.0,0.0,0.0,0.0,0.0,0.0,0.0,1.0,0.0,0.0,0.0,0.0,0.0,0.0,3.0,0.0,6,7.0,1.0,1.0,5.0,5.0,6.5,7.0,6.5,5.0,325.0,1,0,1,1,1,1,0,0,1,0,1,1,0,1,1,0,0,1,0,1,1,1,1,1,0,1,1,0,0,0,3.0,1.0,6000.0,2112.6796875,800.0,800.0,4056.33984375,800.0,9.00118350982666,7.3777594566345215,2.0,1.0,2.0,1.0,10000.0,10500.0,3000.0,4200.0,10250.0,3600.0,4250.0,2087.5,1849.860107421875,199.9600067138672,0.0,3200.0,0.0,200.0,0.0,0.0,8387.3203125,3400.0,1.9524180889129639,1.058823585510254,0.800000011920929,0.4000000059604645,0.800000011920929,0.6666666865348816,0.4000000059604645,0.800000011920929,0.4000000059604645,0.5333333611488342,0.0,1.0,0.0,5.0,5.0,7.0,8.0,0.0,0.0,1.0,0.0,0.0,0.0,1.0,0.0,0.0,0.0,0.0,0.0
3008,3,1.0,1.0,0.0,1.0,1.1617224580915013,1.25,1.0,10200.0,40.0,1.0,34.83333206176758,1.0,1.0,0.0,1.0,23.0,2,1,1,2,1.0,0.0,0.0,0.0,0.0,0.0,0.0,0.0,0.0,0.0,0.0,0.0,0.0,0.0,0.0,0.0,12.0,0.0,1,8.0,1.0,1.0,4.0,3.0,7.0,7.0,7.0,7.0,0.0,1,0,1,1,1,1,1,0,0,1,1,1,1,1,1,1,1,1,0,1,0,1,1,1,1,1,1,0,0,1,22.0,1.0,45000.0,9834.80859375,1954.0,1954.0,27417.404296875,1954.0,10.912080764770508,8.270781517028809,0.0,22.0,12.0,0.0,45000.0,45000.0,32000.0,34000.0,45000.0,33000.0,0.0,34000.0,306.0,859.1900024414062,0.0,0.0,28286.0,2550.0,1210.0,0.0,35165.19140625,32046.0,15.121163368225098,94.28571319580078,0.800000011920929,0.6000000238418579,1.0,0.800000011920929,0.800000011920929,0.800000011920929,0.6000000238418579,0.7333333492279053,1.0,0.0,1.0,6.0,6.0,5.0,9.0,0.0,1.0,1.0,1.0,0.0,1.0,1.0,1.0,1.0,0.0,1.0,0.0
3014,3,1.0,1.0,1.0,0.0,,5.333333492279053,0.0,500.0,49.0,1.0,35.75,2.0,1.0,0.0,0.0,1.0,3,0,0,0,0.0,0.0,0.0,0.0,0.0,0.0,0.0,0.0,0.0,1.0,0.0,0.0,0.0,0.0,0.0,0.0,2.0,0.0,8,,0.0,0.0,,,,,,,,0,0,1,0,0,1,0,0,1,0,0,1,0,0,1,0,0,0,1,0,0,0,1,1,1,0,0,0,0,0,2.0,1.0,12000.0,12518.0,2504.0,2504.0,12259.0,2504.0,10.107162475585938,8.518792152404785,2.0,0.0,2.0,0.0,25000.0,30000.0,1800.0,11900.0,27500.0,6850.0,15400.08984375,1400.0,554.4100341796875,127.5,0.0,6000.0,2000.0,1200.0,196.0,0.0,17482.0,9396.0,1.7249382734298706,1.1416666507720947,0.20000000298023224,0.4000000059604645,0.4000000059604645,0.3333333432674408,0.20000000298023224,0.6000000238418579,0.0,0.2666666805744171,0.0,1.0,0.0,,,,,0.0,1.0,1.0,0.0,0.0,0.0,1.0,0.0,0.0,0.0,0.0,1.0
3016,3,1.0,1.0,1.0,0.0,6.652771821640909,3.25,0.0,20000.0,52.0,1.0,43.16666793823242,3.0,1.0,0.0,1.0,0.0,2,1,7,7,0.0,0.0,0.0,0.0,0.0,0.0,0.0,1.0,0.0,0.0,0.0,0.0,0.0,0.0,0.0,0.0,0.0,0.0,8,7.0,1.0,1.0,3.5,4.0,5.0,3.0,5.5,5.0,1250.0,0,0,0,0,0,0,0,0,0,0,0,0,0,0,0,0,0,0,0,0,0,0,0,0,0,0,0,0,0,0,0.0,0.0,0.0,0.0,7371.0,7371.0,0.0,7371.0,0.0,9.598455429077148,0.0,0.0,0.0,0.0,0.0,0.0,21000.0,16500.0,0.0,18750.0,0.0,0.0,0.0,0.0,0.0,6000.0,0.0,2100.0,1029.0,0.0,0.0,9129.0,15.121163368225098,3.073770523071289,0.0,0.0,0.0,0.0,0.0,0.0,0.0,0.0,1.0,1.0,1.0,3.0,6.0,7.0,7.0,0.0,0.0,1.0,1.0,1.0,1.0,0.0,1.0,0.0,1.0,1.0,0.0
3020,3,1.0,1.0,1.0,0.0,1.3776636227104604,12.916666984558105,1.0,15000.0,45.0,1.0,31.16666603088379,2.0,1.0,0.0,1.0,0.0,2,0,0,0,0.0,0.0,0.0,0.0,0.0,0.0,0.0,0.0,0.0,0.0,0.0,0.0,0.0,0.0,0.0,1.0,14.0,0.0,6,8.0,1.0,1.0,1.0,2.0,7.0,2.0,7.0,6.0,2250.0,1,1,1,1,0,1,0,0,0,1,1,1,0,0,0,1,1,1,0,1,1,1,1,1,1,1,0,1,1,1,14.0,1.0,8000.0,15737.33984375,31880.0,31880.0,11868.669921875,31880.0,10.074804306030273,11.062881469726562,14.0,0.0,14.0,0.0,26750.0,66350.0,11000.0,66700.0,46550.0,38850.0,8900.0,40000.0,1412.6500244140625,300.010009765625,0.0,3000.0,31800.0,0.0,20.0,0.0,50612.66015625,34820.0,4.750009536743164,12.949999809265137,0.800000011920929,0.4000000059604645,0.4000000059604645,0.5333333611488342,0.800000011920929,1.0,0.800000011920929,0.8666666746139526,0.0,1.0,1.0,6.0,3.0,4.0,5.0,0.0,0.0,1.0,0.0,0.0,0.0,1.0,1.0,1.0,0.0,1.0,1.0
3021,3,0.0,1.0,1.0,0.0,1.855172533893197,0.0,0.0,0.0,50.0,0.0,36.5,0.0,1.0,0.0,1.0,0.0,2,6,4,3,0.0,0.0,0.0,0.0,0.0,0.0,0.0,0.0,0.0,0.0,0.0,0.0,0.0,0.0,0.0,0.0,4.0,0.0,4,7.0,1.0,1.0,,4.5,5.5,5.0,5.5,5.0,75.0,,,,,,,,,,,,,,,,,,,,,,,,,,,,,,,2.0,1.0,480.0,718.989990234375,1330.0,1330.0,599.4949951171875,1330.0,7.089235305786133,7.886081695556641,0.0,2.0,0.0,8.0,1140.0,1440.0,4000.0,3360.0,1290.0,3680.0,0.0,640.0,30.010000228881836,51.0,0.0,0.0,1950.0,50.0,30.0,0.0,721.010009765625,2030.0,15.121163368225098,10.134669303894043,,,,,,,,,1.0,0.0,0.0,8.0,3.0,7.0,3.0,0.0,0.0,1.0,1.0,1.0,1.0,1.0,0.0,0.0,0.0,0.0,0.0
3022,3,1.0,1.0,0.0,0.0,,2.0833332538604736,0.0,1800.0,70.0,0.0,34.5,3.0,1.0,0.0,1.0,28.0,2,3,4,1,0.0,0.0,0.0,0.0,0.0,0.0,0.0,0.0,0.0,0.0,0.0,1.0,0.0,0.0,0.0,0.0,0.0,0.0,4,,0.0,0.0,,,,,,,,0,0,0,0,0,0,0,0,0,0,0,0,0,0,0,0,0,0,0,0,0,0,0,0,0,0,0,0,0,0,0.0,0.0,0.0,0.0,2480.0,2480.0,0.0,2480.0,0.0,8.509160995483398,0.0,0.0,0.0,0.0,0.0,0.0,4000.0,6160.0,0.0,5080.0,0.0,0.0,0.0,0.0,0.0,3080.0,0.0,550.0,50.0,0.0,0.0,3680.0,15.121163368225098,1.5487804412841797,0.0,0.0,0.0,0.0,0.0,0.0,0.0,0.0,1.0,0.0,0.0,,,,,1.0,1.0,1.0,1.0,1.0,1.0,0.0,0.0,0.0,1.0,0.0,0.0
3024,3,1.0,1.0,0.0,1.0,5.390810553792141,6.0,1.0,3000.0,84.0,1.0,33.58333206176758,1.0,1.0,0.0,0.0,0.0,2,3,7,3,0.0,0.0,0.0,0.0,0.0,0.0,0.0,0.0,0.0,0.0,0.0,0.0,1.0,0.0,0.0,0.0,4.0,0.0,1,7.0,1.0,1.0,,,,,,,,1,0,0,0,1,1,1,1,1,1,0,1,1,1,1,0,0,0,0,1,0,1,0,0,0,1,0,0,0,0,3.5,1.0,1450.0,1544.8798828125,1737.5,1737.5,1497.43994140625,1737.5,8.004659652709961,8.153349876403809,2.0,3.0,2.0,3.0,8840.0,8840.0,6100.0,8090.0,8840.0,7095.0,0.0,3200.0,1987.5400390625,1737.5699462890625,0.0,2.5,4100.0,1050.0,1200.0,0.0,7295.1201171875,6352.5,15.121163368225098,14.119402885437012,0.4000000059604645,1.0,0.800000011920929,0.7333333492279053,0.20000000298023224,0.20000000298023224,0.20000000298023224,0.20000000298023224,1.0,0.0,1.0,11.0,7.0,7.0,14.0,0.0,0.0,1.0,1.0,1.0,1.0,1.0,0.0,1.0,1.0,0.0,1.0
3025,3,1.0,1.0,0.0,1.0,1.8472102486438386,2.9166667461395264,0.0,0.0,52.0,1.0,51.58333206176758,3.0,1.0,0.0,1.0,25.0,1,1,1,3,0.0,0.0,1.0,0.0,0.0,0.0,0.0,0.0,0.0,0.0,0.0,0.0,0.0,0.0,0.0,0.0,0.0,0.0,1,2.0,1.0,0.0,,,,,,,,1,1,1,1,1,1,0,0,0,0,0,1,1,0,1,0,0,0,0,1,0,0,0,0,0,0,0,0,0,0,0.0,1.0,0.0,478.1298828125,-206.0,-206.0,239.06494140625,-206.0,6.169886589050293,-6.021029472351074,0.0,0.0,0.0,0.0,3000.0,3000.0,3000.0,3000.0,3000.0,3000.0,1062.5,0.0,1076.8699951171875,382.5,0.0,2000.0,0.0,1066.0,140.0,0.0,2521.8701171875,3206.0,2.6966776847839355,1.4634146690368652,1.0,0.20000000298023224,0.6000000238418579,0.6000000238418579,0.20000000298023224,0.0,0.0,0.06666667014360428,0.0,0.0,0.0,0.0,0.0,,,0.0,1.0,0.0,1.0,0.0,1.0,0.0,0.0,0.0,1.0,0.0,0.0
3027,3,1.0,1.0,0.0,1.0,0.7639435323618421,4.833333492279053,0.0,8000.0,52.0,1.0,50.41666793823242,5.0,1.0,0.0,0.0,31.0,4,3,4,4,0.0,0.0,0.0,0.0,0.0,0.0,0.0,0.0,0.0,0.0,0.0,0.0,0.0,0.0,0.0,1.0,6.0,0.0,1,7.0,1.0,1.0,3.0,1.0,7.0,3.0,6.0,7.0,1750.0,1,0,1,0,0,1,0,0,1,1,0,1,1,0,1,0,0,0,0,0,0,0,0,0,0,0,0,0,0,0,4.0,1.0,3500.0,2604.58984375,1500.0,1500.0,3052.294921875,1500.0,8.716795921325684,8.006367683410645,4.0,0.0,5.0,2.0,9500.0,11750.0,16000.0,16000.0,10625.0,16000.0,3612.5,3400.0,1563.8399658203125,569.0700073242188,0.0,2800.0,6200.0,3800.0,1700.0,0.0,9145.41015625,14500.0,2.2739431858062744,3.720930337905884,0.4000000059604645,0.6000000238418579,0.6000000238418579,0.5333333611488342,0.0,0.0,0.0,0.0,1.0,0.0,1.0,0.0,0.0,5.0,4.0,0.0,1.0,1.0,1.0,1.0,1.0,1.0,1.0,0.0,0.0,1.0,1.0
3030,3,0.0,1.0,0.0,1.0,1.597889990719774,3.3333332538604736,0.0,1000.0,20.0,0.0,52.16666793823242,4.0,1.0,0.0,1.0,0.0,5,1,3,2,0.0,0.0,0.0,0.0,0.0,0.0,0.0,0.0,0.0,0.0,0.0,0.0,0.0,0.0,0.0,0.0,2.0,0.0,1,8.0,1.0,1.0,,,,1.0,6.5,6.0,1250.0,,,,,,,,,,,,,,,,,,,,,,,,,,,,,,,10.0,1.0,100000.0,108495.390625,5889.0,5889.0,104247.6953125,5889.0,13.022411346435547,9.37398910522461,0.0,10.0,1.0,1.0,289000.0,323000.0,9000.0,9000.0,306000.0,9000.0,0.0,22000.0,18305.259765625,202521.3125,0.0,0.0,1600.0,340.0,640.0,531.0,234896.609375,3111.0,15.121163368225098,90.0,,,,,,,,,1.0,0.0,0.0,7.0,7.0,4.0,6.0,0.0,0.0,1.0,1.0,1.0,1.0,1.0,0.0,0.0,0.0,1.0,0.0
3033,3,1.0,1.0,0.0,1.0,4.9347234409078915,5.833333492279053,0.0,3000.0,30.0,1.0,48.0,4.0,1.0,0.0,0.0,40.0,1,1,5,4,0.0,0.0,0.0,0.0,0.0,0.0,0.0,0.0,0.0,0.0,0.0,0.0,0.0,0.0,0.0,1.0,4.0,0.0,3,9.0,1.0,1.0,6.0,5.0,,1.0,6.5,6.0,1250.0,1,0,1,1,1,1,0,0,0,1,0,1,1,0,1,1,1,0,0,1,1,0,0,0,0,1,0,0,0,1,5.0,1.0,7200.0,6472.0400390625,3630.0,3630.0,6836.02001953125,3630.0,9.52310848236084,8.890134811401367,5.0,0.0,4.0,0.0,11240.0,14740.0,9530.0,9530.0,12990.0,9530.0,0.0,3400.0,1317.8900146484375,3550.070068359375,0.0,3000.0,2400.0,500.0,0.0,0.0,8267.9599609375,5900.0,26.510746002197266,3.176666736602783,0.800000011920929,0.4000000059604645,0.6000000238418579,0.6000000238418579,0.6000000238418579,0.20000000298023224,0.4000000059604645,0.4000000059604645,1.0,0.0,1.0,0.0,0.0,4.0,6.0,0.0,1.0,0.0,1.0,1.0,1.0,1.0,0.0,0.0,0.0,1.0,1.0
3036,3,1.0,1.0,1.0,0.0,2.729345153950656,0.0,0.0,0.0,52.0,1.0,49.66666793823242,2.0,1.0,0.0,1.0,3.0,3,1,4,3,0.0,0.0,0.0,0.0,0.0,0.0,0.0,0.0,0.0,0.0,0.0,0.0,1.0,0.0,0.0,0.0,0.0,0.0,1,8.0,1.0,1.0,3.5,5.0,5.5,5.0,5.5,6.0,1250.0,1,0,1,0,1,1,1,1,1,1,0,1,1,1,1,0,0,1,1,1,0,0,0,0,0,0,0,0,0,0,4.0,1.0,2200.0,549.85009765625,9850.0,9850.0,1374.925048828125,9850.0,7.919301986694336,9.888374328613281,0.0,4.0,0.0,0.0,8000.0,3000.0,10000.0,30000.0,5500.0,20000.0,650.0,800.0,400.1400146484375,200.0,0.0,6500.0,0.0,10000.0,3650.0,0.0,2450.14990234375,20150.0,8.461538314819336,2.857142925262451,0.6000000238418579,1.0,0.800000011920929,0.800000011920929,0.6000000238418579,0.0,0.0,0.20000000298023224,1.0,0.0,0.0,5.0,1.0,10.0,6.0,0.0,1.0,1.0,1.0,1.0,1.0,0.0,0.0,0.0,1.0,1.0,0.0
3039,3,1.0,1.0,1.0,0.0,11.048416571090417,7.0,1.0,0.0,36.0,0.0,52.75,0.0,1.0,0.0,0.0,0.0,2,6,1,2,0.0,0.0,0.0,0.0,0.0,0.0,0.0,0.0,0.0,1.0,0.0,0.0,0.0,0.0,0.0,0.0,6.0,0.0,1,6.0,1.0,1.0,4.0,4.0,6.5,3.0,6.0,6.0,1750.0,0,0,0,0,0,0,0,0,1,0,1,1,1,0,1,1,1,0,0,0,0,0,0,0,0,0,0,0,0,0,0.0,0.0,0.0,0.0,-1530.0,-1530.0,0.0,-1530.0,0.0,-8.02617073059082,0.0,0.0,2.0,7.0,0.0,0.0,9000.0,7000.0,0.0,8000.0,0.0,0.0,0.0,0.0,0.0,5100.0,2400.0,950.0,80.0,0.0,0.0,8530.0,15.121163368225098,1.5094339847564697,0.0,0.20000000298023224,0.800000011920929,0.3333333432674408,0.4000000059604645,0.0,0.0,0.13333334028720856,0.0,0.0,1.0,5.0,5.0,10.0,6.0,0.0,0.0,1.0,1.0,0.0,1.0,1.0,0.0,1.0,1.0,1.0,1.0
3041,3,1.0,1.0,0.0,0.0,,2.3333332538604736,1.0,17100.0,60.0,0.0,43.25,2.0,1.0,0.0,0.0,0.0,2,5,6,1,0.0,0.0,0.0,0.0,0.0,0.0,0.0,0.0,0.0,0.0,0.0,0.0,0.0,1.0,0.0,0.0,2.0,0.0,3,,0.0,0.0,,,,,,,,0,0,1,1,0,1,1,0,1,1,0,1,1,1,1,0,0,0,0,0,0,0,0,0,0,0,0,0,0,0,1.5,1.0,4000.0,2945.75,5423.0,5423.0,3472.875,5423.0,8.845885276794434,9.29155158996582,1.0,1.0,1.0,1.0,9000.0,10000.0,12500.0,14650.0,9500.0,13575.0,5206.25,1100.0,242.25,505.75,0.0,7627.0,1100.0,200.0,300.0,0.0,7054.25,9227.0,1.7531718015670776,1.7343809604644775,0.4000000059604645,0.800000011920929,0.800000011920929,0.6666666865348816,0.0,0.0,0.0,0.0,1.0,0.0,1.0,,,,,1.0,0.0,1.0,1.0,1.0,1.0,1.0,1.0,1.0,0.0,1.0,0.0
3047,3,1.0,1.0,1.0,0.0,8.522187832332662,5.666666507720947,1.0,24000.0,49.0,1.0,60.0,0.0,0.0,1.0,0.0,0.0,2,1,5,3,0.0,0.0,0.0,0.0,0.0,0.0,1.0,0.0,0.0,0.0,0.0,0.0,0.0,0.0,0.0,0.0,0.0,0.0,3,8.0,1.0,1.0,2.5,3.5,6.0,3.0,7.0,7.0,1750.0,0,0,1,1,0,0,0,0,0,1,0,1,1,1,0,0,1,0,0,1,0,0,1,0,0,0,0,0,0,0,0.0,1.0,1000.0,1912.5,172.0,172.0,1456.25,172.0,7.976767063140869,5.8406500816345215,0.0,0.0,0.0,0.0,18530.0,18530.0,3600.0,4400.0,18530.0,4000.0,14875.0,0.0,1530.0,212.5,0.0,2479.0,0.0,1353.0,396.0,0.0,16617.5,4228.0,1.1945205926895142,1.3518080711364746,0.4000000059604645,0.20000000298023224,0.6000000238418579,0.4000000059604645,0.4000000059604645,0.20000000298023224,0.0,0.20000000298023224,1.0,0.0,1.0,2.0,6.0,9.0,4.0,0.0,0.0,1.0,1.0,1.0,1.0,0.0,1.0,1.0,1.0,0.0,1.0
3056,3,1.0,1.0,0.0,1.0,12.89395379664832,5.666666507720947,0.0,10000.0,20.0,0.0,53.83333206176758,1.0,1.0,0.0,1.0,0.0,2,3,4,3,0.0,0.0,0.0,0.0,0.0,0.0,0.0,0.0,0.0,0.0,0.0,0.0,0.0,0.0,0.0,0.0,0.0,0.0,1,8.0,1.0,1.0,4.0,2.0,7.0,3.0,7.0,6.0,1250.0,0,0,0,0,1,0,1,0,0,0,1,1,1,1,1,0,1,0,0,1,0,0,0,0,0,0,0,1,0,0,0.0,1.0,14000.0,15399.849609375,1070.0,1070.0,14699.9248046875,1070.0,10.288744926452637,7.6685614585876465,0.0,0.0,0.0,0.0,16250.0,16249.7900390625,2500.0,2500.0,16249.89453125,2500.0,269.0,0.0,202.97999572753906,377.9599914550781,0.0,750.0,0.0,230.0,450.0,0.0,849.9400024414062,1430.0,50.943302154541016,3.3333332538604736,0.20000000298023224,0.20000000298023224,1.0,0.46666666865348816,0.4000000059604645,0.0,0.20000000298023224,0.20000000298023224,1.0,0.0,0.0,14.0,7.0,14.0,15.0,0.0,0.0,1.0,1.0,1.0,1.0,0.0,1.0,0.0,0.0,0.0,1.0
3057,3,1.0,1.0,0.0,0.0,,1.6666667461395264,1.0,50.0,20.0,0.0,37.25,3.0,1.0,0.0,0.0,3.0,3,3,7,7,0.0,0.0,0.0,0.0,0.0,0.0,0.0,0.0,0.0,1.0,0.0,0.0,0.0,0.0,0.0,0.0,9.0,0.0,1,,0.0,0.0,,,,,,,,0,0,1,1,1,1,0,1,0,0,0,1,1,1,1,0,0,0,0,0,0,0,0,0,1,0,0,0,0,0,1.0,1.0,1500.0,2026.780029296875,3506.0,3506.0,1763.3900146484375,3506.0,8.168140411376953,8.855378150939941,0.0,1.0,0.0,18.0,3200.0,3200.0,5000.0,6900.0,3200.0,5950.0,446.25,0.0,302.010009765625,174.97000122070312,0.0,1634.0,200.0,500.0,820.0,240.0,1173.219970703125,3394.0,4.951567649841309,3.244274854660034,0.6000000238418579,0.4000000059604645,0.800000011920929,0.6000000238418579,0.0,0.20000000298023224,0.0,0.06666667014360428,1.0,0.0,0.0,,,,,1.0,1.0,1.0,1.0,1.0,1.0,1.0,0.0,1.0,0.0,0.0,0.0
3059,3,1.0,1.0,0.0,1.0,3.6533492127225475,5.916666507720947,1.0,0.0,45.0,1.0,33.08333206176758,3.0,1.0,0.0,0.0,0.0,2,0,0,0,0.0,1.0,0.0,0.0,0.0,0.0,0.0,0.0,0.0,0.0,0.0,0.0,0.0,0.0,0.0,0.0,2.0,0.0,1,7.0,1.0,1.0,2.0,3.5,6.0,6.0,6.0,7.0,75.0,0,0,0,0,0,0,0,0,0,0,0,0,0,0,0,0,0,0,0,0,0,0,0,0,0,0,0,0,0,0,0.0,0.0,0.0,0.0,7166.0,7166.0,0.0,7166.0,0.0,9.570250511169434,0.0,0.0,2.0,0.0,0.0,0.0,3200.0,19467.0,0.0,11333.5,0.0,0.0,0.0,0.0,0.0,4247.0,1600.0,1807.0,4647.0,0.0,0.0,12301.0,15.121163368225098,2.6685895919799805,0.0,0.0,0.0,0.0,0.0,0.0,0.0,0.0,0.0,0.0,1.0,6.0,1.0,4.0,5.0,0.0,0.0,1.0,0.0,0.0,0.0,1.0,0.0,1.0,1.0,1.0,1.0
3060,3,1.0,1.0,0.0,0.0,,2.4166667461395264,1.0,70000.0,24.0,0.0,55.66666793823242,0.0,1.0,0.0,0.0,1.0,2,3,7,7,0.0,1.0,0.0,0.0,0.0,0.0,0.0,0.0,0.0,0.0,0.0,0.0,0.0,0.0,0.0,0.0,1.0,0.0,3,,0.0,0.0,,,,,,,,0,0,1,0,0,0,1,0,1,0,0,1,1,1,1,0,0,0,0,0,0,0,0,0,0,0,0,0,0,0,1.0,1.0,3900.0,3527.919921875,4486.0,4486.0,3713.9599609375,4486.0,8.91300106048584,9.101863861083984,0.0,1.0,1.0,0.0,4000.0,4000.0,5000.0,6700.0,4000.0,5850.0,0.0,400.0,0.0,72.08000183105469,0.0,608.0,6.0,300.0,1300.0,0.0,472.0799865722656,2214.0,15.121163368225098,8.035714149475098,0.20000000298023224,0.4000000059604645,0.800000011920929,0.46666666865348816,0.0,0.0,0.0,0.0,1.0,0.0,0.0,,,,,1.0,1.0,1.0,1.0,1.0,1.0,0.0,1.0,1.0,0.0,0.0,0.0
3062,3,1.0,1.0,0.0,0.0,,20.83333396911621,1.0,0.0,40.0,1.0,55.33333206176758,3.0,1.0,0.0,1.0,14.0,3,0,0,0,0.0,0.0,0.0,0.0,0.0,0.0,0.0,0.0,0.0,0.0,0.0,0.0,0.0,0.0,0.0,1.0,14.5,0.0,6,,0.0,0.0,,,,,,,,1,1,1,1,1,1,0,1,0,0,1,1,1,1,0,1,1,1,1,1,1,1,1,1,1,1,1,1,1,1,14.5,1.0,50000.0,24147.62890625,50490.0,50490.0,37073.8125,50490.0,11.213813781738281,11.522677421569824,14.0,1.0,14.0,1.0,76600.0,76600.0,12000.0,63100.0,76600.0,37550.0,9000.0,40000.0,2257.389892578125,1194.97998046875,0.0,3000.0,9000.0,550.0,60.0,0.0,52452.37109375,12610.0,7.660796642303467,11.378787994384766,1.0,0.4000000059604645,0.800000011920929,0.7333333492279053,1.0,1.0,1.0,1.0,0.0,1.0,1.0,,,,,1.0,1.0,1.0,0.0,0.0,0.0,1.0,0.0,1.0,1.0,1.0,1.0
3066,3,1.0,1.0,0.0,0.0,,1.0833333730697632,0.0,1000.0,40.0,0.0,32.5,1.0,1.0,0.0,1.0,0.0,4,0,0,0,0.0,0.0,0.0,0.0,0.0,0.0,0.0,0.0,0.0,0.0,0.0,0.0,1.0,0.0,0.0,0.0,1.0,0.0,1,,0.0,0.0,,,,,,,,1,0,1,1,1,1,1,0,0,1,1,1,0,1,1,1,1,1,0,1,1,1,1,1,1,1,1,1,1,1,1.0,1.0,400.0,940.010009765625,810.0,810.0,670.0050048828125,810.0,7.200432777404785,7.390182018280029,0.0,1.0,1.0,0.0,1150.0,2200.0,2000.0,2000.0,1675.0,2000.0,0.0,1050.0,149.97999572753906,60.0099983215332,0.0,200.0,300.0,370.0,320.0,0.0,1259.989990234375,1190.0,15.121163368225098,9.090909004211426,0.800000011920929,0.6000000238418579,0.800000011920929,0.7333333492279053,0.800000011920929,1.0,1.0,0.9333333373069763,0.0,0.0,0.0,,,,,1.0,0.0,1.0,0.0,0.0,0.0,0.0,0.0,0.0,0.0,0.0,0.0
3070,3,1.0,1.0,0.0,1.0,5.769450469174329,1.8333332538604736,1.0,5000.0,60.0,1.0,39.16666793823242,2.0,1.0,0.0,1.0,6.0,4,2,7,7,0.0,0.0,0.0,0.0,0.0,0.0,0.0,0.0,1.0,0.0,0.0,0.0,0.0,0.0,0.0,0.0,2.5,0.0,1,4.0,1.0,0.0,,4.5,,,,,,1,1,1,0,1,1,1,0,0,0,0,1,1,1,1,1,1,1,1,1,1,1,1,1,1,1,1,0,0,1,5.0,1.0,8000.0,16695.0078125,750.0,750.0,12347.50390625,750.0,10.11435604095459,7.313220977783203,4.0,2.0,2.0,1.0,117395.0,140895.0,6000.0,7000.0,129145.0,6500.0,69999.96875,28000.0,18000.099609375,2199.919921875,6000.0,2400.0,1000.0,1700.0,1150.0,0.0,124199.9921875,6250.0,1.8449293375015259,2.5,0.800000011920929,0.4000000059604645,0.800000011920929,0.6666666865348816,1.0,1.0,0.6000000238418579,0.8666666746139526,1.0,0.0,1.0,10.0,6.0,,,0.0,1.0,1.0,1.0,1.0,1.0,1.0,1.0,1.0,0.0,0.0,0.0
3071,3,1.0,1.0,1.0,0.0,0.43329721391029624,1.8333332538604736,0.0,1500.0,40.0,1.0,40.83333206176758,2.0,1.0,0.0,1.0,0.0,2,1,4,2,0.0,0.0,0.0,0.0,0.0,0.0,0.0,0.0,0.0,0.0,0.0,0.0,0.0,0.0,0.0,1.0,2.0,0.0,3,7.0,1.0,1.0,,1.0,5.0,4.0,6.0,5.0,1750.0,1,0,1,0,1,1,1,0,0,0,0,1,1,0,1,1,0,0,0,1,1,1,0,0,0,1,1,0,0,0,4.0,1.0,4000.0,4736.06982421875,-850.0,-850.0,4368.03515625,-850.0,9.075215339660645,-7.438384056091309,4.0,0.0,2.0,0.0,11360.0,11360.0,5000.0,5000.0,11360.0,5000.0,1000.0,5300.0,223.92999267578125,100.0,0.0,2000.0,2000.0,1300.0,550.0,0.0,6623.93017578125,5850.0,9.878432273864746,2.2727272510528564,0.6000000238418579,0.4000000059604645,0.6000000238418579,0.5333333611488342,0.4000000059604645,0.4000000059604645,0.4000000059604645,0.4000000059604645,1.0,0.0,0.0,,,4.0,5.0,0.0,0.0,1.0,1.0,1.0,1.0,1.0,0.0,0.0,1.0,0.0,0.0
3073,3,1.0,1.0,0.0,0.0,,12.5,0.0,100.0,60.0,0.0,33.5,1.0,1.0,0.0,1.0,0.0,2,2,7,7,0.0,0.0,0.0,0.0,0.0,0.0,1.0,0.0,0.0,0.0,0.0,0.0,0.0,0.0,0.0,0.0,1.0,0.0,3,,0.0,0.0,,,,,,,,0,1,1,1,0,1,1,0,1,1,0,1,1,1,0,0,0,0,0,0,0,0,0,0,0,0,0,0,0,0,0.5,1.0,2500.0,67637.6015625,10380.0,10380.0,35068.80078125,10380.0,11.158214569091797,9.940783500671387,0.0,1.0,1.0,0.0,20000.0,148750.0,15000.0,20000.0,84375.0,17500.0,74375.0,1912.5,3677.39990234375,1147.5,0.0,6000.0,1500.0,1270.0,850.0,0.0,81112.3984375,9620.0,1.0950325727462769,2.822580575942993,0.6000000238418579,0.800000011920929,0.6000000238418579,0.6666666865348816,0.0,0.0,0.0,0.0,1.0,0.0,1.0,,,,,1.0,0.0,1.0,1.0,1.0,1.0,0.0,0.0,0.0,1.0,1.0,1.0
3077,3,1.0,1.0,0.0,0.0,,1.75,0.0,15000.0,40.0,1.0,39.08333206176758,1.0,1.0,0.0,1.0,0.0,2,1,4,4,0.0,0.0,0.0,0.0,0.0,0.0,0.0,0.0,0.0,0.0,0.0,1.0,0.0,0.0,0.0,0.0,4.0,0.0,9,,0.0,0.0,,,,,,,,1,1,1,1,0,1,0,0,1,1,0,1,1,1,1,1,0,1,1,1,1,0,0,1,0,0,0,0,0,0,3.5,1.0,30000.0,24505.310546875,-700.0,-700.0,27252.65625,-700.0,10.90605354309082,-7.244227886199951,3.0,1.0,3.0,2.0,50000.0,50000.0,12000.0,22800.0,50000.0,17400.0,16000.0,8100.0,1139.68994140625,255.0,0.0,15000.0,4000.0,2300.0,2200.0,0.0,25494.689453125,23500.0,3.012044668197632,1.122580647468567,0.800000011920929,0.6000000238418579,0.800000011920929,0.7333333492279053,0.800000011920929,0.4000000059604645,0.0,0.4000000059604645,1.0,1.0,1.0,,,,,1.0,0.0,1.0,1.0,1.0,1.0,1.0,1.0,0.0,0.0,1.0,0.0
3079,3,1.0,1.0,0.0,0.0,,2.5,0.0,200.0,52.0,1.0,42.16666793823242,2.0,1.0,0.0,1.0,0.0,2,0,0,0,0.0,0.0,0.0,0.0,0.0,0.0,1.0,0.0,0.0,0.0,0.0,0.0,0.0,0.0,0.0,0.0,1.0,0.0,1,,0.0,0.0,,,,,,,,1,0,0,0,0,0,0,0,1,1,0,0,1,0,0,0,0,0,0,0,0,0,0,0,0,0,0,0,0,0,0.5,1.0,1700.0,1340.1298828125,4275.0,4275.0,1520.06494140625,4275.0,8.019655227661133,9.053686141967773,0.0,1.0,1.0,0.0,4250.0,4250.0,3900.0,6000.0,4250.0,4950.0,2590.0,150.0,139.91000366210938,29.959999084472656,0.0,560.0,1000.0,135.0,30.0,0.0,2909.8701171875,1725.0,1.5799256563186646,7.557251930236816,0.20000000298023224,0.4000000059604645,0.20000000298023224,0.2666666805744171,0.0,0.0,0.0,0.0,0.0,0.0,0.0,,,,,1.0,0.0,1.0,0.0,0.0,0.0,0.0,0.0,0.0,0.0,0.0,0.0
3080,3,1.0,1.0,0.0,0.0,,1.4166666269302368,1.0,5000.0,45.0,0.0,27.41666603088379,0.0,1.0,0.0,0.0,23.0,1,1,5,1,0.0,0.0,0.0,0.0,1.0,0.0,0.0,0.0,0.0,0.0,0.0,0.0,0.0,0.0,0.0,0.0,0.0,0.0,8,,0.0,0.0,,,,,,,,1,0,1,0,1,1,1,0,1,1,1,1,1,1,1,1,1,1,1,1,1,1,0,1,1,1,1,0,0,1,1.0,1.0,5000.0,2101.68017578125,4850.0,4850.0,3550.840087890625,4850.0,8.868086814880371,9.17988109588623,0.0,1.0,0.0,0.0,5000.0,9550.0,8000.0,8000.0,7275.0,8000.0,5300.009765625,1000.0,812.5599975585938,335.75,0.0,3000.0,0.0,100.0,50.0,0.0,7448.31982421875,3150.0,1.319725513458252,2.5806450843811035,0.6000000238418579,0.800000011920929,1.0,0.800000011920929,1.0,0.800000011920929,0.6000000238418579,0.800000011920929,1.0,1.0,1.0,,,,,1.0,1.0,0.0,1.0,1.0,1.0,0.0,1.0,1.0,0.0,1.0,0.0
3081,3,0.0,1.0,0.0,1.0,6.574785202776271,3.6666667461395264,1.0,5000.0,42.0,0.0,32.08333206176758,2.0,1.0,0.0,1.0,0.0,1,4,5,5,0.0,0.0,0.0,0.0,0.0,0.0,0.0,0.0,0.0,0.0,0.0,1.0,0.0,0.0,0.0,0.0,0.5,0.0,9,8.0,1.0,1.0,,,5.0,6.0,6.0,2.0,750.0,,,,,,,,,,,,,,,,,,,,,,,,,,,,,,,1.0,1.0,500.0,283.71002197265625,568.0,568.0,391.8550109863281,568.0,6.664040565490723,7.035269260406494,1.0,0.0,0.0,1.0,2000.0,1100.0,900.0,2040.0,1550.0,1470.0,210.0,500.0,106.29000091552734,0.0,0.0,800.0,240.0,340.0,92.0,0.0,816.2899780273438,1472.0,6.138613700866699,1.75,,,,,,,,,0.0,1.0,1.0,10.0,6.0,9.0,4.0,0.0,0.0,0.0,1.0,1.0,1.0,0.0,1.0,1.0,0.0,0.0,1.0
3084,3,1.0,1.0,0.0,0.0,,4.083333492279053,1.0,356000.0,49.0,1.0,45.41666793823242,3.0,1.0,0.0,1.0,0.0,2,3,7,6,0.0,0.0,0.0,0.0,0.0,1.0,0.0,0.0,0.0,0.0,0.0,0.0,0.0,0.0,0.0,0.0,0.0,1.0,1,,0.0,0.0,,,,,,,,0,0,0,0,0,0,0,0,1,0,1,1,1,1,1,1,1,1,1,1,1,1,1,1,1,1,1,1,1,1,2.0,1.0,25000.0,34608.6015625,14071.0,14071.0,29804.30078125,14071.0,10.99555492401123,10.245018005371094,0.0,3.0,0.0,0.0,62925.0,62925.0,41000.0,33000.0,62925.0,37000.0,0.0,13170.58984375,5312.5,4833.31005859375,5000.0,5600.0,0.0,0.0,2552.0,10777.0,28316.400390625,18929.0,15.121163368225098,6.607142925262451,0.0,0.20000000298023224,1.0,0.4000000059604645,1.0,1.0,1.0,1.0,1.0,0.0,1.0,,,,,1.0,0.0,1.0,1.0,1.0,1.0,0.0,1.0,1.0,0.0,1.0,1.0
3085,3,1.0,1.0,0.0,1.0,,1.0,1.0,2500.0,40.0,0.0,25.66666603088379,0.0,1.0,0.0,1.0,1.0,2,3,7,2,0.0,1.0,0.0,0.0,0.0,0.0,0.0,0.0,0.0,0.0,0.0,0.0,0.0,0.0,0.0,0.0,1.0,0.0,1,,0.0,0.0,,,,,,,,1,1,1,0,1,1,0,0,1,1,0,1,1,1,1,0,1,1,1,1,1,1,1,1,0,0,0,0,0,0,0.0,0.0,0.0,0.0,-1800.0,-1800.0,0.0,-1800.0,0.0,-8.188689231872559,0.0,0.0,1.0,0.0,0.0,0.0,10000.0,10000.0,0.0,10000.0,0.0,0.0,0.0,0.0,0.0,2500.0,3000.0,3400.0,1900.0,1000.0,0.0,11800.0,15.121163368225098,4.0,0.800000011920929,0.6000000238418579,0.800000011920929,0.7333333492279053,0.800000011920929,0.800000011920929,0.0,0.5333333611488342,1.0,0.0,0.0,,,,,0.0,1.0,1.0,1.0,1.0,1.0,0.0,0.0,1.0,0.0,1.0,0.0
3086,3,1.0,1.0,0.0,1.0,,3.1666667461395264,0.0,6000.0,35.0,1.0,56.25,2.0,1.0,0.0,1.0,45.0,2,2,7,5,0.0,0.0,1.0,0.0,0.0,0.0,0.0,0.0,0.0,0.0,0.0,0.0,0.0,0.0,0.0,0.0,0.0,0.0,1,,0.0,0.0,,,,,,,,1,0,1,1,0,1,0,0,0,0,0,1,1,1,1,0,0,0,0,0,0,0,0,0,0,0,0,0,0,0,0.0,0.0,0.0,0.0,1610.0,1610.0,0.0,1610.0,0.0,8.077136993408203,0.0,0.0,0.0,0.0,0.0,0.0,4000.0,3500.0,0.0,3750.0,0.0,0.0,0.0,0.0,0.0,900.0,0.0,340.0,400.0,250.0,0.0,1890.0,15.121163368225098,3.75,0.6000000238418579,0.20000000298023224,0.800000011920929,0.5333333611488342,0.0,0.0,0.0,0.0,1.0,0.0,0.0,,,,,0.0,1.0,1.0,1.0,1.0,1.0,0.0,1.0,0.0,0.0,0.0,0.0
3087,3,1.0,1.0,1.0,0.0,5.2639045400093964,5.666666507720947,0.0,3000.0,25.0,1.0,43.33333206176758,2.0,1.0,0.0,0.0,0.0,2,0,0,0,0.0,0.0,0.0,0.0,0.0,0.0,0.0,1.0,0.0,0.0,0.0,0.0,0.0,0.0,0.0,0.0,1.0,0.0,1,6.0,1.0,1.0,5.0,6.0,6.5,5.0,6.0,7.0,325.0,0,1,1,1,0,0,1,0,1,0,0,1,1,1,1,0,0,0,1,1,0,0,0,0,0,1,1,0,0,0,0.0,0.0,0.0,0.0,1050.0,1050.0,0.0,1050.0,0.0,7.649693012237549,0.0,0.0,0.0,2.0,0.0,0.0,4000.0,4500.0,0.0,4250.0,0.0,0.0,0.0,0.0,0.0,2000.0,0.0,1050.0,400.0,0.0,0.0,3450.0,15.121163368225098,1.9767441749572754,0.6000000238418579,0.4000000059604645,0.800000011920929,0.6000000238418579,0.4000000059604645,0.0,0.4000000059604645,0.2666666805744171,0.0,0.0,0.0,8.0,6.0,11.0,13.0,0.0,0.0,1.0,0.0,0.0,0.0,0.0,0.0,0.0,0.0,0.0,1.0
3088,3,1.0,1.0,0.0,1.0,3.5188073058607636,0.5833333134651184,1.0,3500.0,40.0,0.0,58.16666793823242,1.0,1.0,0.0,1.0,18.0,2,4,1,4,0.0,0.0,1.0,0.0,0.0,0.0,0.0,0.0,0.0,0.0,0.0,0.0,0.0,0.0,0.0,0.0,1.0,0.0,3,6.0,1.0,1.0,5.5,7.0,6.0,7.0,6.0,6.0,1750.0,0,0,0,0,0,0,0,0,0,0,0,0,0,0,0,0,0,0,0,0,0,0,0,0,0,0,0,0,0,0,0.0,0.0,0.0,0.0,2050.0,2050.0,0.0,2050.0,0.0,8.318742752075195,0.0,0.0,0.0,2.0,0.0,0.0,6000.0,7000.0,0.0,6500.0,0.0,0.0,0.0,0.0,0.0,1000.0,200.0,1250.0,500.0,2000.0,0.0,4950.0,15.121163368225098,6.5,0.0,0.0,0.0,0.0,0.0,0.0,0.0,0.0,1.0,0.0,0.0,8.0,9.0,9.0,11.0,0.0,1.0,1.0,1.0,0.0,1.0,0.0,1.0,1.0,0.0,0.0,0.0
3100,3,1.0,1.0,0.0,1.0,5.899006971785931,5.916666507720947,1.0,5000.0,45.0,0.0,40.08333206176758,0.0,1.0,0.0,0.0,0.0,2,1,7,1,0.0,0.0,0.0,0.0,0.0,0.0,0.0,0.0,0.0,0.0,1.0,0.0,0.0,0.0,0.0,0.0,0.0,0.0,1,8.0,1.0,1.0,4.0,3.0,6.0,6.0,6.0,6.0,75.0,1,0,1,0,0,1,0,0,1,1,0,0,0,0,1,1,0,0,0,0,0,0,0,0,0,0,0,0,0,0,0.0,1.0,5000.0,2499.080078125,855.0,855.0,3749.5400390625,855.0,8.92253589630127,7.444249153137207,0.0,0.0,0.0,0.0,2.0,3759.0,4000.0,2400.0,1880.5,3200.0,750.0,0.0,459.94000244140625,49.97999954223633,0.0,500.0,0.0,825.0,220.0,0.0,1259.9200439453125,1545.0,2.507333278656006,5.5652174949646,0.4000000059604645,0.6000000238418579,0.20000000298023224,0.4000000059604645,0.20000000298023224,0.0,0.0,0.06666667014360428,1.0,0.0,1.0,5.0,4.0,6.0,13.0,0.0,0.0,1.0,1.0,1.0,1.0,0.0,1.0,1.0,1.0,0.0,1.0
3105,3,1.0,1.0,0.0,0.0,,10.916666984558105,0.0,5000.0,45.0,0.0,37.08333206176758,2.0,1.0,0.0,0.0,25.0,1,2,6,1,0.0,0.0,0.0,1.0,0.0,0.0,0.0,0.0,0.0,0.0,0.0,0.0,0.0,0.0,0.0,0.0,1.0,0.0,1,,0.0,0.0,,,,,,,,1,0,1,0,1,1,1,0,1,1,0,1,1,1,1,0,0,0,0,0,0,0,1,0,1,1,1,0,0,0,2.0,1.0,3000.0,4280.5595703125,6980.0,6980.0,3640.27978515625,6980.0,8.892963409423828,9.543951034545898,2.0,0.0,1.0,0.0,12000.0,15000.0,5000.0,10000.0,13500.0,7500.0,7099.97021484375,1800.0,1224.8499755859375,594.6199951171875,0.0,0.0,1200.0,1450.0,370.0,0.0,10719.4404296875,3020.0,1.6981195211410522,30.0,0.6000000238418579,0.800000011920929,0.800000011920929,0.7333333492279053,0.0,0.4000000059604645,0.4000000059604645,0.2666666805744171,1.0,0.0,1.0,,,,,1.0,1.0,0.0,1.0,1.0,1.0,0.0,1.0,0.0,1.0,0.0,1.0
3109,3,0.0,1.0,1.0,0.0,,3.8333332538604736,1.0,500.0,40.0,0.0,25.58333396911621,0.0,1.0,0.0,0.0,0.0,2,1,7,1,0.0,0.0,0.0,0.0,0.0,1.0,0.0,0.0,0.0,0.0,0.0,0.0,0.0,0.0,0.0,0.0,2.0,1.0,1,,0.0,0.0,,,,,,,,,,,,,,,,,,,,,,,,,,,,,,,,,,,,,,1.0,1.0,30000.0,17783.310546875,12505.0,12505.0,23891.65625,12505.0,10.774432182312012,10.127031326293945,1.0,0.0,1.0,1.0,30000.0,38000.0,2000.0,38000.0,34000.0,20000.0,0.0,4000.0,13454.26953125,2762.419921875,0.0,7500.0,1900.0,15000.0,1095.0,0.0,20216.689453125,25495.0,15.121163368225098,2.5,,,,,,,,,1.0,0.0,1.0,,,,,0.0,0.0,1.0,1.0,1.0,1.0,1.0,0.0,1.0,1.0,1.0,1.0
3114,3,1.0,1.0,1.0,0.0,5.0335133977897435,7.416666507720947,1.0,9000.0,126.0,0.0,36.5,2.0,1.0,0.0,0.0,0.0,2,1,3,1,0.0,0.0,0.0,0.0,0.0,0.0,0.0,0.0,0.0,0.0,0.0,0.0,1.0,0.0,0.0,0.0,3.0,0.0,12,8.0,1.0,1.0,5.0,6.5,7.0,1.0,7.0,7.0,2250.0,1,0,0,0,1,0,1,0,0,0,1,1,1,1,0,1,1,0,0,0,0,0,0,0,0,0,0,0,0,0,2.0,1.0,0.0,1899.9501953125,4283.0,4283.0,949.97509765625,4283.0,7.549583435058594,9.055556297302246,2.0,0.0,3.0,0.0,10000.0,11500.0,14000.0,14000.0,10750.0,14000.0,0.0,5750.0,1300.0799560546875,2549.969970703125,0.0,667.0,6000.0,2600.0,450.0,0.0,9600.0498046875,9717.0,15.121163368225098,20.989505767822266,0.4000000059604645,0.20000000298023224,0.800000011920929,0.46666666865348816,0.4000000059604645,0.0,0.0,0.13333334028720856,1.0,1.0,1.0,2.0,1.0,9.0,6.0,0.0,0.0,1.0,1.0,1.0,1.0,1.0,1.0,1.0,1.0,1.0,1.0
3122,3,0.0,1.0,0.0,0.0,,3.0833332538604736,1.0,5000.0,40.0,0.0,37.5,2.0,1.0,0.0,0.0,4.0,3,2,7,5,0.0,1.0,0.0,0.0,0.0,0.0,0.0,0.0,0.0,0.0,0.0,0.0,0.0,0.0,0.0,0.0,1.5,0.0,1,,0.0,0.0,,,,,,,,,,,,,,,,,,,,,,,,,,,,,,,,,,,,,,2.5,1.0,8300.0,8776.779296875,2300.0,2300.0,8538.3896484375,2300.0,9.745474815368652,8.43381118774414,0.0,4.0,0.0,3.0,3794.0,37900.0,7000.0,7000.0,20847.0,7000.0,21431.0,5040.0,2353.989990234375,298.22998046875,0.0,900.0,2520.0,1180.0,100.0,0.0,29123.220703125,4700.0,0.9727497696876526,7.777777671813965,,,,,,,,,1.0,0.0,1.0,,,,,1.0,1.0,1.0,1.0,1.0,1.0,1.0,1.0,1.0,0.0,0.0,0.0
3124,3,1.0,1.0,0.0,0.0,,0.6666666865348816,1.0,1000.0,48.0,1.0,58.08333206176758,0.0,1.0,0.0,1.0,7.0,2,1,4,1,0.0,0.0,0.0,0.0,0.0,0.0,0.0,1.0,0.0,0.0,0.0,0.0,0.0,0.0,0.0,0.0,4.5,0.0,1,,0.0,0.0,,,,,,,,1,1,1,0,0,0,0,0,0,0,0,0,0,0,0,0,0,0,0,0,0,0,0,0,0,0,0,0,0,0,1.0,1.0,400.0,1135.64990234375,-1050.0,-1050.0,767.824951171875,-1050.0,7.336709499359131,-7.649693012237549,1.0,0.0,2.0,5.0,800.0,3300.0,2500.0,41250.0,2050.0,21875.0,400.0,0.0,1604.3800048828125,159.97000122070312,0.0,30000.0,9000.0,1700.0,1600.0,0.0,2164.35009765625,42300.0,5.125,0.7291666865348816,0.6000000238418579,0.0,0.0,0.20000000298023224,0.0,0.0,0.0,0.0,1.0,0.0,1.0,,,,,1.0,1.0,1.0,1.0,1.0,1.0,1.0,0.0,1.0,1.0,1.0,0.0
3127,3,1.0,1.0,0.0,0.0,,0.0,1.0,50000.0,56.0,0.0,47.91666793823242,3.0,1.0,0.0,0.0,0.0,3,0,0,0,0.0,0.0,0.0,1.0,0.0,0.0,0.0,0.0,0.0,0.0,0.0,0.0,0.0,0.0,0.0,0.0,2.0,0.0,1,,0.0,0.0,,,,,,,,1,1,0,0,1,1,0,0,1,1,0,1,1,1,0,1,1,0,1,0,0,1,0,0,0,0,0,0,0,0,3.0,1.0,9000.0,38682.5703125,28730.0,28730.0,23841.28515625,28730.0,10.772320747375488,10.958844184875488,2.0,1.0,2.0,0.0,55000.0,53500.0,3500.0,40000.0,54250.0,21750.0,10200.0,3000.0,1214.949951171875,402.4800109863281,0.0,7000.0,1600.0,1270.0,950.0,450.0,14817.4296875,11270.0,5.166661739349365,3.0419580936431885,0.6000000238418579,0.6000000238418579,0.6000000238418579,0.6000000238418579,0.6000000238418579,0.20000000298023224,0.0,0.2666666805744171,0.0,0.0,1.0,,,,,1.0,0.0,1.0,0.0,0.0,0.0,1.0,1.0,1.0,0.0,1.0,0.0
3133,3,0.0,1.0,0.0,0.0,,2.8333332538604736,0.0,120.0,48.0,1.0,37.5,4.0,1.0,0.0,1.0,0.0,2,3,7,1,0.0,0.0,0.0,0.0,0.0,0.0,1.0,0.0,0.0,0.0,0.0,0.0,0.0,0.0,0.0,0.0,0.0,0.0,1,,0.0,0.0,,,,,,,,,,,,,,,,,,,,,,,,,,,,,,,,,,,,,,0.0,1.0,1410.0,1404.969970703125,1550.0,1550.0,1407.4849853515625,1550.0,7.942707061767578,8.03915786743164,0.0,0.0,0.0,0.0,2385.0,2385.0,3000.0,4000.0,2385.0,3500.0,915.0,0.0,60.0099983215332,5.019999980926514,0.0,2000.0,0.0,300.0,150.0,0.0,980.0299682617188,2450.0,2.4461288452148438,1.6666666269302368,,,,,,,,,1.0,0.0,0.0,,,,,1.0,0.0,1.0,1.0,1.0,1.0,0.0,0.0,0.0,0.0,0.0,0.0
3141,3,1.0,1.0,1.0,0.0,1.674454700201202,14.25,0.0,3500.0,60.0,1.0,43.25,4.0,1.0,0.0,0.0,0.0,2,1,5,1,0.0,0.0,0.0,0.0,0.0,0.0,0.0,0.0,0.0,0.0,1.0,0.0,0.0,0.0,0.0,0.0,0.0,0.0,1,7.0,1.0,1.0,6.0,4.0,7.0,6.0,6.5,7.0,75.0,1,1,1,1,1,1,0,0,1,1,0,1,1,1,1,1,0,0,0,0,0,0,0,0,0,0,0,0,0,0,1.0,1.0,1500.0,1851.75,2860.0,2860.0,1675.875,2860.0,8.11723804473877,8.651723861694336,1.0,0.0,0.0,0.0,2500.0,2500.0,4000.0,4000.0,2500.0,4000.0,300.0,0.0,220.75,127.5,0.0,640.0,0.0,400.0,100.0,0.0,648.25,1140.0,5.555802345275879,6.25,1.0,0.6000000238418579,0.800000011920929,0.800000011920929,0.20000000298023224,0.0,0.0,0.06666667014360428,1.0,0.0,0.0,1.0,6.0,4.0,5.0,0.0,0.0,1.0,1.0,1.0,1.0,0.0,1.0,0.0,0.0,0.0,1.0
3143,3,1.0,1.0,1.0,0.0,,2.5,0.0,10000.0,50.0,1.0,55.33333206176758,4.0,1.0,0.0,0.0,0.0,1,2,7,5,0.0,0.0,0.0,0.0,0.0,0.0,0.0,0.0,0.0,0.0,0.0,0.0,0.0,0.0,0.0,1.0,3.0,0.0,1,,0.0,0.0,,,,,,,,1,1,1,0,1,1,0,0,1,0,1,1,1,1,1,1,1,1,0,1,1,1,1,1,1,1,1,1,1,1,3.0,1.0,2500.0,1730.02001953125,2600.0,2600.0,2115.010009765625,2600.0,8.34996223449707,8.556413650512695,3.0,0.0,3.0,0.0,5000.0,6420.0,4000.0,6200.0,5710.0,5100.0,2050.0,1500.0,940.0599975585938,199.9199981689453,0.0,1300.0,1500.0,700.0,100.0,0.0,4689.97998046875,3600.0,2.122668743133545,2.8333332538604736,0.800000011920929,0.4000000059604645,1.0,0.7333333492279053,0.800000011920929,1.0,1.0,0.9333333373069763,0.0,0.0,0.0,,,,,0.0,0.0,0.0,1.0,1.0,1.0,1.0,1.0,0.0,0.0,0.0,0.0
3152,3,1.0,1.0,0.0,1.0,0.04086012735216903,7.833333492279053,1.0,20000.0,45.0,0.0,30.33333396911621,0.0,1.0,0.0,1.0,0.0,2,6,7,7,1.0,0.0,0.0,0.0,0.0,0.0,0.0,0.0,0.0,0.0,0.0,0.0,0.0,0.0,0.0,0.0,6.5,1.0,5,7.0,1.0,1.0,7.0,7.0,7.0,1.0,7.0,7.0,2250.0,0,0,0,0,0,1,1,1,1,1,0,1,0,1,1,1,1,1,1,1,1,1,1,1,1,1,1,1,1,1,17.5,1.0,4000.0,26999.30078125,18600.0,18600.0,15499.650390625,18600.0,10.341719627380371,10.524064064025879,0.0,30.0,0.0,13.0,30000.0,30000.0,30000.0,44000.0,30000.0,37000.0,1000.0,0.0,1000.6599731445312,1000.0399780273438,0.0,1500.0,15000.0,6700.0,1900.0,300.0,3000.699951171875,25400.0,30.0,21.764705657958984,0.0,1.0,0.6000000238418579,0.5333333611488342,1.0,1.0,1.0,1.0,1.0,0.0,1.0,5.0,6.0,7.0,10.0,0.0,0.0,1.0,1.0,1.0,1.0,1.0,1.0,1.0,1.0,1.0,1.0
3155,3,1.0,1.0,0.0,0.0,,3.5,0.0,6000.0,35.0,1.0,49.16666793823242,2.0,1.0,0.0,0.0,38.0,2,3,3,2,0.0,0.0,0.0,0.0,0.0,0.0,0.0,0.0,0.0,0.0,1.0,0.0,0.0,0.0,0.0,0.0,1.0,1.0,3,,0.0,0.0,,,,,,,,1,0,1,1,0,1,0,0,0,0,0,0,0,0,0,0,0,0,0,0,0,0,0,0,0,0,0,0,0,0,0.0,1.0,6500.0,2286.5400390625,4216.0,4216.0,4393.27001953125,4216.0,9.080976486206055,9.039789199829102,0.0,0.0,0.0,1.0,8000.0,11200.0,8000.0,8616.0,9600.0,8308.0,6000.0,0.0,2813.5,99.95999908447266,0.0,4000.0,0.0,350.0,50.0,0.0,8913.4599609375,4400.0,1.600000023841858,2.026341438293457,0.6000000238418579,0.20000000298023224,0.0,0.2666666805744171,0.0,0.0,0.0,0.0,1.0,0.0,1.0,,,,,1.0,1.0,1.0,1.0,1.0,1.0,0.0,1.0,0.0,0.0,1.0,1.0
3160,3,1.0,1.0,1.0,0.0,,14.166666984558105,1.0,16000.0,45.0,0.0,34.83333206176758,0.0,1.0,0.0,1.0,4.0,5,3,2,1,0.0,0.0,0.0,0.0,0.0,0.0,0.0,0.0,0.0,0.0,0.0,0.0,1.0,0.0,0.0,0.0,2.5,0.0,11,,0.0,0.0,,,,,,,,0,0,0,0,0,0,0,0,0,0,0,0,0,0,0,0,0,0,0,0,0,0,0,0,0,0,0,0,0,0,0.0,0.0,0.0,0.0,2515.0,2515.0,0.0,2515.0,0.0,8.523175239562988,0.0,0.0,2.0,1.0,0.0,0.0,2800.0,5000.0,0.0,3900.0,0.0,0.0,0.0,0.0,0.0,800.0,1200.0,360.0,125.0,0.0,0.0,2485.0,15.121163368225098,4.534883499145508,0.0,0.0,0.0,0.0,0.0,0.0,0.0,0.0,1.0,1.0,1.0,,,,,0.0,1.0,1.0,1.0,0.0,1.0,1.0,1.0,1.0,0.0,0.0,1.0
3161,3,1.0,1.0,0.0,1.0,5.911103872396372,2.4166667461395264,0.0,1500.0,40.0,0.0,45.66666793823242,2.0,1.0,0.0,1.0,3.0,2,4,7,6,0.0,0.0,0.0,0.0,0.0,0.0,0.0,0.0,0.0,0.0,0.0,0.0,1.0,0.0,0.0,0.0,2.0,0.0,5,7.0,1.0,1.0,4.0,5.5,6.5,6.0,6.0,6.0,750.0,1,1,1,0,1,1,1,0,1,1,1,1,1,1,1,0,0,0,0,0,0,0,0,0,0,0,0,0,0,0,1.0,1.0,8500.0,5199.7802734375,3820.0,3820.0,6849.89013671875,3820.0,9.525135040283203,8.941152572631836,1.0,0.0,2.0,0.0,8500.0,8500.0,8000.0,8400.0,8500.0,8200.0,0.0,3000.0,140.25,159.97000122070312,0.0,2480.0,1200.0,600.0,300.0,0.0,3300.219970703125,4580.0,15.121163368225098,3.3064515590667725,0.800000011920929,0.800000011920929,1.0,0.8666666746139526,0.0,0.0,0.0,0.0,1.0,0.0,0.0,9.0,9.0,8.0,11.0,0.0,1.0,1.0,1.0,1.0,1.0,1.0,0.0,0.0,0.0,1.0,0.0
3163,3,1.0,1.0,0.0,1.0,1.3866886211000231,0.4166666865348816,1.0,10000.0,45.0,1.0,31.75,1.0,1.0,0.0,1.0,0.0,3,0,0,0,0.0,0.0,0.0,0.0,0.0,0.0,0.0,0.0,0.0,1.0,0.0,0.0,0.0,0.0,0.0,0.0,3.0,0.0,3,7.0,1.0,1.0,3.0,5.0,7.0,6.0,6.5,6.0,750.0,1,1,1,1,0,0,0,0,0,0,0,0,0,0,0,0,0,0,0,0,0,0,0,0,0,0,0,0,0,0,0.0,0.0,0.0,0.0,230.0,230.0,0.0,230.0,0.0,6.131231307983398,0.0,0.0,1.0,2.0,0.0,0.0,20000.0,20000.0,0.0,20000.0,0.0,0.0,0.0,0.0,0.0,14000.0,2000.0,1200.0,570.0,2000.0,0.0,19770.0,15.121163368225098,1.408450722694397,0.800000011920929,0.0,0.0,0.2666666805744171,0.0,0.0,0.0,0.0,0.0,0.0,1.0,6.0,1.0,10.0,10.0,0.0,0.0,1.0,0.0,0.0,0.0,1.0,1.0,1.0,0.0,1.0,0.0
3166,3,1.0,1.0,1.0,0.0,,2.9166667461395264,1.0,0.0,45.0,0.0,46.91666793823242,4.0,1.0,0.0,1.0,0.0,2,0,0,0,1.0,0.0,0.0,0.0,0.0,0.0,0.0,0.0,0.0,0.0,0.0,0.0,0.0,0.0,0.0,0.0,2.5,0.0,1,,0.0,0.0,,,,,,,,0,0,1,0,0,1,0,0,0,1,0,0,0,1,1,1,0,0,0,0,0,0,1,0,0,0,0,1,0,0,0.0,0.0,0.0,0.0,-5954.0,-5954.0,0.0,-5954.0,0.0,-9.384965896606445,0.0,0.0,1.0,2.0,0.0,0.0,20000.0,20000.0,0.0,20000.0,0.0,0.0,0.0,0.0,0.0,7680.0,10200.0,2290.0,5784.0,0.0,0.0,25954.0,15.121163368225098,2.587322235107422,0.20000000298023224,0.4000000059604645,0.4000000059604645,0.3333333432674408,0.20000000298023224,0.20000000298023224,0.20000000298023224,0.20000000298023224,0.0,0.0,1.0,,,,,0.0,0.0,1.0,0.0,0.0,0.0,1.0,0.0,1.0,0.0,1.0,0.0
3168,3,1.0,1.0,0.0,0.0,,1.9166667461395264,0.0,0.0,40.0,1.0,30.5,2.0,1.0,0.0,0.0,1.0,2,0,0,0,0.0,0.0,0.0,0.0,0.0,0.0,0.0,0.0,0.0,0.0,0.0,1.0,0.0,0.0,0.0,0.0,0.5,0.0,9,,0.0,0.0,,,,,,,,1,0,1,0,0,0,1,0,0,0,0,1,1,1,1,0,0,0,0,0,0,0,0,0,0,0,0,0,0,0,0.0,1.0,0.0,0.0,52.0,52.0,0.0,52.0,0.0,4.64448356628418,0.0,0.0,0.0,1.0,0.0,0.0,1500.0,1500.0,0.0,1500.0,0.0,0.0,0.0,0.0,0.0,500.0,800.0,148.0,0.0,0.0,0.0,1448.0,15.121163368225098,2.5,0.4000000059604645,0.20000000298023224,0.800000011920929,0.46666666865348816,0.0,0.0,0.0,0.0,0.0,1.0,0.0,,,,,1.0,1.0,1.0,0.0,0.0,0.0,0.0,0.0,0.0,0.0,0.0,0.0
3170,3,1.0,1.0,0.0,0.0,,11.5,1.0,10000.0,52.0,0.0,36.5,2.0,1.0,0.0,1.0,40.0,6,3,5,4,1.0,0.0,0.0,0.0,0.0,0.0,0.0,0.0,0.0,0.0,0.0,0.0,0.0,0.0,0.0,0.0,0.0,0.0,1,,0.0,0.0,,,,,,,,0,1,0,0,0,0,0,0,1,1,0,1,0,0,1,1,0,0,0,0,0,0,0,0,0,0,0,0,0,0,0.0,1.0,0.0,-2.4700000286102295,1470.0,1470.0,-1.2350000143051147,1470.0,-1.0381882190704346,7.9861650466918945,0.0,0.0,0.0,0.0,0.0,0.0,2000.0,2000.0,0.0,2000.0,0.0,0.0,0.0,2.4700000286102295,0.0,150.0,0.0,300.0,80.0,0.0,2.4700000286102295,530.0,15.121163368225098,8.0,0.20000000298023224,0.4000000059604645,0.4000000059604645,0.3333333432674408,0.20000000298023224,0.0,0.0,0.06666667014360428,1.0,0.0,1.0,,,,,1.0,1.0,1.0,1.0,1.0,1.0,0.0,1.0,1.0,1.0,0.0,1.0
3173,3,1.0,1.0,0.0,0.0,,9.166666984558105,0.0,5000.0,50.0,1.0,45.16666793823242,3.0,1.0,0.0,1.0,0.0,2,0,0,0,0.0,0.0,0.0,0.0,0.0,0.0,0.0,0.0,0.0,0.0,0.0,1.0,0.0,0.0,0.0,0.0,3.0,0.0,9,,0.0,0.0,,,,,,,,1,0,0,0,0,1,1,0,0,0,0,1,1,0,1,1,1,0,0,1,1,1,1,0,0,1,1,0,0,0,1.0,1.0,500.0,970.030029296875,5307.0,5307.0,735.0150146484375,5307.0,7.293038368225098,9.269928932189941,0.0,1.0,2.0,2.0,2500.0,2500.0,4000.0,10000.0,2500.0,7000.0,600.0,700.0,199.95999145507812,30.010000228881836,0.0,2400.0,1600.0,465.0,228.0,0.0,1529.969970703125,4693.0,3.3334221839904785,2.678913116455078,0.20000000298023224,0.4000000059604645,0.6000000238418579,0.4000000059604645,0.6000000238418579,0.6000000238418579,0.4000000059604645,0.5333333611488342,0.0,1.0,1.0,,,,,1.0,0.0,1.0,0.0,0.0,0.0,1.0,1.0,0.0,0.0,0.0,1.0
3178,3,1.0,1.0,0.0,1.0,3.335378992021854,0.5,0.0,500.0,56.0,0.0,38.25,2.0,1.0,0.0,1.0,0.0,2,4,1,1,0.0,0.0,0.0,0.0,0.0,0.0,0.0,0.0,0.0,0.0,0.0,0.0,0.0,0.0,0.0,0.0,0.0,0.0,1,7.0,1.0,1.0,6.0,6.0,6.5,1.0,5.5,6.0,1750.0,0,0,0,0,0,0,0,0,0,0,0,0,0,0,0,0,0,0,0,0,0,0,0,0,0,0,0,0,0,0,0.0,0.0,0.0,0.0,3200.0,3200.0,0.0,3200.0,0.0,8.764053344726562,0.0,0.0,0.0,0.0,0.0,0.0,6500.0,6500.0,0.0,6500.0,0.0,0.0,0.0,0.0,0.0,0.0,0.0,3000.0,300.0,0.0,0.0,3300.0,15.121163368225098,10.134669303894043,0.0,0.0,0.0,0.0,0.0,0.0,0.0,0.0,0.0,0.0,0.0,8.0,4.0,7.0,16.0,0.0,0.0,1.0,1.0,0.0,1.0,0.0,0.0,0.0,0.0,0.0,0.0
3183,3,1.0,1.0,1.0,0.0,8.633085362056255,1.5833332538604736,1.0,6000.0,27.0,0.0,42.5,2.0,1.0,0.0,0.0,0.0,3,3,7,1,0.0,1.0,0.0,0.0,0.0,0.0,0.0,0.0,0.0,0.0,0.0,0.0,0.0,0.0,0.0,0.0,3.0,0.0,1,8.0,1.0,1.0,5.0,5.0,7.0,6.0,6.0,6.0,,1,1,1,1,1,1,1,0,0,0,1,1,1,1,1,0,0,0,0,0,0,0,0,0,1,0,0,0,0,0,1.0,1.0,4000.0,3251.30029296875,-2187.0,-2187.0,3625.650146484375,-2187.0,8.888936042785645,-8.38343334197998,0.0,2.0,2.0,2.0,8969.0,8969.0,5000.0,5000.0,8969.0,5000.0,850.0,2000.0,2237.6298828125,630.0700073242188,0.0,1187.0,3000.0,2200.0,800.0,0.0,5717.69970703125,7187.0,10.551764488220215,4.212299823760986,1.0,0.4000000059604645,1.0,0.800000011920929,0.0,0.20000000298023224,0.0,0.06666667014360428,1.0,0.0,1.0,7.0,5.0,6.0,2.0,0.0,0.0,1.0,1.0,1.0,1.0,1.0,1.0,1.0,0.0,0.0,0.0
3188,3,0.0,1.0,0.0,0.0,,0.5833333134651184,1.0,1000.0,10.0,1.0,58.25,0.0,1.0,0.0,0.0,0.0,3,0,0,0,0.0,0.0,0.0,0.0,0.0,0.0,0.0,0.0,0.0,0.0,0.0,0.0,0.0,0.0,0.0,0.0,0.0,0.0,3,,0.0,0.0,,,,,,,,,,,,,,,,,,,,,,,,,,,,,,,,,,,,,,0.0,1.0,0.0,0.0,1237.5,1237.5,0.0,1237.5,0.0,7.813995838165283,0.0,0.0,0.0,0.0,0.0,0.0,3000.0,3000.0,0.0,3000.0,0.0,0.0,0.0,0.0,0.0,900.0,0.0,600.0,262.5,0.0,0.0,1762.5,15.121163368225098,3.3333332538604736,,,,,,,,,0.0,0.0,0.0,,,,,1.0,0.0,1.0,0.0,0.0,0.0,0.0,0.0,1.0,0.0,0.0,0.0
3191,3,1.0,1.0,0.0,1.0,,0.6666666865348816,0.0,10000.0,30.0,0.0,25.33333396911621,1.0,1.0,0.0,1.0,0.0,4,0,0,0,0.0,0.0,0.0,0.0,0.0,0.0,0.0,0.0,0.0,1.0,0.0,0.0,0.0,0.0,0.0,0.0,1.0,1.0,1,,0.0,0.0,,,,,,,,1,1,1,1,1,0,0,1,1,0,0,1,1,1,1,0,1,1,1,1,1,1,0,1,1,1,1,0,0,1,0.0,0.0,0.0,0.0,985.0,985.0,0.0,985.0,0.0,7.585789203643799,0.0,0.0,0.0,1.0,0.0,0.0,3600.0,5040.0,0.0,4320.0,0.0,0.0,0.0,0.0,0.0,3000.0,0.0,455.0,0.0,600.0,0.0,4055.0,15.121163368225098,1.2799999713897705,1.0,0.4000000059604645,0.800000011920929,0.7333333492279053,0.800000011920929,0.800000011920929,0.6000000238418579,0.7333333492279053,0.0,0.0,0.0,,,,,0.0,0.0,1.0,0.0,0.0,0.0,0.0,1.0,0.0,1.0,0.0,0.0
3193,3,1.0,1.0,1.0,0.0,,0.0,0.0,0.0,52.0,0.0,39.5,2.0,1.0,0.0,1.0,0.0,2,5,4,1,0.0,0.0,0.0,0.0,0.0,0.0,0.0,0.0,0.0,0.0,0.0,0.0,0.0,0.0,0.0,0.0,2.0,0.0,1,,0.0,0.0,,,,,,,,1,0,0,0,0,1,0,0,0,0,0,1,0,1,0,0,0,1,0,0,0,0,0,0,0,0,0,0,0,0,0.0,1.0,3000.0,3000.0,1390.0,1390.0,3000.0,1390.0,8.699514389038086,7.930206298828125,0.0,0.0,2.0,0.0,3000.0,3000.0,2500.0,2240.0,3000.0,2370.0,0.0,0.0,0.0,0.0,0.0,0.0,0.0,100.0,0.0,750.0,0.0,850.0,15.121163368225098,23.700000762939453,0.20000000298023224,0.20000000298023224,0.4000000059604645,0.2666666805744171,0.20000000298023224,0.0,0.0,0.06666667014360428,1.0,0.0,0.0,,,,,0.0,0.0,1.0,1.0,1.0,1.0,1.0,0.0,0.0,0.0,0.0,0.0
3194,3,1.0,1.0,1.0,0.0,0.6392163220106862,5.5,0.0,2500.0,52.0,0.0,32.16666793823242,2.0,1.0,0.0,1.0,20.0,2,2,4,2,0.0,0.0,1.0,0.0,0.0,0.0,0.0,0.0,0.0,0.0,0.0,0.0,0.0,0.0,0.0,0.0,0.0,0.0,1,7.0,1.0,1.0,,2.5,,,,,,1,0,1,1,1,1,0,0,0,1,0,1,1,1,0,0,1,0,0,0,0,1,1,1,0,0,0,0,0,0,0.0,1.0,2000.0,3335.10009765625,2720.0,2720.0,2667.550048828125,2720.0,8.582062721252441,8.601534843444824,0.0,0.0,0.0,0.0,5500.0,5500.0,6000.0,5600.0,5500.0,5800.0,2000.0,0.0,84.95999908447266,79.94000244140625,0.0,2750.0,0.0,0.0,30.0,100.0,2164.89990234375,2880.0,2.6699419021606445,2.109090805053711,0.800000011920929,0.4000000059604645,0.6000000238418579,0.6000000238418579,0.20000000298023224,0.6000000238418579,0.0,0.2666666805744171,1.0,0.0,0.0,10.0,7.0,,,0.0,1.0,1.0,1.0,1.0,1.0,0.0,0.0,0.0,0.0,0.0,1.0
3196,3,1.0,1.0,0.0,0.0,,1.25,0.0,10000.0,40.0,0.0,35.83333206176758,2.0,1.0,0.0,1.0,5.0,6,3,4,3,0.0,0.0,0.0,0.0,1.0,0.0,0.0,0.0,0.0,0.0,0.0,0.0,0.0,0.0,0.0,0.0,1.0,0.0,1,,0.0,0.0,,,,,,,,0,0,0,0,0,0,0,0,0,0,0,0,0,0,0,0,0,0,0,0,0,0,0,0,0,0,0,0,0,0,0.0,0.0,0.0,0.0,1970.0,1970.0,0.0,1970.0,0.0,8.278936386108398,0.0,0.0,1.0,0.0,0.0,0.0,6000.0,7200.0,0.0,6600.0,0.0,0.0,0.0,0.0,0.0,3600.0,800.0,650.0,180.0,0.0,0.0,5230.0,15.121163368225098,1.649999976158142,0.0,0.0,0.0,0.0,0.0,0.0,0.0,0.0,1.0,0.0,0.0,,,,,1.0,1.0,1.0,1.0,1.0,1.0,0.0,1.0,0.0,0.0,0.0,0.0
3198,3,0.0,1.0,0.0,1.0,3.2846973473885566,10.5,1.0,0.0,58.0,0.0,33.08333206176758,2.0,0.0,0.0,1.0,18.0,2,3,1,4,0.0,0.0,0.0,0.0,0.0,0.0,0.0,0.0,0.0,0.0,0.0,0.0,1.0,0.0,0.0,0.0,1.0,1.0,1,7.0,1.0,1.0,4.0,5.0,5.5,6.0,5.5,5.0,1250.0,,,,,,,,,,,,,,,,,,,,,,,,,,,,,,,2.0,1.0,18000.0,56425.890625,25100.0,25100.0,37212.9453125,25100.0,11.217558860778809,10.823770523071289,0.0,2.0,0.0,2.0,129109.328125,129109.328125,50000.0,55000.0,129109.328125,52500.0,59500.0,0.0,7799.8798828125,5383.56005859375,0.0,20000.0,2500.0,3000.0,4400.0,0.0,72683.4375,29900.0,2.1518218517303467,2.5609755516052246,,,,,,,,,1.0,0.0,1.0,,,12.0,14.0,0.0,1.0,1.0,1.0,0.0,1.0,0.0,0.0,1.0,0.0,1.0,1.0
3200,3,1.0,1.0,0.0,1.0,0.5586744251567267,0.6666666865348816,0.0,150.0,63.0,0.0,23.83333396911621,0.0,1.0,0.0,1.0,15.0,2,5,5,2,0.0,0.0,0.0,0.0,0.0,0.0,0.0,0.0,0.0,1.0,0.0,0.0,0.0,0.0,0.0,0.0,2.0,0.0,6,7.0,1.0,1.0,5.0,4.5,6.5,3.0,6.0,6.0,1750.0,1,0,1,1,1,1,0,0,1,0,1,1,0,1,1,0,0,1,0,1,1,1,1,1,0,1,1,0,0,0,0.0,0.0,0.0,0.0,644.0,644.0,0.0,644.0,0.0,7.160846710205078,0.0,0.0,1.0,1.0,0.0,0.0,3000.0,4200.0,0.0,3600.0,0.0,0.0,0.0,0.0,0.0,3200.0,0.0,296.0,60.0,0.0,0.0,3556.0,15.121163368225098,1.125,0.800000011920929,0.4000000059604645,0.800000011920929,0.6666666865348816,0.4000000059604645,0.800000011920929,0.4000000059604645,0.5333333611488342,1.0,1.0,0.0,6.0,9.0,8.0,14.0,0.0,1.0,1.0,1.0,1.0,1.0,1.0,0.0,0.0,1.0,0.0,0.0
3201,3,1.0,1.0,1.0,0.0,1.7763434207218605,4.583333492279053,0.0,0.0,50.0,1.0,58.16666793823242,0.0,1.0,0.0,0.0,0.0,3,2,1,1,0.0,0.0,0.0,0.0,0.0,0.0,0.0,0.0,0.0,0.0,0.0,0.0,0.0,0.0,0.0,1.0,3.0,0.0,1,9.0,1.0,1.0,,,6.5,1.0,7.0,,2250.0,1,0,1,0,0,0,0,0,0,0,0,1,1,0,1,1,0,0,0,1,0,1,0,0,0,0,1,1,0,1,3.0,1.0,1750.0,1670.330078125,-1928.0,-1928.0,1710.1650390625,-1928.0,8.137492179870605,-8.25738525390625,3.0,0.0,3.0,0.0,5050.0,5050.0,5670.0,2065.0,5050.0,3867.5,400.0,2750.0,229.6699981689453,0.0,0.0,1000.0,2750.0,214.0,29.0,0.0,3379.669921875,3993.0,9.182151794433594,3.3630435466766357,0.4000000059604645,0.0,0.6000000238418579,0.3333333432674408,0.4000000059604645,0.20000000298023224,0.6000000238418579,0.4000000059604645,0.0,0.0,0.0,7.0,3.0,5.0,8.0,0.0,0.0,1.0,1.0,0.0,1.0,1.0,0.0,0.0,0.0,0.0,1.0
3203,3,1.0,1.0,1.0,0.0,1.3057533429973356,10.833333015441895,1.0,10000.0,55.0,1.0,35.91666793823242,2.0,1.0,0.0,0.0,0.0,2,0,0,0,0.0,0.0,0.0,0.0,0.0,0.0,0.0,0.0,0.0,0.0,0.0,0.0,0.0,0.0,0.0,1.0,9.0,0.0,1,7.0,1.0,1.0,,,,,,,,1,0,0,1,1,1,0,0,1,0,0,1,1,1,1,1,1,1,1,1,1,0,1,1,1,1,1,0,0,1,7.0,1.0,5500.0,5463.0390625,4697.3798828125,4697.3798828125,5481.51953125,4697.3798828125,9.302285194396973,9.147907257080078,7.0,0.0,7.0,3.0,10000.0,23000.0,3600.0,17980.0,16500.0,10790.0,1500.0,14500.0,1013.47998046875,523.47998046875,0.0,1806.0,10000.0,550.0,926.6199951171875,0.0,17536.9609375,13282.6201171875,9.705824851989746,5.378863334655762,0.6000000238418579,0.4000000059604645,0.800000011920929,0.6000000238418579,1.0,0.800000011920929,0.6000000238418579,0.800000011920929,0.0,0.0,1.0,4.0,6.0,5.0,7.0,0.0,0.0,1.0,0.0,0.0,0.0,1.0,1.0,1.0,1.0,1.0,1.0
3207,3,1.0,1.0,1.0,0.0,1.890763170685145,5.916666507720947,0.0,0.0,60.0,1.0,34.33333206176758,1.0,1.0,0.0,1.0,0.0,2,0,0,0,0.0,0.0,0.0,0.0,0.0,0.0,0.0,0.0,0.0,0.0,0.0,1.0,0.0,0.0,0.0,0.0,2.0,0.0,8,7.0,1.0,1.0,3.0,6.0,4.5,6.0,6.0,4.0,325.0,0,0,0,0,0,0,0,0,0,1,0,0,1,1,1,0,0,0,0,0,0,0,0,0,0,0,0,0,0,0,0.0,0.0,0.0,0.0,3550.0,3550.0,0.0,3550.0,0.0,8.867850303649902,0.0,0.0,1.0,1.0,0.0,0.0,4500.0,5500.0,0.0,5000.0,0.0,0.0,0.0,0.0,0.0,800.0,0.0,850.0,300.0,0.0,0.0,1950.0,15.121163368225098,5.0,0.0,0.20000000298023224,0.6000000238418579,0.2666666805744171,0.0,0.0,0.0,0.0,0.0,1.0,1.0,6.0,6.0,8.0,4.0,0.0,0.0,1.0,0.0,0.0,0.0,1.0,0.0,0.0,1.0,0.0,1.0
3208,3,1.0,1.0,1.0,0.0,8.49115241308235,1.9166667461395264,1.0,12000.0,98.0,0.0,35.08333206176758,2.0,1.0,0.0,1.0,24.0,8,1,7,2,0.0,0.0,0.0,0.0,0.0,0.0,1.0,0.0,0.0,0.0,0.0,0.0,0.0,0.0,0.0,0.0,1.0,0.0,1,6.0,1.0,1.0,2.5,6.0,6.5,1.0,7.0,7.0,325.0,1,1,1,1,1,1,1,0,1,0,1,1,1,0,0,1,0,0,0,1,0,0,1,0,0,1,1,0,0,0,1.0,1.0,7000.0,7797.580078125,2450.0,2450.0,7398.7900390625,2450.0,9.602218627929688,8.496990203857422,0.0,1.0,1.0,0.0,20000.0,40000.0,12500.0,17000.0,30000.0,14750.0,29750.0,200.0,2124.919921875,127.5,0.0,14000.0,0.0,550.0,0.0,0.0,32202.419921875,14550.0,0.9942004680633545,1.0350877046585083,1.0,0.6000000238418579,0.6000000238418579,0.7333333492279053,0.4000000059604645,0.20000000298023224,0.4000000059604645,0.3333333432674408,1.0,0.0,1.0,6.0,4.0,5.0,5.0,0.0,1.0,1.0,1.0,1.0,1.0,0.0,1.0,1.0,0.0,1.0,0.0
3214,3,1.0,1.0,0.0,1.0,1.0600159548005408,2.25,0.0,23000.0,20.0,0.0,26.33333396911621,1.0,1.0,0.0,1.0,0.0,2,1,4,2,0.0,0.0,0.0,0.0,0.0,0.0,0.0,0.0,0.0,0.0,0.0,0.0,1.0,0.0,0.0,0.0,5.0,0.0,1,7.0,1.0,1.0,5.0,3.5,6.0,6.0,6.0,7.0,2250.0,1,1,1,1,1,0,1,1,1,0,0,1,1,1,1,1,1,1,1,1,1,1,1,1,1,1,1,1,1,1,3.0,1.0,0.0,-667.25,5722.0,5722.0,-333.625,5722.0,-6.503167152404785,9.345220565795898,1.0,2.0,4.0,1.0,0.0,0.0,1200.0,6850.0,0.0,4025.0,0.0,0.0,0.0,667.25,0.0,160.0,918.0,0.0,50.0,0.0,667.25,1128.0,15.121163368225098,25.15625,1.0,0.6000000238418579,0.800000011920929,0.800000011920929,1.0,1.0,1.0,1.0,1.0,0.0,0.0,7.0,3.0,9.0,11.0,0.0,0.0,1.0,1.0,1.0,1.0,1.0,1.0,0.0,0.0,0.0,0.0
3217,3,0.0,1.0,0.0,0.0,,15.666666984558105,1.0,5000.0,52.0,1.0,46.16666793823242,2.0,1.0,0.0,1.0,3.0,3,1,7,2,0.0,0.0,0.0,0.0,0.0,0.0,0.0,0.0,0.0,0.0,0.0,0.0,0.0,0.0,0.0,0.0,10.0,0.0,8,,0.0,0.0,,,,,,,,,,,,,,,,,,,,,,,,,,,,,,,,,,,,,,4.0,1.0,10000.0,5733.439453125,3856.0,3856.0,7866.7197265625,3856.0,9.663543701171875,8.950532913208008,2.0,4.0,8.0,2.0,25000.0,33000.0,6160.0,15000.0,29000.0,10580.0,6600.0,15600.0,2499.93994140625,2566.6201171875,0.0,400.0,1400.0,7100.0,1944.0,300.0,27266.560546875,11144.0,4.39393949508667,6.612500190734863,,,,,,,,,1.0,1.0,1.0,,,,,1.0,1.0,1.0,1.0,1.0,1.0,1.0,1.0,1.0,1.0,1.0,1.0
3219,3,1.0,1.0,1.0,0.0,5.380858341167764,15.916666984558105,0.0,1000.0,48.0,0.0,42.16666793823242,0.0,1.0,0.0,1.0,0.0,2,0,0,0,0.0,0.0,0.0,0.0,0.0,0.0,0.0,0.0,0.0,0.0,1.0,0.0,0.0,0.0,0.0,0.0,0.0,0.0,1,6.0,1.0,1.0,4.0,3.0,7.0,,7.0,7.0,,0,1,0,0,1,1,1,0,0,0,1,1,1,1,1,1,0,0,0,0,0,0,0,0,0,0,0,0,0,0,0.0,1.0,0.0,0.0,4500.0,4500.0,0.0,4500.0,0.0,9.104979515075684,0.0,0.0,0.0,0.0,0.0,0.0,10000.0,30000.0,0.0,20000.0,0.0,0.0,0.0,0.0,0.0,10000.0,0.0,6000.0,7500.0,2000.0,0.0,25500.0,15.121163368225098,1.6666666269302368,0.4000000059604645,0.4000000059604645,1.0,0.6000000238418579,0.20000000298023224,0.0,0.0,0.06666667014360428,0.0,0.0,1.0,5.0,5.0,9.0,8.0,0.0,0.0,1.0,0.0,0.0,0.0,0.0,0.0,0.0,1.0,1.0,1.0
3221,3,1.0,1.0,0.0,1.0,6.711962245006623,0.6666666865348816,0.0,40000.0,30.0,0.0,36.66666793823242,2.0,1.0,0.0,1.0,0.0,2,2,2,2,0.0,0.0,0.0,0.0,0.0,0.0,0.0,0.0,0.0,1.0,0.0,0.0,0.0,0.0,0.0,0.0,1.0,0.0,1,8.0,1.0,1.0,3.5,4.5,7.0,,6.5,6.0,2250.0,1,0,1,0,1,0,1,0,0,0,0,0,1,1,1,0,0,0,0,0,0,0,1,0,1,0,0,0,0,0,0.5,1.0,2500.0,1442.52001953125,2816.0,2816.0,1971.260009765625,2816.0,8.27957534790039,8.63621997833252,0.0,1.0,1.0,0.0,8600.0,7300.0,8000.0,8000.0,7950.0,8000.0,4350.0,640.0,867.47998046875,0.0,0.0,4084.0,200.0,850.0,50.0,0.0,5857.47998046875,5184.0,1.685214638710022,1.8458698987960815,0.6000000238418579,0.20000000298023224,0.6000000238418579,0.46666669845581055,0.0,0.4000000059604645,0.0,0.13333334028720856,0.0,0.0,0.0,7.0,3.0,8.0,13.0,0.0,0.0,1.0,1.0,0.0,1.0,0.0,1.0,0.0,0.0,1.0,0.0
3222,3,1.0,1.0,1.0,0.0,2.4448161985121972,5.916666507720947,0.0,0.0,50.0,0.0,50.08333206176758,4.0,1.0,0.0,1.0,30.0,4,3,7,7,0.0,0.0,0.0,0.0,0.0,0.0,0.0,0.0,0.0,0.0,0.0,0.0,0.0,0.0,0.0,0.0,1.0,0.0,8,8.0,1.0,1.0,6.0,6.0,6.0,7.0,4.5,7.0,2250.0,1,0,1,0,1,0,1,0,0,0,0,1,1,0,1,1,1,1,1,1,1,0,0,0,0,0,0,0,0,0,2.0,1.0,1000.0,1450.3798828125,5700.0,5700.0,1225.18994140625,5700.0,7.8039984703063965,9.341368675231934,0.0,2.0,1.0,0.0,6000.0,6000.0,10000.0,6400.0,6000.0,8200.0,4398.75,0.0,50.869998931884766,100.0,0.0,0.0,500.0,0.0,200.0,0.0,4549.6201171875,700.0,1.3640239238739014,10.134669303894043,0.6000000238418579,0.20000000298023224,0.6000000238418579,0.46666669845581055,1.0,0.20000000298023224,0.0,0.4000000059604645,1.0,1.0,0.0,9.0,2.0,7.0,9.0,0.0,1.0,1.0,1.0,1.0,1.0,0.0,0.0,0.0,0.0,1.0,1.0
3223,3,1.0,1.0,0.0,1.0,0.5584174647930709,0.4166666865348816,0.0,1000.0,10.0,0.0,30.91666603088379,2.0,1.0,0.0,0.0,4.0,2,3,2,1,0.0,0.0,0.0,0.0,0.0,0.0,0.0,0.0,0.0,1.0,0.0,0.0,0.0,0.0,0.0,0.0,0.0,1.0,1,1.0,1.0,0.0,,,,,,,,1,0,0,0,1,0,0,0,0,0,1,1,1,1,1,0,0,0,0,0,0,0,0,1,1,0,0,0,0,0,0.0,1.0,1400.0,820.0,4050.0,4050.0,1110.0,4050.0,7.705262660980225,8.999619483947754,0.0,0.0,0.0,0.0,1500.0,2200.0,5800.0,6000.0,1850.0,5900.0,1000.0,0.0,320.0299987792969,59.970001220703125,0.0,750.0,0.0,550.0,650.0,0.0,1380.0,1950.0,1.5678099393844604,5.130434989929199,0.4000000059604645,0.0,1.0,0.46666666865348816,0.0,0.4000000059604645,0.0,0.13333334028720856,1.0,0.0,0.0,6.0,4.0,,,0.0,1.0,1.0,1.0,0.0,1.0,0.0,0.0,0.0,0.0,0.0,0.0
3226,3,1.0,1.0,0.0,1.0,11.223981790880705,1.5833332538604736,0.0,5000.0,45.0,1.0,43.0,3.0,1.0,0.0,1.0,0.0,2,2,2,2,0.0,0.0,0.0,0.0,0.0,0.0,0.0,0.0,0.0,0.0,0.0,1.0,0.0,0.0,0.0,0.0,0.0,0.0,1,1.0,1.0,0.0,,,,,,,,0,1,1,1,1,1,0,0,0,1,0,1,1,1,1,0,0,0,0,1,0,0,0,1,1,1,1,0,0,0,1.0,1.0,350.0,630.0599975585938,647.0,647.0,490.0299987792969,647.0,6.887614727020264,7.165493965148926,0.0,1.0,0.0,0.0,1080.0,1080.0,1500.0,1500.0,1080.0,1500.0,150.0,150.0,119.9800033569336,29.959999084472656,0.0,138.0,0.0,450.0,265.0,0.0,449.94000244140625,853.0,4.319136142730713,3.4246575832366943,0.800000011920929,0.4000000059604645,0.800000011920929,0.6666666865348816,0.20000000298023224,0.4000000059604645,0.4000000059604645,0.3333333432674408,0.0,0.0,0.0,7.0,0.0,,,0.0,0.0,1.0,1.0,0.0,1.0,0.0,1.0,0.0,1.0,0.0,0.0
3230,3,0.0,1.0,1.0,0.0,5.697000813734744,2.25,1.0,30000.0,40.0,0.0,30.25,2.0,1.0,0.0,1.0,23.0,2,3,4,1,0.0,0.0,0.0,0.0,0.0,0.0,0.0,0.0,0.0,0.0,0.0,0.0,0.0,0.0,0.0,0.0,9.0,0.0,1,8.0,1.0,1.0,1.0,3.0,7.0,1.0,7.0,7.0,2250.0,,,,,,,,,,,,,,,,,,,,,,,,,,,,,,,14.5,1.0,90000.0,108495.390625,64428.0,64428.0,99247.6953125,64428.0,12.41746711730957,12.34778881072998,14.0,1.0,4.0,10.0,140000.0,323000.0,80000.0,150000.0,231500.0,115000.0,49650.0,52820.0,50225.0,25825.0,0.0,0.0,33150.0,21425.0,45200.0,0.0,178520.0,99775.0,4.789526462554932,98.33333587646484,,,,,,,,,1.0,0.0,1.0,3.0,2.0,7.0,3.0,0.0,1.0,1.0,1.0,1.0,1.0,1.0,1.0,1.0,1.0,1.0,0.0
3234,3,1.0,1.0,0.0,1.0,2.4924875644269093,1.9166667461395264,1.0,30000.0,35.0,0.0,38.83333206176758,3.0,1.0,0.0,0.0,0.0,2,3,4,2,0.0,0.0,0.0,0.0,0.0,0.0,0.0,0.0,0.0,0.0,0.0,0.0,1.0,0.0,0.0,0.0,3.0,0.0,1,8.0,1.0,1.0,1.0,1.0,6.5,2.0,6.0,6.0,2250.0,0,0,1,0,0,1,0,0,0,0,1,1,1,0,1,1,0,0,1,1,0,0,0,0,0,0,0,0,0,0,9.0,1.0,15000.0,18295.080078125,1450.0,1450.0,16647.5390625,1450.0,10.413165092468262,7.972465991973877,6.0,6.0,3.0,0.0,35000.0,40000.0,8700.0,9200.0,37500.0,8950.0,1275.0,15700.0,3679.909912109375,1050.010009765625,0.0,400.0,6600.0,550.0,200.0,0.0,21704.919921875,7750.0,27.67548179626465,22.375,0.20000000298023224,0.20000000298023224,0.800000011920929,0.4000000059604645,0.6000000238418579,0.0,0.0,0.20000000298023224,1.0,0.0,1.0,7.0,4.0,7.0,9.0,0.0,0.0,1.0,1.0,1.0,1.0,1.0,1.0,1.0,0.0,1.0,0.0
3235,3,0.0,1.0,0.0,0.0,,6.833333492279053,0.0,2000.0,48.0,0.0,27.0,1.0,1.0,0.0,0.0,0.0,2,3,4,7,0.0,0.0,0.0,0.0,0.0,0.0,0.0,0.0,0.0,0.0,0.0,1.0,0.0,0.0,0.0,0.0,0.0,0.0,1,,0.0,0.0,,,,,,,,,,,,,,,,,,,,,,,,,,,,,,,,,,,,,,0.0,1.0,2400.0,2296.419921875,3970.0,3970.0,2348.2099609375,3970.0,8.45455551147461,8.979668617248535,0.0,0.0,0.0,0.0,3000.0,3000.0,4000.0,5000.0,3000.0,4500.0,279.0,0.0,394.8299865722656,29.75,0.0,500.0,0.0,400.0,130.0,0.0,703.5800170898438,1030.0,8.241758346557617,5.625,,,,,,,,,1.0,0.0,0.0,,,,,1.0,0.0,1.0,1.0,1.0,1.0,0.0,0.0,0.0,0.0,0.0,1.0
3237,3,1.0,1.0,0.0,1.0,2.3122601305957513,10.916666984558105,0.0,500.0,20.0,1.0,46.83333206176758,1.0,1.0,0.0,0.0,0.0,2,3,7,4,0.0,0.0,0.0,0.0,0.0,0.0,0.0,0.0,0.0,0.0,0.0,0.0,0.0,0.0,0.0,0.0,0.0,0.0,1,8.0,1.0,1.0,6.0,6.0,7.0,6.0,7.0,7.0,325.0,1,0,1,0,0,1,0,0,0,1,0,1,1,0,1,0,0,0,0,0,0,0,0,0,0,0,0,0,0,0,0.0,1.0,1200.0,1549.260009765625,-1181.0,-1181.0,1374.6300048828125,-1181.0,7.9190874099731445,-7.767264366149902,0.0,0.0,0.0,0.0,1675.0,1675.0,2000.0,1500.0,1675.0,1750.0,50.0,0.0,25.760000228881836,49.97999954223633,0.0,1501.0,0.0,130.0,1050.0,0.0,125.73999786376953,2681.0,33.5,1.1658893823623657,0.4000000059604645,0.4000000059604645,0.6000000238418579,0.46666666865348816,0.0,0.0,0.0,0.0,1.0,0.0,0.0,7.0,4.0,7.0,13.0,0.0,0.0,1.0,1.0,1.0,1.0,0.0,0.0,0.0,0.0,0.0,1.0
3241,3,1.0,1.0,1.0,0.0,,6.75,0.0,0.0,52.0,1.0,58.08333206176758,5.0,1.0,0.0,0.0,0.0,4,1,1,1,0.0,0.0,0.0,0.0,0.0,0.0,0.0,0.0,0.0,0.0,0.0,0.0,0.0,0.0,0.0,1.0,3.0,0.0,1,,0.0,0.0,,,,,,,,1,0,0,0,0,0,0,0,1,0,0,0,0,1,1,0,0,0,0,0,0,0,0,0,0,0,0,0,0,0,1.5,1.0,800.0,1120.030029296875,-754.0,-754.0,960.0150146484375,-754.0,7.560096263885498,-7.318540096282959,1.0,1.0,3.0,0.0,3250.0,3250.0,2000.0,2000.0,3250.0,2000.0,500.0,1300.0,299.9599914550781,30.010000228881836,0.0,394.0,1200.0,600.0,560.0,0.0,2129.969970703125,2754.0,4.0627031326293945,2.0120723247528076,0.20000000298023224,0.20000000298023224,0.4000000059604645,0.2666666805744171,0.0,0.0,0.0,0.0,0.0,0.0,0.0,,,,,0.0,0.0,1.0,1.0,0.0,1.0,1.0,0.0,0.0,0.0,0.0,1.0
3245,3,1.0,1.0,0.0,0.0,,3.8333332538604736,0.0,6000.0,18.0,0.0,36.5,2.0,1.0,0.0,0.0,37.0,3,2,7,7,0.0,0.0,0.0,0.0,0.0,0.0,0.0,0.0,0.0,0.0,0.0,0.0,0.0,0.0,0.0,0.0,1.0,0.0,1,,0.0,0.0,,,,,,,,1,1,0,0,0,0,1,0,0,0,0,0,0,0,0,1,0,0,0,0,0,0,0,0,0,0,0,0,0,0,2.0,1.0,3100.0,3189.89013671875,1150.0,1150.0,3144.945068359375,1150.0,8.746699333190918,7.740664482116699,1.0,1.0,1.0,0.0,800.0,4380.0,800.0,4500.0,2590.0,2650.0,309.0,0.0,472.7699890136719,108.33000183105469,0.0,1250.0,1200.0,750.0,150.0,0.0,1190.1099853515625,3350.0,8.381876945495605,1.8928571939468384,0.4000000059604645,0.20000000298023224,0.0,0.20000000298023224,0.20000000298023224,0.0,0.0,0.06666667014360428,1.0,0.0,0.0,,,,,1.0,1.0,1.0,1.0,1.0,1.0,0.0,1.0,0.0,0.0,0.0,1.0
3248,3,1.0,1.0,0.0,0.0,,5.833333492279053,0.0,2500.0,52.0,0.0,30.66666603088379,0.0,1.0,0.0,0.0,0.0,2,0,0,0,0.0,0.0,0.0,0.0,0.0,0.0,0.0,0.0,0.0,0.0,0.0,1.0,0.0,0.0,0.0,0.0,0.0,0.0,8,,0.0,0.0,,,,,,,,1,1,1,0,0,1,0,0,0,0,0,1,0,0,1,0,0,0,0,0,0,0,0,0,0,0,0,0,0,0,0.0,1.0,500.0,317.4700012207031,-970.0,-970.0,408.7349853515625,-970.0,6.706215858459473,-7.570443630218506,0.0,0.0,0.0,0.0,500.0,500.0,1500.0,1300.0,500.0,1400.0,32.5,0.0,150.02999877929688,0.0,0.0,600.0,0.0,610.0,1060.0,0.0,182.52999877929688,2270.0,2.7392756938934326,2.0,0.6000000238418579,0.20000000298023224,0.4000000059604645,0.4000000059604645,0.0,0.0,0.0,0.0,0.0,1.0,0.0,,,,,1.0,0.0,1.0,0.0,0.0,0.0,0.0,0.0,0.0,1.0,0.0,1.0
3249,3,1.0,1.0,0.0,1.0,0.7291719022258437,2.25,1.0,4000.0,40.0,0.0,29.25,2.0,1.0,0.0,1.0,5.0,2,1,7,1,0.0,0.0,0.0,0.0,0.0,0.0,0.0,0.0,0.0,0.0,0.0,0.0,0.0,0.0,0.0,0.0,2.0,0.0,6,6.0,1.0,1.0,6.0,3.5,7.0,7.0,7.0,7.0,2250.0,1,1,1,0,1,1,0,1,0,1,0,1,1,1,1,0,0,0,0,1,1,1,0,0,0,1,0,0,0,0,5.0,1.0,5500.0,1352.0,2655.0,2655.0,3426.0,2655.0,8.832295417785645,8.577346801757812,3.0,2.0,2.0,0.0,5500.0,5500.0,9000.0,9000.0,5500.0,9000.0,2125.0,1487.5,89.25,446.25,0.0,3000.0,2325.0,400.0,620.0,0.0,4148.0,6345.0,2.588235378265381,3.0,0.800000011920929,0.6000000238418579,0.800000011920929,0.7333333492279053,0.20000000298023224,0.4000000059604645,0.20000000298023224,0.2666666805744171,1.0,1.0,1.0,6.0,5.0,7.0,10.0,0.0,1.0,1.0,1.0,1.0,1.0,1.0,1.0,1.0,1.0,1.0,0.0
3251,3,1.0,1.0,0.0,1.0,6.499332907975609,7.166666507720947,0.0,10000.0,40.0,0.0,36.0,0.0,1.0,0.0,0.0,0.0,2,0,0,0,0.0,0.0,0.0,0.0,0.0,0.0,0.0,0.0,0.0,0.0,0.0,1.0,0.0,0.0,0.0,0.0,1.0,0.0,9,6.0,1.0,1.0,4.0,5.0,7.0,2.0,6.0,6.0,75.0,1,0,1,1,0,0,1,0,0,0,0,1,0,0,0,0,0,0,0,1,1,0,0,0,1,0,0,0,0,0,1.5,1.0,1500.0,1880.159912109375,3460.0,3460.0,1690.0799560546875,3460.0,8.125678062438965,8.842170715332031,1.0,1.0,1.0,0.0,4000.0,5200.0,4000.0,4000.0,4600.0,4000.0,45.0,2000.0,725.8699951171875,459.0,0.0,240.0,0.0,230.0,70.0,0.0,3319.840087890625,540.0,15.593749046325684,10.256410598754883,0.6000000238418579,0.20000000298023224,0.20000000298023224,0.3333333432674408,0.20000000298023224,0.4000000059604645,0.0,0.20000000298023224,0.0,1.0,0.0,3.0,3.0,5.0,6.0,0.0,0.0,1.0,0.0,0.0,0.0,0.0,1.0,0.0,0.0,0.0,1.0
3252,3,1.0,1.0,1.0,0.0,7.843203584071652,0.16666670143604279,0.0,500.0,15.0,1.0,31.0,2.0,1.0,0.0,1.0,0.0,1,2,4,1,0.0,0.0,0.0,0.0,0.0,0.0,0.0,0.0,0.0,0.0,0.0,0.0,0.0,0.0,0.0,0.0,0.0,0.0,1,6.0,1.0,1.0,4.0,4.0,7.0,6.0,5.5,7.0,75.0,1,0,1,1,0,1,0,0,0,0,0,1,0,0,1,0,0,0,0,0,0,0,0,0,0,0,0,0,0,0,0.0,0.0,0.0,0.0,80.0,80.0,0.0,80.0,0.0,5.0752129554748535,0.0,0.0,0.0,0.0,0.0,0.0,1500.0,1100.0,0.0,1300.0,0.0,0.0,0.0,0.0,0.0,750.0,180.0,40.0,50.0,0.0,0.0,1020.0,15.121163368225098,1.6455695629119873,0.6000000238418579,0.20000000298023224,0.4000000059604645,0.4000000059604645,0.0,0.0,0.0,0.0,0.0,0.0,0.0,5.0,0.0,7.0,7.0,0.0,0.0,0.0,1.0,1.0,1.0,0.0,0.0,0.0,0.0,0.0,0.0
3255,3,1.0,1.0,0.0,1.0,2.2608789803555,1.5,1.0,107000.0,30.0,0.0,30.58333396911621,3.0,1.0,0.0,1.0,0.0,2,4,7,1,0.0,0.0,0.0,0.0,0.0,0.0,0.0,0.0,0.0,0.0,0.0,0.0,0.0,0.0,0.0,0.0,3.5,0.0,13,7.0,1.0,1.0,7.0,7.0,5.5,7.0,5.5,5.0,1250.0,1,0,1,1,1,1,0,0,1,1,0,1,1,0,1,0,0,0,0,1,1,1,1,1,1,0,0,0,0,1,1.0,1.0,1600.0,1125.050048828125,1300.0,1300.0,1362.5250244140625,1300.0,7.910242080688477,7.863266944885254,0.0,1.0,0.0,7.0,2347.0,2350.0,3000.0,2500.0,2348.5,2750.0,425.0,450.0,299.9700012207031,49.97999954223633,0.0,350.0,0.0,700.0,150.0,0.0,1224.949951171875,1200.0,5.525882244110107,7.857142925262451,0.800000011920929,0.6000000238418579,0.6000000238418579,0.6666666865348816,0.20000000298023224,1.0,0.20000000298023224,0.46666666865348816,1.0,1.0,1.0,8.0,7.0,7.0,14.0,0.0,0.0,1.0,1.0,1.0,1.0,1.0,1.0,1.0,1.0,0.0,0.0
3257,3,1.0,1.0,0.0,0.0,,1.5,0.0,10000.0,10.0,0.0,31.08333396911621,2.0,1.0,0.0,1.0,1.0,4,1,3,4,0.0,0.0,0.0,0.0,0.0,0.0,0.0,0.0,0.0,0.0,0.0,1.0,0.0,0.0,0.0,0.0,1.0,0.0,9,,0.0,0.0,,,,,,,,1,1,1,0,1,1,1,1,0,1,1,1,1,1,1,1,1,1,1,1,1,1,0,0,1,0,0,1,0,1,1.0,1.0,0.0,56890.6484375,12250.0,12250.0,28445.32421875,12250.0,10.948885917663574,10.106428146362305,1.0,0.0,0.0,1.0,45000.0,125000.0,20000.0,20000.0,85000.0,20000.0,17000.0,0.0,46575.0703125,709.2799682617188,0.0,4880.0,0.0,1300.0,1570.0,0.0,68109.3515625,7750.0,4.956274032592773,4.098360538482666,0.800000011920929,0.800000011920929,1.0,0.8666666746139526,1.0,0.6000000238418579,0.4000000059604645,0.6666666865348816,1.0,1.0,0.0,,,,,1.0,1.0,1.0,1.0,1.0,1.0,0.0,1.0,0.0,0.0,1.0,0.0
3262,3,1.0,1.0,0.0,0.0,,4.333333492279053,0.0,1500.0,40.0,1.0,42.08333206176758,2.0,1.0,0.0,1.0,20.0,2,4,6,1,0.0,0.0,0.0,0.0,0.0,0.0,0.0,0.0,0.0,0.0,0.0,0.0,0.0,0.0,0.0,1.0,3.5,0.0,1,,0.0,0.0,,,,,,,,1,1,0,1,0,1,0,0,0,0,0,0,1,0,1,0,0,0,0,0,0,0,0,0,0,1,0,0,0,0,4.0,1.0,9900.0,3821.60986328125,750.0,750.0,6860.8046875,750.0,9.526727676391602,7.313220977783203,4.0,0.0,3.0,1.0,9900.0,9900.0,3000.0,5000.0,9900.0,4000.0,1100.0,4400.0,470.05999755859375,100.0,0.0,1600.0,2100.0,350.0,200.0,0.0,6078.39013671875,4250.0,6.827633380889893,2.0512821674346924,0.6000000238418579,0.20000000298023224,0.4000000059604645,0.4000000059604645,0.0,0.0,0.20000000298023224,0.06666667014360428,1.0,0.0,0.0,,,,,1.0,1.0,1.0,1.0,1.0,1.0,1.0,0.0,0.0,0.0,0.0,1.0
3264,3,1.0,1.0,0.0,0.0,,12.916666984558105,0.0,2000.0,45.0,0.0,45.5,3.0,1.0,0.0,0.0,2.0,2,0,0,0,0.0,0.0,0.0,0.0,0.0,0.0,0.0,0.0,0.0,0.0,0.0,0.0,0.0,0.0,0.0,0.0,1.0,1.0,8,,0.0,0.0,,,,,,,,0,0,1,0,1,1,0,0,1,1,1,1,1,1,0,1,1,0,1,1,1,0,0,0,1,1,1,0,0,1,1.0,1.0,250.0,847.6201171875,79.0,79.0,548.81005859375,79.0,7.0009002685546875,5.0626349449157715,0.0,1.0,1.0,0.0,3500.0,5000.0,3000.0,6000.0,4250.0,4500.0,2975.0,0.0,603.6300048828125,573.75,0.0,4000.0,1200.0,281.0,240.0,200.0,4152.3798828125,5921.0,1.4285714626312256,1.0714285373687744,0.4000000059604645,0.6000000238418579,0.800000011920929,0.6000000238418579,0.800000011920929,0.4000000059604645,0.6000000238418579,0.6000000238418579,0.0,1.0,0.0,,,,,1.0,1.0,1.0,0.0,0.0,0.0,0.0,0.0,0.0,0.0,0.0,1.0
3269,3,1.0,1.0,0.0,1.0,1.556919111471992,4.333333492279053,0.0,500.0,50.0,1.0,42.0,2.0,1.0,0.0,0.0,0.0,2,0,0,0,0.0,0.0,0.0,0.0,0.0,0.0,0.0,0.0,0.0,0.0,0.0,0.0,0.0,0.0,0.0,1.0,2.0,0.0,1,8.0,1.0,1.0,3.5,2.5,6.0,6.0,6.5,6.0,75.0,1,0,1,1,1,1,1,0,0,1,1,1,1,1,1,1,1,1,1,1,1,1,0,1,1,1,1,1,0,1,1.0,1.0,500.0,646.0699462890625,2050.0,2050.0,573.0349731445312,2050.0,7.044094562530518,8.318742752075195,1.0,0.0,2.0,0.0,2790.0,1700.0,3000.0,5000.0,2245.0,4000.0,0.0,800.0,223.97000122070312,29.959999084472656,0.0,1000.0,600.0,250.0,1100.0,0.0,1053.9300537109375,2950.0,11.227245330810547,3.4782607555389404,0.800000011920929,0.6000000238418579,1.0,0.800000011920929,1.0,0.800000011920929,0.800000011920929,0.8666666746139526,0.0,0.0,0.0,10.0,7.0,4.0,5.0,0.0,0.0,1.0,0.0,0.0,0.0,1.0,0.0,0.0,0.0,0.0,1.0
3270,3,1.0,1.0,1.0,0.0,1.8272944406263498,16.75,1.0,0.0,45.0,1.0,39.58333206176758,3.0,1.0,0.0,1.0,20.0,2,0,0,0,0.0,0.0,0.0,0.0,0.0,0.0,0.0,0.0,0.0,0.0,0.0,0.0,0.0,0.0,0.0,1.0,9.0,0.0,6,8.0,1.0,1.0,2.0,3.0,7.0,1.0,7.0,7.0,2250.0,1,1,0,0,0,1,0,0,0,0,0,1,1,1,1,1,1,1,0,1,1,1,0,1,1,1,1,1,0,1,9.0,1.0,6000.0,38379.859375,18221.0,18221.0,22189.9296875,18221.0,10.700541496276855,10.503477096557617,9.0,0.0,9.0,0.0,84638.0,84638.0,52600.0,52600.0,84638.0,52600.0,11999.9599609375,31848.0,1076.949951171875,1333.22998046875,0.0,5000.0,27000.0,850.0,1529.0,0.0,46258.140625,34379.0,6.548409938812256,9.477477073669434,0.4000000059604645,0.20000000298023224,0.800000011920929,0.46666666865348816,0.800000011920929,0.800000011920929,0.800000011920929,0.800000011920929,0.0,1.0,1.0,7.0,5.0,13.0,9.0,0.0,1.0,1.0,0.0,0.0,0.0,1.0,0.0,1.0,1.0,1.0,1.0
3273,3,1.0,1.0,0.0,1.0,5.205004238797561,4.5,1.0,390.0,45.0,1.0,23.33333396911621,1.0,1.0,0.0,0.0,0.0,2,3,7,7,0.0,0.0,0.0,0.0,0.0,0.0,0.0,0.0,0.0,0.0,0.0,0.0,0.0,0.0,1.0,0.0,3.0,1.0,9,6.0,1.0,1.0,5.0,6.0,6.5,6.0,6.0,6.0,75.0,1,0,1,1,1,0,1,1,1,1,1,1,1,1,1,0,1,1,1,1,1,1,1,1,1,1,1,1,1,1,5.0,1.0,15000.0,13951.310546875,20664.0,20664.0,14475.6552734375,20664.0,10.273370742797852,10.629295349121094,4.0,1.0,2.0,1.0,12200.0,35000.0,6000.0,39000.0,23600.0,22500.0,12410.0,5250.0,1239.919921875,948.77001953125,1200.0,1500.0,3000.0,2800.0,9736.0,1300.0,21048.689453125,18336.0,1.8823529481887817,14.516129493713379,0.800000011920929,0.800000011920929,1.0,0.8666666746139526,0.800000011920929,1.0,1.0,0.9333333373069763,1.0,1.0,1.0,7.0,2.0,6.0,12.0,0.0,0.0,1.0,1.0,1.0,1.0,1.0,0.0,1.0,1.0,1.0,1.0
3276,3,0.0,1.0,0.0,0.0,,3.9166667461395264,1.0,20000.0,40.0,1.0,44.33333206176758,1.0,1.0,0.0,1.0,0.0,2,3,7,7,0.0,0.0,0.0,0.0,0.0,0.0,0.0,0.0,0.0,0.0,0.0,0.0,1.0,0.0,0.0,0.0,5.0,0.0,1,,0.0,0.0,,,,,,,,0,0,0,0,0,0,0,0,0,0,0,0,1,0,0,0,0,0,0,0,0,0,0,0,0,0,0,0,0,0,0.0,1.0,0.0,-999.989990234375,4300.0,4300.0,-499.9949951171875,4300.0,-6.907746315002441,9.059517860412598,0.0,0.0,5.0,0.0,0.0,0.0,2500.0,11000.0,0.0,6750.0,0.0,0.0,699.97998046875,300.010009765625,0.0,2800.0,800.0,1900.0,800.0,400.0,999.989990234375,6700.0,15.121163368225098,2.3275861740112305,0.0,0.0,0.20000000298023224,0.06666667014360428,0.0,0.0,0.0,0.0,1.0,0.0,1.0,,,,,1.0,0.0,1.0,1.0,1.0,1.0,1.0,1.0,1.0,0.0,0.0,1.0
3281,3,1.0,1.0,0.0,0.0,,6.0,1.0,3000.0,84.0,0.0,49.25,1.0,1.0,0.0,0.0,1.0,2,7,7,3,0.0,0.0,0.0,0.0,0.0,0.0,0.0,0.0,0.0,0.0,0.0,0.0,1.0,0.0,0.0,0.0,4.0,0.0,3,,0.0,0.0,,,,,,,,1,0,1,1,1,1,1,1,1,0,0,1,1,1,1,0,1,1,0,1,1,1,0,1,1,1,1,0,0,0,3.5,1.0,0.0,1544.8798828125,35722.5,35722.5,772.43994140625,35722.5,7.3427019119262695,11.17668342590332,2.0,3.0,2.0,3.0,8840.0,8840.0,6100.0,42075.0,8840.0,24087.5,0.0,3200.0,1987.5400390625,1737.5699462890625,0.0,2.5,4100.0,1050.0,1200.0,0.0,7295.1201171875,6352.5,15.121163368225098,47.93532180786133,0.800000011920929,0.800000011920929,0.800000011920929,0.800000011920929,0.6000000238418579,0.800000011920929,0.4000000059604645,0.6000000238418579,1.0,0.0,1.0,,,,,1.0,1.0,1.0,1.0,1.0,1.0,1.0,0.0,1.0,1.0,1.0,1.0
3288,3,1.0,1.0,0.0,0.0,,0.0,1.0,2400.0,40.0,0.0,35.75,1.0,1.0,0.0,1.0,0.0,4,1,4,1,0.0,0.0,0.0,0.0,0.0,0.0,0.0,0.0,0.0,0.0,0.0,0.0,1.0,0.0,0.0,0.0,6.0,0.0,3,,0.0,0.0,,,,,,,,1,0,1,1,1,1,1,0,0,1,1,1,0,1,1,1,0,0,0,1,0,1,0,1,1,1,1,1,1,0,0.0,1.0,0.0,0.0,10667.0,10667.0,0.0,10667.0,0.0,9.968057632446289,0.0,0.0,0.0,6.0,0.0,0.0,45000.0,32167.0,0.0,38583.5,0.0,0.0,0.0,0.0,0.0,1125.0,12750.0,6800.0,825.0,0.0,0.0,21500.0,15.121163368225098,34.296443939208984,0.800000011920929,0.6000000238418579,0.800000011920929,0.7333333492279053,0.4000000059604645,0.6000000238418579,0.800000011920929,0.6000000238418579,1.0,0.0,1.0,,,,,1.0,0.0,1.0,1.0,1.0,1.0,1.0,0.0,1.0,0.0,1.0,0.0
3295,3,1.0,1.0,0.0,1.0,7.242583317960939,3.8333332538604736,0.0,2000.0,45.0,1.0,52.25,3.0,1.0,0.0,0.0,0.0,6,0,0,0,0.0,0.0,0.0,0.0,0.0,0.0,1.0,0.0,0.0,0.0,0.0,0.0,0.0,0.0,0.0,0.0,2.0,0.0,1,7.0,1.0,1.0,,,7.0,1.0,7.0,7.0,2250.0,0,0,1,1,1,1,0,0,0,1,1,1,1,1,1,0,1,1,1,1,1,1,1,1,1,0,1,0,1,1,2.0,1.0,8500.0,2394.080078125,3906.0,3906.0,5447.0400390625,3906.0,9.295974731445312,8.96341609954834,0.0,2.0,0.0,2.0,8500.0,8500.0,4000.0,8000.0,8500.0,6000.0,2125.0,850.0,825.9400024414062,55.0,2200.0,1920.0,0.0,460.0,914.0,800.0,6105.919921875,4094.0,3.434426784515381,2.857142925262451,0.6000000238418579,0.4000000059604645,1.0,0.6666666865348816,0.800000011920929,1.0,0.6000000238418579,0.800000011920929,0.0,0.0,0.0,3.0,1.0,5.0,4.0,0.0,0.0,1.0,0.0,0.0,0.0,1.0,0.0,0.0,0.0,0.0,1.0
3296,3,1.0,1.0,1.0,0.0,1.776911545630115,6.5,1.0,5000.0,52.0,1.0,51.91666793823242,3.0,1.0,0.0,0.0,30.0,3,4,4,2,0.0,0.0,1.0,0.0,0.0,0.0,0.0,0.0,0.0,0.0,0.0,0.0,0.0,0.0,0.0,0.0,0.0,0.0,6,8.0,1.0,1.0,6.0,6.0,7.0,6.0,7.0,7.0,2250.0,1,0,0,0,0,1,0,0,0,0,0,1,1,0,1,0,1,0,0,1,1,1,0,0,0,0,0,0,0,0,0.0,1.0,1000.0,3998.7900390625,-700.0,-700.0,2499.39501953125,-700.0,8.516951560974121,-7.244227886199951,0.0,0.0,0.0,0.0,6150.0,6150.0,3000.0,1000.0,6150.0,2000.0,1920.0,0.0,92.05999755859375,139.14999389648438,0.0,800.0,0.0,350.0,250.0,300.0,2151.2099609375,1700.0,3.203125,2.1052632331848145,0.20000000298023224,0.20000000298023224,0.6000000238418579,0.3333333432674408,0.4000000059604645,0.4000000059604645,0.0,0.2666666805744171,1.0,1.0,1.0,0.0,1.0,8.0,7.0,0.0,1.0,1.0,1.0,1.0,1.0,0.0,1.0,1.0,0.0,0.0,1.0
3300,3,1.0,1.0,1.0,0.0,0.3596007304359719,2.4166667461395264,0.0,1500.0,45.0,1.0,41.0,4.0,1.0,0.0,0.0,18.0,2,5,5,1,0.0,0.0,0.0,0.0,0.0,0.0,0.0,0.0,0.0,0.0,0.0,0.0,0.0,0.0,0.0,1.0,3.0,0.0,1,8.0,1.0,1.0,3.0,3.5,6.5,4.0,5.0,5.0,75.0,0,0,0,1,0,1,0,1,0,0,0,0,1,1,1,1,1,1,1,1,1,1,0,0,1,0,0,1,0,0,2.0,1.0,0.0,-338.77001953125,400.0,400.0,-169.385009765625,400.0,-5.8253302574157715,6.684613227844238,2.0,0.0,3.0,0.0,2250.800048828125,2250.0,4000.0,4000.0,2250.39990234375,4000.0,850.0,1200.0,430.47998046875,108.29000091552734,0.0,2500.0,800.0,250.0,50.0,0.0,2588.77001953125,3600.0,2.2504448890686035,1.5094339847564697,0.20000000298023224,0.4000000059604645,0.6000000238418579,0.4000000059604645,1.0,0.6000000238418579,0.20000000298023224,0.6000000238418579,1.0,0.0,0.0,8.0,2.0,9.0,8.0,0.0,1.0,1.0,1.0,1.0,1.0,1.0,0.0,0.0,0.0,0.0,0.0
3302,3,1.0,1.0,0.0,0.0,,3.9166667461395264,1.0,10000.0,45.0,1.0,43.08333206176758,3.0,1.0,0.0,0.0,0.0,0,0,0,0,0.0,0.0,0.0,0.0,0.0,0.0,0.0,0.0,0.0,0.0,0.0,0.0,0.0,0.0,0.0,0.0,3.5,0.0,1,,0.0,0.0,,,,,,,,0,0,0,0,0,0,0,0,0,0,0,0,0,0,0,0,0,0,0,0,0,0,0,0,0,0,0,0,0,0,0.0,1.0,0.0,0.0,30100.0,30100.0,0.0,30100.0,0.0,11.005427360534668,0.0,0.0,2.0,3.0,0.0,0.0,18000.0,58000.0,0.0,38000.0,0.0,0.0,0.0,0.0,0.0,12000.0,4000.0,5800.0,6100.0,0.0,0.0,27900.0,15.121163368225098,3.0399999618530273,0.0,0.0,0.0,0.0,0.0,0.0,0.0,0.0,0.0,0.0,1.0,,,,,1.0,0.0,0.0,0.0,0.0,0.0,1.0,1.0,1.0,1.0,1.0,1.0
3308,3,1.0,1.0,0.0,1.0,7.936759238295091,4.75,0.0,5000.0,52.0,1.0,31.75,1.0,1.0,0.0,0.0,0.0,2,0,0,0,0.0,0.0,0.0,0.0,0.0,0.0,0.0,0.0,0.0,0.0,0.0,1.0,0.0,0.0,0.0,0.0,1.0,1.0,8,8.0,1.0,1.0,4.0,3.0,5.5,3.0,5.5,6.0,1750.0,1,0,0,1,1,1,1,0,1,1,1,1,1,1,0,0,0,0,1,1,0,1,0,0,0,1,1,0,0,0,2.0,1.0,10755.0,2975.56982421875,2662.0,2662.0,6865.28515625,2662.0,9.527379989624023,8.57997989654541,1.0,1.0,1.0,0.0,10750.0,10000.0,15000.0,15000.0,10375.0,15000.0,2975.0,1700.0,1256.969970703125,1092.4599609375,0.0,8000.0,2600.0,988.0,480.0,270.0,7024.43017578125,12338.0,3.1679680347442627,1.875,0.6000000238418579,0.800000011920929,0.800000011920929,0.7333333492279053,0.4000000059604645,0.20000000298023224,0.4000000059604645,0.3333333432674408,0.0,1.0,1.0,5.0,0.0,3.0,7.0,0.0,0.0,1.0,0.0,0.0,0.0,0.0,1.0,0.0,1.0,1.0,1.0
3309,3,1.0,1.0,1.0,0.0,5.2639045400093964,6.583333492279053,1.0,5000.0,10.0,0.0,44.0,2.0,1.0,0.0,1.0,0.0,2,0,0,0,0.0,0.0,0.0,0.0,0.0,0.0,0.0,0.0,0.0,0.0,0.0,1.0,0.0,0.0,0.0,0.0,1.5,0.0,3,7.0,1.0,1.0,4.5,6.5,7.0,6.0,6.0,7.0,750.0,1,1,1,1,0,1,1,0,1,0,1,1,1,1,1,0,0,0,0,1,1,1,1,1,1,1,1,1,1,1,1.5,1.0,3000.0,5356.7197265625,2900.0,2900.0,4178.35986328125,2900.0,9.030820846557617,8.665613174438477,0.0,3.0,0.0,3.0,7000.0,7000.0,14000.0,14000.0,7000.0,14000.0,45.0,600.0,600.02001953125,398.2599792480469,0.0,9000.0,1000.0,500.0,600.0,0.0,1643.280029296875,11100.0,100.0,1.5555555820465088,0.800000011920929,0.6000000238418579,1.0,0.800000011920929,0.20000000298023224,1.0,1.0,0.7333333492279053,0.0,0.0,1.0,11.0,10.0,12.0,12.0,0.0,0.0,1.0,0.0,0.0,0.0,1.0,1.0,1.0,0.0,1.0,1.0
3312,3,1.0,1.0,0.0,0.0,,7.0,0.0,500.0,30.0,1.0,32.75,4.0,1.0,0.0,1.0,0.0,2,0,0,0,0.0,0.0,1.0,0.0,0.0,0.0,0.0,0.0,0.0,0.0,0.0,0.0,0.0,0.0,0.0,0.0,0.0,0.0,1,,0.0,0.0,,,,,,,,1,0,1,1,1,1,0,0,1,0,0,1,1,0,1,0,0,0,0,0,0,0,1,1,1,1,0,0,0,0,0.0,1.0,300.0,645.3499755859375,40.0,40.0,472.67498779296875,40.0,6.851556301116943,4.382183074951172,0.0,0.0,0.0,0.0,1050.0,1050.0,800.0,900.0,1050.0,850.0,200.0,0.0,69.87999725341797,134.77000427246094,0.0,250.0,0.0,350.0,160.0,0.0,404.6499938964844,760.0,4.565019130706787,3.200000047683716,0.800000011920929,0.4000000059604645,0.6000000238418579,0.6000000238418579,0.0,0.6000000238418579,0.20000000298023224,0.2666666805744171,0.0,0.0,0.0,,,,,1.0,0.0,1.0,0.0,0.0,0.0,0.0,0.0,0.0,1.0,0.0,1.0
3323,3,1.0,1.0,0.0,1.0,7.545302667458515,2.1666667461395264,1.0,250.0,40.0,0.0,39.33333206176758,3.0,1.0,0.0,0.0,5.0,7,6,7,1,0.0,0.0,0.0,0.0,0.0,0.0,0.0,0.0,0.0,0.0,0.0,0.0,0.0,0.0,0.0,0.0,5.5,0.0,6,8.0,1.0,1.0,4.0,4.0,6.0,2.0,6.0,6.0,2250.0,1,1,1,1,1,1,1,1,1,1,0,1,1,1,1,1,1,1,1,1,1,1,1,1,1,1,1,1,1,1,2.5,1.0,30.0,-311.55999755859375,-1250.0,-1250.0,-140.77999877929688,-1250.0,-5.640357971191406,-7.8240461349487305,0.0,5.0,3.0,5.0,152.94000244140625,85.0,3500.0,2500.0,118.97000122070312,3000.0,0.0,146.66000366210938,149.94000244140625,99.95999908447266,0.0,0.0,1750.0,500.0,1500.0,0.0,396.55999755859375,3750.0,15.121163368225098,15.0,1.0,1.0,0.800000011920929,0.9333333373069763,1.0,1.0,1.0,1.0,1.0,1.0,0.0,5.0,2.0,6.0,7.0,0.0,1.0,1.0,1.0,1.0,1.0,1.0,0.0,1.0,0.0,0.0,0.0
3331,3,1.0,1.0,0.0,1.0,2.6288319311451787,5.916666507720947,1.0,15000.0,50.0,0.0,43.0,2.0,1.0,0.0,0.0,0.0,2,2,6,5,1.0,0.0,0.0,0.0,0.0,0.0,0.0,0.0,0.0,0.0,0.0,0.0,0.0,0.0,0.0,0.0,3.0,0.0,1,7.0,1.0,1.0,4.0,5.0,6.5,6.0,6.5,6.0,1750.0,1,0,1,1,1,1,0,0,1,1,1,1,1,1,1,1,1,0,0,1,1,1,1,0,1,1,1,1,1,1,5.0,1.0,8000.0,20212.490234375,4150.0,4150.0,14106.2451171875,4150.0,10.247520446777344,9.02401065826416,2.0,3.0,3.0,0.0,52500.0,52500.0,15000.0,20000.0,52500.0,17500.0,17000.0,12000.0,699.97998046875,2587.530029296875,0.0,12000.0,2000.0,850.0,1000.0,0.0,32287.509765625,15850.0,3.088235378265381,1.4285714626312256,0.800000011920929,0.6000000238418579,1.0,0.800000011920929,0.6000000238418579,0.800000011920929,1.0,0.800000011920929,1.0,0.0,1.0,9.0,7.0,10.0,11.0,0.0,0.0,1.0,1.0,1.0,1.0,1.0,1.0,1.0,0.0,1.0,1.0
3333,3,1.0,1.0,0.0,1.0,8.056547719267941,0.3333333134651184,0.0,500.0,50.0,0.0,31.83333396911621,2.0,0.0,1.0,1.0,0.0,2,0,0,0,0.0,0.0,0.0,0.0,0.0,0.0,0.0,0.0,0.0,0.0,0.0,1.0,0.0,0.0,0.0,0.0,0.0,0.0,1,7.0,1.0,1.0,4.0,6.0,6.0,5.0,6.0,6.0,325.0,1,1,1,0,1,1,1,1,1,1,1,1,1,1,1,0,1,0,0,1,1,1,1,0,1,1,1,0,1,1,0.0,1.0,2200.0,1412.510009765625,100.0,100.0,1806.2550048828125,100.0,8.192157745361328,5.298342227935791,0.0,0.0,0.0,0.0,3000.0,3000.0,2500.0,3000.0,3000.0,2750.0,400.0,0.0,719.989990234375,467.5,0.0,2000.0,0.0,300.0,600.0,0.0,1587.489990234375,2900.0,4.9999165534973145,1.1956521272659302,0.800000011920929,1.0,1.0,0.9333333373069763,0.4000000059604645,0.800000011920929,0.800000011920929,0.6666666865348816,0.0,0.0,0.0,9.0,0.0,9.0,7.0,0.0,0.0,1.0,0.0,0.0,0.0,0.0,0.0,0.0,0.0,0.0,0.0
3337,3,1.0,1.0,1.0,0.0,0.6127107621527694,0.16666670143604279,0.0,500.0,30.0,1.0,34.5,2.0,1.0,0.0,1.0,22.0,3,5,7,6,0.0,0.0,0.0,0.0,0.0,0.0,0.0,0.0,0.0,0.0,0.0,0.0,0.0,0.0,0.0,0.0,0.0,0.0,5,8.0,1.0,1.0,2.0,2.5,6.5,3.0,6.5,6.0,1750.0,1,0,1,0,0,1,0,1,0,1,0,1,1,0,1,0,1,0,0,0,0,1,1,0,0,1,1,0,0,0,0.0,0.0,0.0,0.0,420.0,420.0,0.0,420.0,0.0,6.733403205871582,0.0,0.0,0.0,0.0,0.0,0.0,1500.0,1680.0,0.0,1590.0,0.0,0.0,0.0,0.0,0.0,1200.0,0.0,0.0,60.0,0.0,0.0,1260.0,15.121163368225098,1.3250000476837158,0.4000000059604645,0.6000000238418579,0.6000000238418579,0.5333333611488342,0.20000000298023224,0.4000000059604645,0.4000000059604645,0.3333333432674408,1.0,0.0,0.0,9.0,6.0,9.0,4.0,0.0,1.0,1.0,1.0,1.0,1.0,0.0,0.0,0.0,0.0,0.0,0.0
3340,3,1.0,1.0,0.0,1.0,8.618029389038469,4.5,1.0,500.0,30.0,1.0,46.75,3.0,1.0,0.0,0.0,0.0,1,3,5,1,0.0,0.0,1.0,0.0,0.0,0.0,0.0,0.0,0.0,0.0,0.0,0.0,0.0,0.0,0.0,0.0,3.0,0.0,1,7.0,1.0,1.0,,1.0,,,,,,1,1,1,0,1,1,1,0,0,1,0,1,1,1,1,1,0,0,0,0,0,0,0,0,1,0,0,0,0,0,0.0,0.0,0.0,0.0,7390.0,7390.0,0.0,7390.0,0.0,9.601030349731445,0.0,0.0,0.0,6.0,0.0,0.0,15000.0,15000.0,0.0,15000.0,0.0,0.0,0.0,0.0,0.0,7000.0,0.0,360.0,250.0,0.0,0.0,7610.0,15.121163368225098,2.0833332538604736,0.800000011920929,0.6000000238418579,0.800000011920929,0.7333333492279053,0.20000000298023224,0.20000000298023224,0.0,0.13333334028720856,0.0,0.0,1.0,5.0,0.0,12.0,8.0,0.0,0.0,0.0,1.0,1.0,1.0,1.0,0.0,1.0,0.0,1.0,1.0
3346,3,1.0,1.0,0.0,1.0,2.5165469456819376,0.0,0.0,0.0,52.0,0.0,48.75,5.0,1.0,0.0,1.0,0.0,3,5,3,2,0.0,0.0,0.0,0.0,0.0,0.0,0.0,1.0,0.0,0.0,0.0,0.0,0.0,0.0,0.0,0.0,1.0,0.0,1,7.0,1.0,1.0,3.0,5.0,7.0,7.0,6.0,7.0,75.0,0,0,0,0,0,0,0,0,0,0,0,0,0,0,0,0,0,0,0,0,0,0,0,0,0,0,0,0,0,0,0.0,0.0,0.0,0.0,2400.0,2400.0,0.0,2400.0,0.0,8.476370811462402,0.0,0.0,0.0,1.0,0.0,0.0,15000.0,17100.0,0.0,16050.0,0.0,0.0,0.0,0.0,0.0,4000.0,3000.0,2200.0,5500.0,0.0,0.0,14700.0,15.121163368225098,3.566666603088379,0.0,0.0,0.0,0.0,0.0,0.0,0.0,0.0,1.0,0.0,0.0,5.0,4.0,8.0,11.0,0.0,0.0,1.0,1.0,1.0,1.0,0.0,0.0,0.0,1.0,1.0,0.0
3362,3,1.0,1.0,0.0,0.0,,8.583333015441895,0.0,8000.0,90.0,1.0,52.83333206176758,1.0,1.0,0.0,0.0,0.0,3,2,2,2,0.0,0.0,0.0,0.0,0.0,0.0,0.0,0.0,0.0,1.0,0.0,0.0,0.0,0.0,0.0,0.0,0.0,0.0,1,,0.0,0.0,,,,,,,,0,0,0,0,0,0,0,0,0,0,0,0,0,0,0,0,0,0,0,0,0,0,0,0,0,0,0,0,0,0,0.0,1.0,3600.0,2530.0400390625,570.0,570.0,3065.02001953125,570.0,8.720956802368164,7.038784503936768,0.0,0.0,0.0,0.0,3720.0,3720.0,2400.0,3760.0,3720.0,3080.0,637.5,0.0,361.2099914550781,191.25,0.0,540.0,0.0,1130.0,1520.0,0.0,1189.9599609375,3190.0,3.8901960849761963,3.6666667461395264,0.0,0.0,0.0,0.0,0.0,0.0,0.0,0.0,0.0,0.0,0.0,,,,,1.0,0.0,1.0,1.0,0.0,1.0,0.0,1.0,0.0,0.0,0.0,1.0
3363,3,1.0,1.0,0.0,0.0,,1.9166667461395264,0.0,1200.0,45.0,0.0,30.58333396911621,0.0,1.0,0.0,1.0,0.0,2,3,3,3,0.0,0.0,0.0,0.0,0.0,0.0,0.0,0.0,0.0,0.0,0.0,0.0,0.0,0.0,1.0,0.0,0.5,0.0,4,,0.0,0.0,,,,,,,,0,0,0,0,0,0,0,0,0,0,0,0,0,0,0,0,0,0,0,0,0,0,0,0,0,0,0,0,0,0,0.0,0.0,0.0,0.0,4609.9599609375,4609.9599609375,0.0,4609.9599609375,0.0,9.129121780395508,0.0,0.0,0.0,1.0,0.0,0.0,10000.0,8799.9599609375,0.0,9399.98046875,0.0,0.0,0.0,0.0,0.0,750.0,750.0,2490.0,200.0,0.0,0.0,4190.0,15.121163368225098,12.533307075500488,0.0,0.0,0.0,0.0,0.0,0.0,0.0,0.0,1.0,0.0,0.0,,,,,1.0,0.0,1.0,1.0,1.0,1.0,0.0,0.0,0.0,0.0,1.0,0.0
3364,3,1.0,1.0,0.0,1.0,9.120263490311538,5.166666507720947,1.0,1000.0,45.0,1.0,40.75,4.0,1.0,0.0,0.0,0.0,2,5,7,7,0.0,1.0,0.0,0.0,0.0,0.0,0.0,0.0,0.0,0.0,0.0,0.0,0.0,0.0,0.0,0.0,5.0,0.0,1,7.0,1.0,1.0,1.0,1.0,6.0,3.0,7.0,5.0,,0,0,1,1,0,1,1,0,1,1,0,1,1,0,1,0,1,1,0,0,0,0,0,0,0,0,0,0,0,0,4.0,1.0,2539.0,1864.2001953125,37350.0,37350.0,2201.60009765625,37350.0,8.390087127685547,11.221235275268555,0.0,4.0,0.0,10.0,7725.0,7725.0,10000.0,67000.0,7725.0,38500.0,5639.0,0.0,71.81999969482422,149.97999572753906,0.0,10000.0,15000.0,4000.0,650.0,0.0,5860.7998046875,29650.0,1.369923710823059,3.8499999046325684,0.4000000059604645,0.800000011920929,0.6000000238418579,0.6000000238418579,0.4000000059604645,0.0,0.0,0.13333334028720856,1.0,0.0,1.0,2.0,2.0,8.0,11.0,0.0,0.0,1.0,1.0,1.0,1.0,1.0,0.0,1.0,0.0,1.0,1.0
3386,3,1.0,1.0,0.0,0.0,,3.4166667461395264,1.0,15000.0,40.0,1.0,40.91666793823242,3.0,1.0,0.0,1.0,2.0,3,3,3,6,0.0,0.0,0.0,0.0,0.0,0.0,0.0,1.0,0.0,0.0,0.0,0.0,0.0,0.0,0.0,0.0,1.0,0.0,4,,0.0,0.0,,,,,,,,0,0,0,0,0,0,0,0,0,0,0,0,0,0,0,0,0,0,0,0,0,0,0,0,0,0,0,0,0,0,0.0,0.0,0.0,0.0,15300.0,15300.0,0.0,15300.0,0.0,10.328755378723145,0.0,0.0,0.0,1.0,0.0,0.0,30000.0,50000.0,0.0,40000.0,0.0,0.0,0.0,0.0,0.0,12000.0,17000.0,2800.0,1700.0,1200.0,0.0,34700.0,15.121163368225098,3.200000047683716,0.0,0.0,0.0,0.0,0.0,0.0,0.0,0.0,1.0,0.0,1.0,,,,,1.0,1.0,1.0,1.0,1.0,1.0,0.0,1.0,1.0,1.0,1.0,0.0
3387,3,1.0,1.0,1.0,0.0,1.1237251196016265,0.6666666865348816,1.0,0.0,52.0,1.0,23.0,0.0,1.0,0.0,1.0,0.0,0,0,0,0,0.0,0.0,0.0,0.0,0.0,0.0,0.0,0.0,0.0,0.0,0.0,0.0,1.0,0.0,0.0,0.0,0.0,0.0,1,6.0,1.0,1.0,5.0,4.0,,,,,,0,0,0,0,0,0,0,0,0,0,0,0,0,0,0,0,0,0,0,0,0,0,0,0,0,0,0,0,0,0,0.0,0.0,0.0,0.0,39550.0,39550.0,0.0,39550.0,0.0,11.278468132019043,0.0,0.0,0.0,0.0,0.0,0.0,90000.0,70000.0,0.0,80000.0,0.0,0.0,0.0,0.0,0.0,25000.0,0.0,2950.0,2500.0,0.0,0.0,30450.0,15.121163368225098,3.0534350872039795,0.0,0.0,0.0,0.0,0.0,0.0,0.0,0.0,0.0,0.0,0.0,6.0,6.0,11.0,6.0,0.0,0.0,0.0,0.0,0.0,0.0,0.0,0.0,1.0,0.0,1.0,0.0
3388,3,0.0,1.0,0.0,0.0,,12.166666984558105,1.0,10000.0,40.0,1.0,43.66666793823242,5.0,1.0,0.0,0.0,0.0,2,3,5,4,0.0,0.0,0.0,0.0,0.0,0.0,0.0,0.0,0.0,0.0,0.0,0.0,0.0,0.0,0.0,0.0,0.0,0.0,1,,0.0,0.0,,,,,,,,0,0,0,0,0,0,0,0,0,0,0,0,0,0,0,0,0,0,0,0,0,0,0,0,0,0,0,0,0,0,13.5,1.0,800.0,15875.0,5050.0,5050.0,8337.5,5050.0,9.72166633605957,9.220291137695312,8.0,8.0,0.0,0.0,10800.0,35700.0,6000.0,6000.0,23250.0,6000.0,0.0,19400.0,0.0,425.0,0.0,0.0,0.0,100.0,850.0,0.0,19825.0,950.0,15.121163368225098,60.0,0.0,0.0,0.0,0.0,0.0,0.0,0.0,0.0,1.0,0.0,1.0,,,,,1.0,0.0,1.0,1.0,1.0,1.0,0.0,1.0,1.0,0.0,0.0,1.0
3393,3,1.0,1.0,0.0,0.0,,2.1666667461395264,1.0,4000.0,48.0,0.0,39.91666793823242,3.0,1.0,0.0,1.0,30.0,2,0,0,0,0.0,0.0,0.0,0.0,0.0,0.0,0.0,0.0,1.0,0.0,0.0,0.0,0.0,0.0,0.0,0.0,1.0,0.0,3,,0.0,0.0,,,,,,,,1,1,0,0,0,1,0,0,1,1,0,0,1,1,1,1,1,1,1,1,1,1,0,1,1,1,1,1,0,0,2.0,1.0,3000.0,4071.1904296875,1995.0,1995.0,3535.59521484375,1995.0,8.863783836364746,8.291546821594238,1.0,1.0,1.0,0.0,14031.0,14031.0,7000.0,9000.0,14031.0,8000.0,6502.5,1062.5,1994.840087890625,399.9700012207031,0.0,3060.0,1000.0,1230.0,415.0,1300.0,9959.8095703125,7005.0,2.157785415649414,2.588996648788452,0.4000000059604645,0.6000000238418579,0.6000000238418579,0.5333333611488342,1.0,0.800000011920929,0.6000000238418579,0.800000011920929,0.0,0.0,1.0,,,,,1.0,1.0,1.0,0.0,0.0,0.0,0.0,1.0,1.0,1.0,1.0,0.0
3394,3,1.0,1.0,0.0,0.0,,2.6666667461395264,0.0,200.0,35.0,1.0,46.33333206176758,2.0,1.0,0.0,1.0,0.0,2,3,7,2,0.0,0.0,0.0,0.0,0.0,0.0,1.0,0.0,0.0,0.0,0.0,0.0,0.0,0.0,0.0,0.0,0.0,0.0,1,,0.0,0.0,,,,,,,,0,0,1,0,0,1,0,0,0,0,0,1,0,0,1,0,0,0,0,0,0,0,0,0,0,0,0,0,0,0,0.0,1.0,950.0,998.030029296875,68.0,68.0,974.0150146484375,68.0,7.574573993682861,4.912708759307861,0.0,0.0,0.0,0.0,1920.0,1920.0,300.0,900.0,1920.0,600.0,420.0,0.0,144.97000122070312,357.0,0.0,150.0,0.0,22.0,10.0,0.0,921.969970703125,315.0,4.000249862670898,1.5625,0.20000000298023224,0.20000000298023224,0.4000000059604645,0.2666666805744171,0.0,0.0,0.0,0.0,1.0,0.0,0.0,,,,,1.0,0.0,1.0,1.0,1.0,1.0,0.0,0.0,0.0,0.0,0.0,0.0
3395,3,1.0,1.0,1.0,0.0,13.188681790106754,4.916666507720947,0.0,200.0,60.0,1.0,37.08333206176758,2.0,1.0,0.0,0.0,0.0,3,3,5,4,0.0,0.0,0.0,0.0,0.0,0.0,1.0,0.0,0.0,0.0,0.0,0.0,0.0,0.0,0.0,0.0,0.0,0.0,1,1.0,1.0,0.0,,,,,,,,1,0,1,0,1,1,1,0,1,1,1,1,1,0,1,1,1,0,1,1,1,1,0,1,1,1,1,1,0,1,0.0,1.0,8000.0,8687.580078125,-1660.0,-1660.0,8343.7900390625,-1660.0,9.722419738769531,-8.107720375061035,0.0,0.0,0.0,0.0,10000.0,19000.0,4800.0,20400.0,14500.0,12600.0,10000.0,0.0,312.41998291015625,0.0,0.0,21250.0,0.0,650.0,160.0,0.0,10312.419921875,22060.0,1.4356435537338257,0.64453125,0.6000000238418579,0.800000011920929,0.800000011920929,0.7333333492279053,0.800000011920929,0.800000011920929,0.800000011920929,0.800000011920929,1.0,0.0,0.0,,,,,0.0,0.0,1.0,1.0,1.0,1.0,0.0,0.0,0.0,0.0,1.0,1.0
3397,3,1.0,1.0,0.0,0.0,,3.5,0.0,2000.0,27.0,1.0,32.91666793823242,3.0,1.0,0.0,0.0,19.0,2,0,0,0,0.0,0.0,0.0,0.0,0.0,0.0,1.0,0.0,0.0,0.0,0.0,0.0,0.0,0.0,0.0,0.0,3.0,0.0,5,,0.0,0.0,,,,,,,,1,1,1,1,1,1,0,1,1,1,1,1,1,1,1,1,1,0,0,1,1,1,1,1,1,1,1,1,1,1,0.0,1.0,20000.0,35607.609375,3620.0,3620.0,27803.8046875,3620.0,10.926074981689453,8.88737678527832,0.0,0.0,3.0,0.0,25000.0,102400.0,5400.0,10700.0,63700.0,8050.0,60400.0,0.0,6352.39990234375,39.9900016784668,0.0,2840.0,2700.0,840.0,700.0,0.0,66792.390625,7080.0,1.0521968603134155,2.8345069885253906,1.0,0.800000011920929,1.0,0.9333333373069763,0.6000000238418579,1.0,1.0,0.8666666746139526,0.0,0.0,1.0,,,,,1.0,1.0,1.0,0.0,0.0,0.0,1.0,0.0,0.0,1.0,1.0,1.0
3400,3,1.0,1.0,0.0,1.0,6.375131230294382,1.0,0.0,16000.0,49.0,0.0,36.75,1.0,1.0,0.0,1.0,0.0,3,1,4,2,0.0,0.0,0.0,0.0,0.0,0.0,0.0,0.0,0.0,0.0,0.0,0.0,0.0,0.0,1.0,0.0,2.5,0.0,9,8.0,1.0,1.0,1.0,3.5,5.0,2.0,5.5,5.0,325.0,1,0,1,0,0,1,1,0,1,0,0,1,1,1,1,0,0,0,0,1,0,1,1,0,0,1,1,0,0,1,2.0,1.0,0.0,-1349.47998046875,-1780.0,-1780.0,-674.739990234375,-1780.0,-7.207475185394287,-8.177515983581543,1.0,1.0,2.0,1.0,4680.0,4800.0,15000.0,5500.0,4740.0,10250.0,400.0,849.5,3799.989990234375,850.0,0.0,1600.0,2500.0,2380.0,800.0,0.0,6149.47998046875,7280.0,7.292419910430908,5.924855709075928,0.4000000059604645,0.6000000238418579,0.800000011920929,0.6000000238418579,0.20000000298023224,0.4000000059604645,0.6000000238418579,0.4000000059604645,1.0,1.0,1.0,6.0,5.0,6.0,3.0,0.0,0.0,1.0,1.0,1.0,1.0,1.0,1.0,0.0,1.0,1.0,0.0
3402,3,1.0,1.0,0.0,0.0,,0.16666670143604279,1.0,390.0,52.0,1.0,23.83333396911621,0.0,1.0,0.0,1.0,0.0,2,0,0,0,0.0,0.0,0.0,0.0,0.0,0.0,0.0,0.0,0.0,0.0,0.0,0.0,0.0,0.0,0.0,0.0,1.0,0.0,1,,0.0,0.0,,,,,,,,0,0,0,0,0,0,0,0,0,0,0,0,0,0,0,0,0,0,0,0,0,0,0,0,0,0,0,0,0,0,0.0,0.0,0.0,0.0,250.0,250.0,0.0,250.0,0.0,6.214612007141113,0.0,0.0,0.0,2.0,0.0,0.0,300.0,1650.0,0.0,975.0,0.0,0.0,0.0,0.0,0.0,200.0,800.0,300.0,100.0,0.0,0.0,1400.0,15.121163368225098,3.25,0.0,0.0,0.0,0.0,0.0,0.0,0.0,0.0,0.0,0.0,0.0,,,,,1.0,0.0,1.0,0.0,0.0,0.0,0.0,0.0,1.0,0.0,0.0,0.0
3406,3,0.0,1.0,1.0,0.0,8.173756287008496,3.1666667461395264,1.0,0.0,40.0,1.0,20.08333396911621,0.0,1.0,0.0,1.0,0.0,2,1,1,4,0.0,0.0,0.0,0.0,1.0,0.0,0.0,0.0,0.0,0.0,0.0,0.0,0.0,0.0,0.0,0.0,3.0,0.0,13,6.0,1.0,1.0,3.5,4.0,6.5,6.0,6.0,5.0,75.0,,,,,,,,,,,,,,,,,,,,,,,,,,,,,,,3.0,1.0,2000.0,3383.439453125,-100.0,-100.0,2691.7197265625,-100.0,8.591082572937012,-5.298342227935791,0.0,3.0,0.0,5.0,22000.0,22000.0,72000.0,60000.0,22000.0,66000.0,7000.0,2200.0,8758.23046875,658.3300170898438,0.0,15000.0,18000.0,22500.0,4600.0,0.0,18616.560546875,60100.0,2.7514686584472656,3.299999952316284,,,,,,,,,0.0,1.0,1.0,9.0,8.0,8.0,9.0,0.0,0.0,1.0,1.0,0.0,1.0,1.0,0.0,1.0,1.0,1.0,0.0
3407,3,1.0,1.0,0.0,1.0,1.5483854526921599,2.9166667461395264,0.0,3000.0,35.0,0.0,40.58333206176758,3.0,1.0,0.0,1.0,16.0,3,3,4,1,0.0,0.0,0.0,0.0,0.0,0.0,0.0,0.0,0.0,0.0,0.0,0.0,0.0,0.0,0.0,0.0,0.0,0.0,1,6.0,1.0,1.0,1.0,1.0,7.0,6.0,6.0,7.0,75.0,1,0,0,1,0,0,0,0,1,0,0,1,1,1,0,0,0,0,0,0,0,0,0,0,0,0,0,0,0,0,0.0,0.0,0.0,0.0,2570.0,2570.0,0.0,2570.0,0.0,8.544808387756348,0.0,0.0,0.0,0.0,0.0,0.0,5000.0,5950.0,0.0,5475.0,0.0,0.0,0.0,0.0,0.0,1500.0,0.0,830.0,1050.0,0.0,0.0,3380.0,15.121163368225098,3.0758426189422607,0.4000000059604645,0.20000000298023224,0.6000000238418579,0.4000000059604645,0.0,0.0,0.0,0.0,1.0,0.0,0.0,2.0,0.0,7.0,4.0,0.0,1.0,1.0,1.0,1.0,1.0,0.0,0.0,0.0,0.0,0.0,0.0
3408,3,1.0,1.0,1.0,0.0,0.9722318604056192,5.666666507720947,1.0,100000.0,40.0,0.0,48.75,1.0,1.0,0.0,1.0,0.0,2,0,0,0,1.0,0.0,0.0,0.0,0.0,0.0,0.0,0.0,0.0,0.0,0.0,0.0,0.0,0.0,0.0,0.0,0.0,0.0,1,8.0,1.0,1.0,2.0,3.0,7.0,7.0,7.0,7.0,75.0,0,0,0,0,0,0,0,0,0,0,0,0,0,0,0,0,0,0,0,0,0,0,0,0,0,0,0,0,0,0,0.0,0.0,0.0,0.0,500.0,500.0,0.0,500.0,0.0,6.907756328582764,0.0,0.0,0.0,0.0,0.0,0.0,2000.0,2000.0,0.0,2000.0,0.0,0.0,0.0,0.0,0.0,1000.0,0.0,500.0,0.0,0.0,0.0,1500.0,15.121163368225098,2.0,0.0,0.0,0.0,0.0,0.0,0.0,0.0,0.0,0.0,0.0,1.0,1.0,4.0,9.0,4.0,0.0,0.0,1.0,0.0,0.0,0.0,0.0,1.0,1.0,0.0,0.0,1.0
3415,3,1.0,1.0,0.0,0.0,,7.916666507720947,1.0,20000.0,55.0,0.0,37.83333206176758,2.0,1.0,0.0,0.0,16.0,3,3,4,3,0.0,0.0,0.0,0.0,0.0,0.0,0.0,0.0,0.0,0.0,0.0,0.0,1.0,0.0,0.0,0.0,8.0,0.0,1,,0.0,0.0,,,,,,,,0,0,0,0,0,0,0,0,0,0,0,0,0,0,0,0,0,0,0,0,0,0,0,0,0,0,0,0,0,0,0.0,0.0,0.0,0.0,-2454.0,-2454.0,0.0,-2454.0,0.0,-8.498621940612793,0.0,0.0,8.0,0.0,0.0,0.0,27400.0,37000.0,0.0,32200.0,0.0,0.0,0.0,0.0,0.0,2000.0,25504.0,5700.0,4750.0,1500.0,0.0,39454.0,15.121163368225098,14.636363983154297,0.0,0.0,0.0,0.0,0.0,0.0,0.0,0.0,1.0,0.0,1.0,,,,,1.0,1.0,1.0,1.0,1.0,1.0,1.0,1.0,1.0,1.0,1.0,1.0
3418,3,1.0,1.0,0.0,1.0,1.1176773379515368,2.8333332538604736,0.0,600.0,45.0,1.0,44.75,2.0,1.0,0.0,0.0,25.0,2,2,2,5,0.0,0.0,0.0,0.0,0.0,0.0,0.0,0.0,0.0,0.0,0.0,0.0,0.0,0.0,0.0,1.0,4.5,0.0,3,4.0,1.0,0.0,,,7.0,3.0,4.5,6.0,0.0,1,1,1,1,1,1,0,0,0,0,0,1,1,1,1,1,0,0,0,0,0,1,0,0,0,0,0,0,0,0,3.0,1.0,1000.0,5516.72998046875,-200.0,-200.0,3258.364990234375,-200.0,8.78212833404541,-5.991470813751221,3.0,0.0,4.0,1.0,4000.0,9300.0,3000.0,4000.0,6650.0,3500.0,1500.0,1800.0,209.989990234375,273.2799987792969,0.0,200.0,0.0,300.0,3000.0,700.0,3783.27001953125,4200.0,4.09233283996582,8.75,1.0,0.20000000298023224,0.800000011920929,0.6666666865348816,0.20000000298023224,0.20000000298023224,0.0,0.13333334028720856,1.0,0.0,0.0,,,7.0,2.0,0.0,1.0,1.0,1.0,0.0,1.0,1.0,0.0,0.0,0.0,0.0,0.0
3419,3,1.0,1.0,1.0,0.0,,0.0,0.0,0.0,52.0,0.0,25.25,0.0,1.0,0.0,1.0,11.0,2,2,4,7,0.0,0.0,0.0,0.0,0.0,0.0,1.0,0.0,0.0,0.0,0.0,0.0,0.0,0.0,0.0,0.0,0.0,0.0,1,,0.0,0.0,,,,,,,,0,0,0,0,0,0,0,0,0,0,0,0,0,0,0,0,0,0,0,0,0,0,0,0,0,0,0,0,0,0,0.0,0.0,0.0,0.0,1250.0,1250.0,0.0,1250.0,0.0,7.8240461349487305,0.0,0.0,0.0,0.0,0.0,0.0,4200.0,4200.0,0.0,4200.0,0.0,0.0,0.0,0.0,0.0,1800.0,0.0,700.0,450.0,0.0,0.0,2950.0,15.121163368225098,2.0,0.0,0.0,0.0,0.0,0.0,0.0,0.0,0.0,1.0,0.0,0.0,,,,,0.0,1.0,1.0,1.0,1.0,1.0,0.0,0.0,0.0,0.0,0.0,0.0
3426,3,1.0,1.0,0.0,0.0,,1.8333332538604736,0.0,1500.0,42.0,0.0,29.0,1.0,1.0,0.0,1.0,0.5,2,3,6,3,0.0,0.0,0.0,0.0,1.0,0.0,0.0,0.0,0.0,0.0,0.0,0.0,0.0,0.0,0.0,0.0,2.0,0.0,4,,0.0,0.0,,,,,,,,1,1,1,1,1,1,1,1,1,1,1,1,1,1,1,1,1,1,0,1,1,1,1,1,1,1,1,1,1,1,0.0,0.0,0.0,0.0,37465.0,37465.0,0.0,37465.0,0.0,11.224309921264648,0.0,0.0,2.0,0.0,0.0,0.0,4600.0,46850.0,0.0,25725.0,0.0,0.0,0.0,0.0,0.0,2100.0,3500.0,2450.0,1335.0,0.0,0.0,9385.0,15.121163368225098,7.795454502105713,1.0,1.0,1.0,1.0,0.800000011920929,1.0,1.0,0.9333333373069763,1.0,0.0,0.0,,,,,1.0,1.0,1.0,1.0,1.0,1.0,1.0,0.0,0.0,0.0,1.0,0.0
3429,3,1.0,1.0,0.0,1.0,4.699089937647316,8.833333015441895,1.0,0.0,45.0,0.0,41.58333206176758,6.0,1.0,0.0,0.0,15.0,2,1,5,1,1.0,0.0,0.0,0.0,0.0,0.0,0.0,0.0,0.0,0.0,0.0,0.0,0.0,0.0,0.0,0.0,14.0,0.0,1,1.0,1.0,0.0,,,,,,,,0,0,1,0,1,1,0,0,1,0,1,1,1,1,1,1,1,0,1,0,1,0,1,0,1,1,1,1,0,1,25.0,1.0,14000.0,9227.740234375,-8325.0,-8325.0,11613.8701171875,-8325.0,10.053102493286133,-10.035041809082031,25.0,0.0,14.0,0.0,34800.0,34800.0,5000.0,54600.0,34800.0,29800.0,0.0,19100.0,5572.18017578125,900.0799560546875,0.0,26667.0,1120.0,10886.0,26733.0,600.0,25572.259765625,66006.0,15.121163368225098,1.0797101259231567,0.4000000059604645,0.4000000059604645,1.0,0.6000000238418579,0.6000000238418579,0.6000000238418579,0.800000011920929,0.6666666865348816,1.0,0.0,1.0,,,,,0.0,1.0,1.0,1.0,1.0,1.0,1.0,0.0,1.0,1.0,1.0,1.0
3430,3,1.0,1.0,1.0,0.0,0.9899459286780079,6.0,1.0,10000.0,45.0,0.0,50.91666793823242,2.0,1.0,0.0,1.0,0.0,3,1,4,1,1.0,0.0,0.0,0.0,0.0,0.0,0.0,0.0,0.0,0.0,0.0,0.0,0.0,0.0,0.0,0.0,1.0,1.0,4,8.0,1.0,1.0,3.0,7.0,5.0,6.0,5.5,5.0,75.0,0,0,0,0,0,0,0,0,0,0,0,0,0,0,0,0,0,0,0,0,0,0,0,0,0,0,0,0,0,0,0.0,0.0,0.0,0.0,23200.0,23200.0,0.0,23200.0,0.0,10.745055198669434,0.0,0.0,0.0,1.0,0.0,0.0,20000.0,54000.0,0.0,37000.0,0.0,0.0,0.0,0.0,0.0,10400.0,12000.0,5400.0,3000.0,0.0,0.0,30800.0,15.121163368225098,3.4259259700775146,0.0,0.0,0.0,0.0,0.0,0.0,0.0,0.0,1.0,0.0,1.0,8.0,6.0,10.0,10.0,0.0,0.0,1.0,1.0,1.0,1.0,0.0,1.0,1.0,0.0,1.0,1.0
3436,3,1.0,1.0,0.0,0.0,,7.916666507720947,0.0,2000.0,35.0,1.0,44.25,2.0,1.0,0.0,0.0,0.0,2,0,0,0,0.0,0.0,0.0,0.0,0.0,0.0,0.0,0.0,0.0,0.0,0.0,0.0,0.0,0.0,0.0,1.0,3.0,0.0,3,,0.0,0.0,,,,,,,,1,0,1,1,1,1,0,0,1,1,0,1,1,1,1,1,1,0,0,1,1,0,1,1,0,1,1,1,0,0,3.0,1.0,200.0,411.550048828125,1436.0,1436.0,305.7750244140625,1436.0,6.415999412536621,7.962764263153076,3.0,0.0,3.0,0.0,3000.0,4500.0,3500.0,3000.0,3750.0,3250.0,1500.0,2100.0,223.4199981689453,265.0299987792969,0.0,400.0,400.0,764.0,0.0,0.0,4088.449951171875,1564.0,2.196218967437744,8.125,0.800000011920929,0.6000000238418579,0.800000011920929,0.7333333492279053,0.6000000238418579,0.6000000238418579,0.6000000238418579,0.6000000238418579,0.0,0.0,1.0,,,,,1.0,0.0,1.0,0.0,0.0,0.0,1.0,0.0,0.0,1.0,0.0,1.0
3437,3,1.0,1.0,0.0,1.0,1.1592452624827885,0.25,1.0,0.0,36.0,1.0,44.66666793823242,1.0,1.0,0.0,0.0,30.0,3,1,7,7,0.0,0.0,0.0,0.0,0.0,1.0,0.0,0.0,0.0,0.0,0.0,0.0,0.0,0.0,0.0,0.0,0.0,0.0,1,9.0,1.0,1.0,2.0,1.0,4.0,3.0,3.5,1.0,0.0,0,0,0,1,1,0,0,1,0,0,0,1,1,1,0,0,0,0,0,0,0,0,0,0,0,0,0,0,0,0,1.0,1.0,1500.0,1279.97998046875,880.0,880.0,1389.989990234375,880.0,7.930199146270752,7.473069190979004,1.0,0.0,0.0,0.0,4000.0,4000.0,4000.0,4000.0,4000.0,4000.0,0.0,1000.0,1700.0,20.020000457763672,0.0,0.0,0.0,2500.0,20.0,600.0,2720.02001953125,3120.0,15.121163368225098,20.0,0.4000000059604645,0.20000000298023224,0.6000000238418579,0.4000000059604645,0.0,0.0,0.0,0.0,1.0,0.0,0.0,6.0,6.0,9.0,10.0,0.0,1.0,1.0,1.0,1.0,1.0,0.0,0.0,1.0,0.0,0.0,0.0
3438,3,1.0,1.0,0.0,0.0,,5.416666507720947,0.0,400.0,40.0,1.0,59.83333206176758,5.0,1.0,0.0,0.0,16.0,3,2,1,1,0.0,0.0,0.0,0.0,0.0,0.0,0.0,0.0,0.0,1.0,0.0,0.0,0.0,0.0,0.0,0.0,0.0,0.0,3,,0.0,0.0,,,,,,,,1,0,1,0,0,0,1,0,0,0,0,0,1,0,0,1,0,0,0,1,0,0,1,0,0,0,0,0,0,0,1.5,1.0,5000.0,5839.07958984375,8350.0,8350.0,5419.5400390625,8350.0,9.290913581848145,9.723163604736328,0.0,3.0,0.0,0.0,10000.0,13200.0,7000.0,18500.0,11600.0,12750.0,4104.990234375,1260.0,1867.7099609375,128.22000122070312,0.0,8000.0,0.0,1400.0,750.0,0.0,7360.92041015625,10150.0,2.046985387802124,1.4488636255264282,0.4000000059604645,0.20000000298023224,0.20000000298023224,0.2666666805744171,0.4000000059604645,0.20000000298023224,0.0,0.20000000298023224,1.0,0.0,0.0,,,,,1.0,1.0,1.0,1.0,0.0,1.0,0.0,0.0,0.0,0.0,1.0,1.0
3447,3,1.0,1.0,1.0,0.0,1.5459525396080245,19.91666603088379,1.0,4000.0,30.0,1.0,56.0,3.0,1.0,0.0,0.0,30.0,3,2,4,1,0.0,0.0,0.0,0.0,0.0,0.0,0.0,0.0,0.0,0.0,0.0,0.0,0.0,0.0,0.0,1.0,4.0,0.0,1,6.0,1.0,1.0,,,6.0,6.0,6.0,6.0,75.0,1,0,0,1,1,0,0,1,0,0,0,1,1,1,1,1,1,0,0,1,1,0,1,0,1,1,1,1,1,1,4.0,1.0,10000.0,11169.51953125,12684.0,12684.0,10584.759765625,12684.0,9.960317611694336,10.141243934631348,4.0,0.0,4.0,0.0,36380.0,36380.0,4000.0,24000.0,36380.0,14000.0,5676.0,6200.0,1700.050048828125,6634.4296875,0.0,3500.0,6200.0,516.0,1100.0,0.0,25210.48046875,11316.0,6.1912760734558105,3.6842105388641357,0.6000000238418579,0.20000000298023224,0.800000011920929,0.5333333611488342,0.6000000238418579,0.6000000238418579,1.0,0.7333333492279053,1.0,0.0,1.0,,,3.0,5.0,0.0,1.0,1.0,1.0,1.0,1.0,1.0,1.0,1.0,0.0,1.0,1.0
3455,3,1.0,1.0,0.0,0.0,,0.25,0.0,1000.0,35.0,1.0,44.16666793823242,0.0,1.0,0.0,0.0,21.0,4,3,7,1,0.0,0.0,0.0,0.0,0.0,0.0,0.0,0.0,0.0,0.0,1.0,0.0,0.0,0.0,0.0,0.0,1.0,0.0,3,,0.0,0.0,,,,,,,,1,0,1,1,1,0,0,0,1,1,1,1,0,1,1,1,1,0,0,1,1,1,1,1,0,0,0,0,0,0,0.0,1.0,2500.0,1439.1300048828125,-180.0,-180.0,1969.56494140625,-180.0,8.278715133666992,-5.886111736297607,0.0,0.0,1.0,0.0,2500.0,2500.0,1800.0,1800.0,2500.0,1800.0,1000.0,0.0,30.860000610351562,30.010000228881836,0.0,700.0,1200.0,50.0,30.0,0.0,1060.8699951171875,1980.0,2.5,2.5714285373687744,0.800000011920929,0.4000000059604645,0.800000011920929,0.6666666865348816,0.6000000238418579,0.800000011920929,0.0,0.46666666865348816,1.0,0.0,0.0,,,,,1.0,1.0,1.0,1.0,1.0,1.0,0.0,0.0,0.0,0.0,0.0,0.0
3461,3,0.0,1.0,0.0,0.0,,1.9166667461395264,0.0,2000.0,20.0,1.0,54.41666793823242,2.0,1.0,0.0,0.0,0.0,2,2,1,1,0.0,0.0,0.0,0.0,0.0,0.0,0.0,1.0,0.0,0.0,0.0,0.0,0.0,0.0,0.0,0.0,1.5,1.0,1,,0.0,0.0,,,,,,,,,,,,,,,,,,,,,,,,,,,,,,,,,,,,,,2.0,1.0,9000.0,18200.0,33868.0,33868.0,13600.0,33868.0,10.21097183227539,11.123373031616211,1.0,2.0,0.0,2.0,9220.0,35200.0,4000.0,40000.0,22210.0,22000.0,12000.0,5000.0,0.0,0.0,0.0,5400.0,400.0,132.0,200.0,0.0,17000.0,6132.0,1.8508332967758179,4.0740742683410645,,,,,,,,,0.0,0.0,0.0,,,,,1.0,0.0,1.0,1.0,0.0,1.0,1.0,0.0,0.0,0.0,1.0,0.0
3462,3,1.0,1.0,0.0,0.0,,1.0833333730697632,1.0,18000.0,45.0,0.0,47.5,3.0,1.0,0.0,0.0,0.0,2,0,0,0,1.0,0.0,0.0,0.0,0.0,0.0,0.0,0.0,0.0,0.0,0.0,0.0,0.0,0.0,0.0,0.0,2.0,0.0,1,,0.0,0.0,,,,,,,,1,0,1,1,1,1,0,0,0,0,0,1,1,1,1,1,0,0,0,0,0,0,0,0,1,1,1,1,0,0,0.0,0.0,0.0,0.0,5000.0,5000.0,0.0,5000.0,0.0,9.21034049987793,0.0,0.0,2.0,0.0,0.0,0.0,7500.0,5000.0,0.0,6250.0,0.0,0.0,0.0,0.0,0.0,0.0,0.0,0.0,0.0,0.0,0.0,315.0,15.121163368225098,10.134669303894043,0.800000011920929,0.20000000298023224,0.800000011920929,0.6000000238418579,0.20000000298023224,0.20000000298023224,0.6000000238418579,0.3333333432674408,0.0,0.0,1.0,,,,,1.0,0.0,1.0,0.0,0.0,0.0,1.0,1.0,1.0,0.0,0.0,0.0
3463,3,0.0,1.0,0.0,1.0,8.786655777790635,6.833333492279053,1.0,250.0,45.0,0.0,28.75,2.0,1.0,0.0,1.0,4.0,6,0,0,0,1.0,0.0,0.0,0.0,0.0,0.0,0.0,0.0,0.0,0.0,0.0,0.0,0.0,0.0,0.0,0.0,15.5,0.0,1,8.0,1.0,1.0,,5.0,6.0,2.0,5.5,5.0,75.0,,,,,,,,,,,,,,,,,,,,,,,,,,,,,,,12.0,1.0,68000.0,108495.390625,64428.0,64428.0,88247.6953125,64428.0,12.419519424438477,12.780999183654785,0.0,12.0,12.0,7.0,232000.0,232000.0,140000.0,150000.0,232000.0,145000.0,0.0,47175.0,4000.10009765625,1108.3199462890625,0.0,12000.0,48000.0,7500.0,9800.0,0.0,52412.5390625,77300.0,15.121163368225098,16.45161247253418,,,,,,,,,0.0,0.0,1.0,7.0,6.0,9.0,8.0,0.0,1.0,1.0,0.0,0.0,0.0,1.0,0.0,1.0,0.0,1.0,1.0
3465,3,1.0,1.0,0.0,1.0,6.269330910877808,9.25,1.0,5000.0,45.0,1.0,51.58333206176758,3.0,1.0,0.0,1.0,0.0,5,2,7,7,0.0,0.0,0.0,0.0,0.0,0.0,0.0,0.0,0.0,1.0,0.0,0.0,0.0,0.0,0.0,0.0,3.5,0.0,8,8.0,1.0,1.0,5.0,4.5,5.5,2.0,6.0,5.0,,1,1,1,1,1,1,1,1,0,1,0,1,1,1,1,1,1,1,0,1,1,1,1,1,1,1,1,0,0,1,4.0,1.0,3000.0,6074.4296875,3329.0,3329.0,4537.21484375,3329.0,9.113215446472168,8.803574562072754,4.0,0.0,3.0,1.0,44625.0,44625.0,140000.0,25000.0,44625.0,82500.0,22100.0,9600.0,5799.75,1050.8199462890625,0.0,12000.0,5000.0,2750.0,921.0,1000.0,38550.5703125,21671.0,1.7363982200622559,7.551020622253418,1.0,0.800000011920929,0.800000011920929,0.8666666746139526,0.800000011920929,1.0,0.6000000238418579,0.800000011920929,1.0,1.0,1.0,8.0,4.0,4.0,8.0,0.0,0.0,1.0,1.0,1.0,1.0,1.0,1.0,1.0,1.0,1.0,1.0
3466,3,1.0,1.0,0.0,0.0,,10.75,1.0,1000.0,25.0,0.0,59.91666793823242,4.0,1.0,0.0,1.0,20.0,5,1,7,3,0.0,0.0,0.0,0.0,0.0,0.0,0.0,0.0,0.0,0.0,0.0,0.0,0.0,0.0,0.0,0.0,20.0,0.0,4,,0.0,0.0,,,,,,,,1,0,0,0,1,1,0,0,0,1,0,1,1,1,1,1,0,1,0,1,1,1,1,1,1,1,1,1,1,1,56.0,1.0,100000.0,65103.390625,37603.0,37603.0,82551.6953125,37603.0,12.80793571472168,11.227986335754395,46.0,10.0,15.0,9.0,289000.0,300000.0,14217.0,111111.0,294500.0,62664.0,148460.0,63480.0,2901.0,20055.609375,0.0,27778.0,11992.0,8138.0,600.0,25000.0,234896.609375,73508.0,2.0203380584716797,2.2558858394622803,0.4000000059604645,0.4000000059604645,0.800000011920929,0.5333333611488342,0.6000000238418579,1.0,1.0,0.8666666746139526,1.0,0.0,1.0,,,,,1.0,1.0,1.0,1.0,1.0,1.0,1.0,0.0,1.0,1.0,1.0,1.0
3470,3,1.0,1.0,0.0,0.0,,0.08333329856395721,0.0,1500.0,20.0,1.0,27.41666603088379,0.0,1.0,0.0,1.0,0.0,2,2,7,7,0.0,0.0,0.0,0.0,0.0,0.0,1.0,0.0,0.0,0.0,0.0,0.0,0.0,0.0,0.0,0.0,0.0,0.0,3,,0.0,0.0,,,,,,,,0,0,0,0,0,0,0,0,0,0,0,0,0,0,0,0,0,0,0,0,0,0,0,0,0,0,0,0,0,0,0.0,0.0,0.0,0.0,1510.0,1510.0,0.0,1510.0,0.0,8.013011932373047,0.0,0.0,0.0,0.0,0.0,0.0,1500.0,3200.0,0.0,2350.0,0.0,0.0,0.0,0.0,0.0,1200.0,0.0,370.0,120.0,0.0,0.0,1690.0,15.121163368225098,1.6785714626312256,0.0,0.0,0.0,0.0,0.0,0.0,0.0,0.0,1.0,0.0,0.0,,,,,1.0,0.0,1.0,1.0,1.0,1.0,0.0,0.0,0.0,1.0,0.0,0.0
3472,3,1.0,1.0,0.0,1.0,3.3343547064377725,20.08333396911621,0.0,500.0,40.0,1.0,42.83333206176758,2.0,1.0,0.0,0.0,0.0,2,0,0,0,0.0,0.0,0.0,0.0,0.0,0.0,0.0,0.0,0.0,0.0,0.0,1.0,0.0,0.0,0.0,0.0,0.5,0.0,3,8.0,1.0,1.0,4.5,4.5,5.5,3.0,6.0,5.0,1750.0,0,1,1,1,1,1,1,0,0,1,0,1,1,1,1,0,0,0,0,0,0,0,1,0,1,0,0,0,0,0,1.5,1.0,8000.0,7029.89990234375,-6.0,-6.0,7514.9501953125,-6.0,9.617796897888184,-2.4917798042297363,0.0,2.0,0.0,1.0,7000.0,13000.0,4000.0,5500.0,10000.0,4750.0,1335.010009765625,2337.5,1617.550048828125,680.0399780273438,0.0,1306.0,1600.0,1350.0,1250.0,0.0,5970.10009765625,5506.0,3.5429458618164062,2.0598437786102295,0.800000011920929,0.6000000238418579,0.800000011920929,0.7333333492279053,0.0,0.4000000059604645,0.0,0.13333334028720856,0.0,0.0,0.0,7.0,5.0,8.0,10.0,0.0,0.0,1.0,0.0,0.0,0.0,0.0,0.0,0.0,0.0,0.0,1.0
3479,3,0.0,1.0,0.0,1.0,6.151003234278904,3.8333332538604736,1.0,80000.0,40.0,1.0,46.66666793823242,2.0,1.0,0.0,1.0,17.0,2,1,7,1,0.0,0.0,0.0,0.0,0.0,0.0,0.0,0.0,0.0,1.0,0.0,0.0,0.0,0.0,0.0,0.0,3.0,0.0,1,6.0,1.0,1.0,4.0,5.0,6.5,4.0,6.0,6.0,1250.0,0,0,0,0,0,0,0,0,0,0,0,0,0,0,0,0,0,0,0,0,0,0,0,0,0,0,0,0,0,0,2.0,1.0,2300.0,2581.990234375,1076.0,1076.0,2440.9951171875,1076.0,8.493308067321777,7.6741533279418945,0.0,2.0,0.0,6.0,28000.0,20800.0,5000.0,8000.0,24400.0,6500.0,6300.0,700.0,11160.0,58.0099983215332,0.0,4000.0,1200.0,424.0,1300.0,0.0,18218.009765625,6924.0,3.7025909423828125,1.4772727489471436,0.0,0.0,0.0,0.0,0.0,0.0,0.0,0.0,1.0,0.0,1.0,5.0,5.0,8.0,3.0,0.0,1.0,1.0,1.0,1.0,1.0,1.0,1.0,1.0,0.0,0.0,1.0
3489,3,1.0,1.0,0.0,1.0,7.563805186632883,0.0,0.0,0.0,52.0,0.0,57.0,0.0,1.0,0.0,1.0,25.0,5,5,5,4,0.0,0.0,0.0,0.0,0.0,1.0,0.0,0.0,0.0,0.0,0.0,0.0,0.0,0.0,0.0,0.0,0.0,0.0,1,7.0,1.0,1.0,5.0,5.0,7.0,6.0,6.0,7.0,75.0,1,0,0,0,0,0,0,0,0,0,0,0,1,0,0,0,0,0,0,0,0,0,0,0,0,0,0,0,0,0,0.0,0.0,0.0,0.0,1420.0,1420.0,0.0,1420.0,0.0,7.951559543609619,0.0,0.0,0.0,0.0,0.0,0.0,3440.0,3440.0,0.0,3440.0,0.0,0.0,0.0,0.0,0.0,0.0,0.0,2010.0,10.0,0.0,0.0,2020.0,15.121163368225098,10.134669303894043,0.20000000298023224,0.0,0.20000000298023224,0.13333334028720856,0.0,0.0,0.0,0.0,1.0,0.0,0.0,9.0,2.0,7.0,6.0,0.0,1.0,1.0,1.0,1.0,1.0,0.0,0.0,0.0,0.0,0.0,0.0
3496,3,1.0,1.0,0.0,0.0,,4.5,1.0,10000.0,60.0,0.0,38.25,0.0,1.0,0.0,1.0,0.0,2,0,0,0,0.0,0.0,0.0,0.0,0.0,0.0,0.0,0.0,0.0,0.0,0.0,0.0,1.0,0.0,0.0,0.0,0.0,0.0,1,,0.0,0.0,,,,,,,,1,1,1,1,1,1,1,0,1,1,1,1,1,1,1,1,1,1,1,1,1,1,1,1,1,1,1,1,1,1,0.0,0.0,0.0,0.0,1340.0,1340.0,0.0,1340.0,0.0,7.8935723304748535,0.0,0.0,0.0,0.0,0.0,0.0,3000.0,5000.0,0.0,4000.0,0.0,0.0,0.0,0.0,0.0,2600.0,0.0,440.0,470.0,150.0,0.0,3660.0,15.121163368225098,1.5384615659713745,1.0,0.800000011920929,1.0,0.9333333373069763,1.0,1.0,1.0,1.0,0.0,0.0,1.0,,,,,1.0,0.0,1.0,0.0,0.0,0.0,0.0,1.0,1.0,0.0,0.0,1.0
3502,3,1.0,1.0,1.0,0.0,1.2556141455391154,5.416666507720947,0.0,5000.0,52.0,1.0,49.33333206176758,2.0,1.0,0.0,1.0,0.0,2,3,3,3,0.0,0.0,0.0,0.0,0.0,0.0,0.0,0.0,0.0,1.0,0.0,0.0,0.0,0.0,0.0,0.0,0.0,0.0,1,7.0,1.0,1.0,3.0,2.0,7.0,7.0,7.0,7.0,2250.0,1,0,0,1,1,0,0,0,1,1,0,1,1,0,1,0,0,0,0,0,0,0,0,0,1,0,0,0,0,0,0.0,0.0,0.0,0.0,3931.0,3931.0,0.0,3931.0,0.0,8.969796180725098,0.0,0.0,0.0,0.0,0.0,0.0,7000.0,7000.0,0.0,7000.0,0.0,0.0,0.0,0.0,0.0,2593.0,0.0,56.0,0.0,420.0,0.0,3069.0,15.121163368225098,2.699575662612915,0.6000000238418579,0.4000000059604645,0.6000000238418579,0.5333333611488342,0.0,0.20000000298023224,0.0,0.06666667014360428,1.0,0.0,0.0,7.0,6.0,10.0,7.0,0.0,0.0,1.0,1.0,1.0,1.0,0.0,1.0,0.0,0.0,0.0,1.0
3510,3,1.0,1.0,1.0,0.0,1.791816740815196,6.916666507720947,0.0,0.0,55.0,1.0,48.5,5.0,1.0,0.0,0.0,0.0,2,4,7,3,0.0,0.0,0.0,0.0,0.0,0.0,0.0,0.0,0.0,0.0,0.0,0.0,0.0,0.0,0.0,1.0,3.0,0.0,1,8.0,1.0,1.0,3.0,3.0,7.0,1.0,7.0,7.0,2250.0,1,0,1,0,1,1,1,1,0,0,0,1,1,1,1,1,1,1,0,1,1,1,1,1,1,1,1,1,0,1,4.0,1.0,1400.0,2962.43994140625,600.0,600.0,2181.219970703125,600.0,8.380786895751953,7.0900774002075195,4.0,0.0,3.0,0.0,8000.0,8000.0,6000.0,5000.0,8000.0,5500.0,1850.0,2800.0,270.94000244140625,116.6199951171875,0.0,0.0,2400.0,1100.0,900.0,0.0,5037.56005859375,4400.0,3.902515172958374,18.33333396911621,0.6000000238418579,0.6000000238418579,0.800000011920929,0.6666666865348816,0.800000011920929,1.0,0.800000011920929,0.8666666746139526,1.0,0.0,1.0,3.0,2.0,5.0,3.0,0.0,0.0,1.0,1.0,1.0,1.0,1.0,0.0,0.0,1.0,0.0,1.0
3512,3,1.0,1.0,0.0,0.0,,4.333333492279053,0.0,500.0,40.0,0.0,25.16666603088379,0.0,1.0,0.0,1.0,0.0,2,1,7,2,0.0,0.0,0.0,0.0,0.0,0.0,0.0,0.0,0.0,0.0,0.0,1.0,0.0,0.0,0.0,0.0,0.0,0.0,5,,0.0,0.0,,,,,,,,1,0,1,1,1,0,1,1,1,0,0,1,1,1,1,0,0,0,0,0,0,0,1,0,0,0,0,0,0,0,2.0,1.0,1600.0,3420.1298828125,1310.0,1310.0,2510.06494140625,1310.0,8.521210670471191,7.870929718017578,1.0,1.0,0.0,0.0,2000.0,6800.0,800.0,1760.0,4400.0,1280.0,210.0,1500.0,69.87000274658203,130.010009765625,0.0,150.0,0.0,40.0,260.0,0.0,3379.8701171875,450.0,20.952381134033203,8.533333778381348,0.800000011920929,0.6000000238418579,0.800000011920929,0.7333333492279053,0.0,0.20000000298023224,0.0,0.06666667014360428,1.0,0.0,0.0,,,,,1.0,0.0,1.0,1.0,1.0,1.0,0.0,0.0,0.0,0.0,0.0,1.0
3516,3,1.0,1.0,1.0,0.0,3.804499289355027,0.0,0.0,0.0,52.0,0.0,43.75,3.0,1.0,0.0,1.0,0.0,3,0,0,0,0.0,0.0,0.0,0.0,0.0,0.0,0.0,1.0,0.0,0.0,0.0,0.0,0.0,0.0,0.0,0.0,0.0,0.0,1,7.0,1.0,1.0,4.5,6.0,6.5,7.0,6.0,7.0,325.0,0,0,0,0,0,0,0,0,0,0,0,0,0,0,0,0,0,0,0,0,0,0,0,0,0,0,0,0,0,0,0.0,0.0,0.0,0.0,450.0,450.0,0.0,450.0,0.0,6.802395820617676,0.0,0.0,0.0,0.0,0.0,0.0,2500.0,2500.0,0.0,2500.0,0.0,0.0,0.0,0.0,0.0,1600.0,0.0,300.0,150.0,0.0,0.0,2050.0,15.121163368225098,1.5625,0.0,0.0,0.0,0.0,0.0,0.0,0.0,0.0,0.0,0.0,0.0,7.0,6.0,12.0,14.0,0.0,0.0,1.0,0.0,0.0,0.0,0.0,0.0,0.0,0.0,0.0,0.0
3517,3,1.0,1.0,0.0,1.0,1.7280234276863267,23.5,1.0,1000.0,52.0,0.0,53.91666793823242,3.0,1.0,0.0,1.0,0.0,5,3,4,1,0.0,0.0,0.0,0.0,0.0,0.0,0.0,0.0,0.0,1.0,0.0,0.0,0.0,0.0,0.0,0.0,3.0,0.0,1,7.0,1.0,1.0,5.0,6.0,7.0,6.0,6.0,7.0,75.0,1,1,1,1,0,0,0,0,1,0,0,1,1,1,0,0,0,0,0,0,0,0,0,0,1,0,0,0,0,1,2.5,1.0,8000.0,12650.0703125,23210.0,23210.0,10325.03515625,23210.0,9.935474395751953,10.745485305786133,2.0,1.0,1.0,2.0,80000.0,80000.0,80000.0,60000.0,80000.0,70000.0,53762.5,11500.0,1487.5400390625,599.8900146484375,0.0,28000.0,4000.0,3500.0,1290.0,0.0,67349.9296875,36790.0,1.4648661613464355,2.5,0.800000011920929,0.20000000298023224,0.6000000238418579,0.5333333611488342,0.0,0.20000000298023224,0.20000000298023224,0.13333334028720856,1.0,0.0,1.0,3.0,5.0,3.0,5.0,0.0,0.0,1.0,1.0,1.0,1.0,1.0,0.0,1.0,1.0,1.0,1.0
3523,3,1.0,1.0,0.0,1.0,9.534094701910954,8.5,0.0,800.0,48.0,1.0,59.33333206176758,2.0,1.0,0.0,1.0,0.0,7,3,7,1,0.0,0.0,1.0,0.0,0.0,0.0,0.0,0.0,0.0,0.0,0.0,0.0,0.0,0.0,0.0,0.0,0.0,1.0,1,6.0,1.0,1.0,,,6.5,2.0,6.5,6.0,75.0,1,1,1,1,0,1,0,0,0,0,0,0,1,0,1,0,0,0,0,0,0,0,0,1,0,0,0,0,0,0,2.0,1.0,800.0,732.5899658203125,1016.0,1016.0,766.2949829101562,1016.0,7.334714889526367,7.616775989532471,2.0,0.0,0.0,0.0,3000.0,1855.0,900.0,3000.0,2427.5,1950.0,500.0,0.0,239.91000366210938,212.5,170.0,900.0,0.0,260.0,200.0,624.0,1122.4100341796875,1984.0,3.468055248260498,1.7727272510528564,0.800000011920929,0.20000000298023224,0.4000000059604645,0.46666666865348816,0.0,0.20000000298023224,0.0,0.06666667014360428,1.0,0.0,0.0,3.0,4.0,5.0,7.0,0.0,0.0,1.0,1.0,1.0,1.0,0.0,0.0,0.0,0.0,0.0,1.0
3533,3,1.0,1.0,1.0,0.0,4.16743840191523,1.5833332538604736,1.0,0.0,25.0,0.0,34.25,2.0,1.0,0.0,1.0,0.0,6,0,0,0,0.0,0.0,0.0,0.0,0.0,0.0,0.0,0.0,0.0,0.0,0.0,0.0,0.0,0.0,1.0,0.0,1.0,0.0,4,7.0,1.0,1.0,5.0,5.5,6.5,2.0,4.0,7.0,2250.0,1,0,1,1,0,1,1,0,0,1,0,1,0,1,1,0,1,1,1,1,1,1,1,1,1,1,1,1,1,1,3.0,1.0,5000.0,1000.139892578125,2460.0,2460.0,3000.06982421875,2460.0,8.699538230895996,8.50106430053711,1.0,2.0,1.0,0.0,3250.0,3250.0,5000.0,7200.0,3250.0,6100.0,1500.0,400.0,299.8800048828125,49.97999954223633,0.0,0.0,2460.0,1650.0,630.0,0.0,2249.860107421875,4740.0,2.1666667461395264,40.66666793823242,0.6000000238418579,0.6000000238418579,0.6000000238418579,0.6000000238418579,0.800000011920929,1.0,1.0,0.9333333373069763,0.0,0.0,0.0,6.0,0.0,11.0,4.0,0.0,0.0,1.0,0.0,0.0,0.0,0.0,0.0,1.0,0.0,0.0,0.0
3537,3,1.0,1.0,0.0,0.0,,0.6666666865348816,0.0,700.0,40.0,0.0,29.33333396911621,1.0,1.0,0.0,0.0,0.0,2,0,0,0,0.0,0.0,0.0,0.0,0.0,0.0,1.0,0.0,0.0,0.0,0.0,0.0,0.0,0.0,0.0,0.0,2.5,0.0,8,,0.0,0.0,,,,,,,,0,0,0,0,0,0,0,0,0,0,0,0,0,0,0,0,0,0,0,0,0,0,0,0,0,0,0,0,0,0,0.0,0.0,0.0,0.0,100.0,100.0,0.0,100.0,0.0,5.298342227935791,0.0,0.0,1.0,3.0,0.0,0.0,2000.0,2000.0,0.0,2000.0,0.0,0.0,0.0,0.0,0.0,1600.0,300.0,0.0,0.0,0.0,0.0,1900.0,15.121163368225098,1.25,0.0,0.0,0.0,0.0,0.0,0.0,0.0,0.0,0.0,1.0,0.0,,,,,1.0,0.0,1.0,0.0,0.0,0.0,1.0,0.0,0.0,0.0,0.0,0.0
3542,3,1.0,1.0,0.0,1.0,0.5620508429220635,2.0833332538604736,1.0,3000.0,40.0,1.0,50.66666793823242,2.0,1.0,0.0,1.0,0.0,3,3,2,4,0.0,0.0,0.0,0.0,0.0,0.0,0.0,0.0,0.0,1.0,0.0,0.0,0.0,0.0,0.0,0.0,2.0,0.0,3,6.0,1.0,1.0,3.5,3.0,6.0,6.0,6.0,6.0,75.0,1,0,1,0,1,1,0,0,0,1,1,1,1,1,1,1,0,0,0,1,1,1,1,1,0,1,1,1,1,0,0.0,0.0,0.0,0.0,-400.0,-400.0,0.0,-400.0,0.0,-6.684613227844238,0.0,0.0,0.0,2.0,0.0,0.0,7200.0,8100.0,0.0,7650.0,0.0,0.0,0.0,0.0,0.0,4400.0,400.0,2500.0,1200.0,0.0,0.0,8500.0,15.121163368225098,1.4166666269302368,0.6000000238418579,0.4000000059604645,1.0,0.6666666865348816,0.4000000059604645,0.800000011920929,0.800000011920929,0.6666666865348816,0.0,0.0,1.0,5.0,3.0,4.0,5.0,0.0,0.0,1.0,1.0,0.0,1.0,1.0,0.0,1.0,0.0,1.0,0.0
3546,3,1.0,1.0,0.0,0.0,,3.5,1.0,7000.0,52.0,0.0,25.25,0.0,1.0,0.0,1.0,6.0,4,5,4,2,0.0,0.0,0.0,0.0,0.0,0.0,0.0,0.0,0.0,0.0,0.0,0.0,0.0,0.0,0.0,0.0,3.0,0.0,8,,0.0,0.0,,,,,,,,0,0,0,0,0,0,0,0,0,0,0,0,0,0,0,0,0,0,0,0,0,0,0,0,0,0,0,0,0,0,0.0,0.0,0.0,0.0,810.0,810.0,0.0,810.0,0.0,7.390182018280029,0.0,0.0,0.0,3.0,0.0,0.0,25000.0,900.0,0.0,12950.0,0.0,0.0,0.0,0.0,0.0,90.0,0.0,0.0,0.0,0.0,0.0,315.0,15.121163368225098,111.12698364257812,0.0,0.0,0.0,0.0,0.0,0.0,0.0,0.0,1.0,1.0,1.0,,,,,1.0,1.0,1.0,1.0,1.0,1.0,1.0,1.0,1.0,0.0,1.0,1.0
3548,3,0.0,1.0,1.0,0.0,8.199701988960364,4.75,0.0,5000.0,40.0,0.0,38.16666793823242,4.0,1.0,0.0,1.0,24.0,3,2,4,5,0.0,0.0,0.0,0.0,0.0,0.0,0.0,0.0,0.0,0.0,0.0,0.0,1.0,0.0,0.0,0.0,0.0,0.0,8,8.0,1.0,1.0,4.5,6.0,7.0,6.0,7.0,6.0,1250.0,0,0,0,0,0,0,0,0,0,0,0,0,0,0,0,0,0,0,0,0,0,0,0,0,0,0,0,0,0,0,0.0,1.0,300.0,1434.9599609375,460.0,460.0,867.47998046875,460.0,7.458739757537842,6.824374675750732,0.0,0.0,0.0,0.0,6925.2998046875,6925.2998046875,3200.0,3200.0,6925.2998046875,3200.0,4407.25,0.0,583.0899658203125,0.0,500.0,820.0,1600.0,200.0,120.0,0.0,5490.33984375,2740.0,1.5196292400360107,3.9024391174316406,0.0,0.0,0.0,0.0,0.0,0.0,0.0,0.0,1.0,1.0,1.0,8.0,5.0,12.0,11.0,0.0,1.0,1.0,1.0,1.0,1.0,0.0,1.0,0.0,1.0,0.0,1.0
3551,3,1.0,1.0,0.0,1.0,3.9420437284892977,1.0833333730697632,0.0,2500.0,40.0,0.0,32.91666793823242,0.0,1.0,0.0,1.0,0.0,3,0,0,0,0.0,0.0,0.0,0.0,0.0,0.0,0.0,0.0,0.0,1.0,0.0,0.0,0.0,0.0,0.0,0.0,0.0,1.0,1,7.0,1.0,1.0,1.0,4.5,6.5,2.0,5.5,4.0,325.0,0,0,0,0,0,0,0,0,0,0,0,0,0,0,0,0,0,0,0,0,0,0,0,0,0,0,0,0,0,0,0.0,0.0,0.0,0.0,2352.0,2352.0,0.0,2352.0,0.0,8.456168174743652,0.0,0.0,0.0,0.0,0.0,0.0,3000.0,7800.0,0.0,5400.0,0.0,0.0,0.0,0.0,0.0,4800.0,0.0,648.0,0.0,0.0,0.0,5448.0,15.121163368225098,1.0,0.0,0.0,0.0,0.0,0.0,0.0,0.0,0.0,0.0,0.0,0.0,6.0,5.0,8.0,9.0,0.0,0.0,1.0,0.0,0.0,0.0,0.0,0.0,0.0,0.0,0.0,0.0
4002,3,1.0,1.0,0.0,0.0,,3.8333332538604736,1.0,2000.0,48.0,1.0,50.25,1.0,1.0,0.0,0.0,0.0,2,1,2,1,0.0,0.0,1.0,0.0,0.0,0.0,0.0,0.0,0.0,0.0,0.0,0.0,0.0,0.0,0.0,0.0,0.0,0.0,1,,0.0,0.0,,,,,,,,1,0,1,0,1,0,0,0,0,0,0,1,1,1,0,0,0,0,0,0,0,0,0,0,0,0,0,0,0,0,0.0,1.0,800.0,1141.8800048828125,4400.0,4400.0,970.9400024414062,4400.0,7.571412086486816,9.082507133483887,0.0,0.0,0.0,0.0,2200.0,2200.0,8000.0,8000.0,2200.0,8000.0,850.0,0.0,208.1199951171875,0.0,0.0,2000.0,0.0,900.0,700.0,0.0,1058.1199951171875,3600.0,2.2000439167022705,3.809523820877075,0.6000000238418579,0.0,0.6000000238418579,0.4000000059604645,0.0,0.0,0.0,0.0,0.0,0.0,1.0,,,,,1.0,0.0,1.0,1.0,0.0,1.0,0.0,0.0,1.0,0.0,1.0,1.0
4004,3,1.0,1.0,0.0,0.0,,6.5,0.0,800.0,66.0,0.0,36.08333206176758,2.0,1.0,0.0,0.0,0.0,2,0,0,0,0.0,1.0,0.0,0.0,0.0,0.0,0.0,0.0,0.0,0.0,0.0,0.0,0.0,0.0,0.0,0.0,0.5,0.0,1,,0.0,0.0,,,,,,,,1,1,1,1,0,1,0,1,1,0,0,1,0,1,0,0,0,0,0,0,0,0,1,1,1,1,1,0,0,1,1.0,1.0,900.0,1139.72998046875,22.0,22.0,1019.864990234375,22.0,7.620573043823242,3.784705877304077,0.0,1.0,0.0,1.0,1400.0,1400.0,8000.0,7000.0,1400.0,7500.0,0.0,200.0,50.279998779296875,9.989999771118164,0.0,3598.0,1200.0,800.0,1380.0,0.0,260.2699890136719,6978.0,15.121163368225098,1.9747235774993896,0.800000011920929,0.6000000238418579,0.4000000059604645,0.6000000238418579,0.0,0.6000000238418579,0.6000000238418579,0.4000000059604645,0.0,0.0,0.0,,,,,1.0,0.0,1.0,0.0,0.0,0.0,0.0,0.0,0.0,0.0,0.0,1.0
4006,3,0.0,1.0,1.0,0.0,0.8127074594335598,14.5,0.0,30000.0,74.0,1.0,41.25,2.0,0.0,1.0,1.0,0.0,3,0,0,0,0.0,0.0,0.0,0.0,0.0,0.0,0.0,0.0,0.0,0.0,0.0,1.0,0.0,0.0,0.0,0.0,1.0,0.0,9,8.0,1.0,1.0,5.0,6.0,7.0,7.0,6.5,6.0,1750.0,,,,,,,,,,,,,,,,,,,,,,,,,,,,,,,0.0,1.0,6000.0,6405.509765625,5500.0,5500.0,6202.7548828125,5500.0,9.425895690917969,9.30565071105957,0.0,0.0,1.0,0.0,9250.0,9250.0,2000.0,9000.0,9250.0,5500.0,1400.0,0.0,806.9500122070312,637.5399780273438,0.0,1300.0,0.0,1550.0,650.0,0.0,2844.489990234375,3500.0,5.4411444664001465,3.548387050628662,,,,,,,,,0.0,1.0,1.0,3.0,0.0,5.0,3.0,0.0,0.0,1.0,0.0,0.0,0.0,0.0,1.0,0.0,1.0,0.0,1.0
4010,3,1.0,1.0,1.0,0.0,1.0088549855335451,3.25,1.0,7000.0,60.0,0.0,28.83333396911621,3.0,1.0,0.0,1.0,3.0,10,1,6,1,1.0,0.0,0.0,0.0,0.0,0.0,0.0,0.0,0.0,0.0,0.0,0.0,0.0,0.0,0.0,0.0,26.0,0.0,3,8.0,1.0,1.0,5.0,6.0,7.0,7.0,6.5,7.0,2250.0,1,1,0,0,1,1,0,0,0,1,1,1,1,0,1,1,1,1,1,1,1,1,1,1,1,1,1,1,1,1,24.0,1.0,100000.0,108495.390625,64428.0,64428.0,104247.6953125,64428.0,12.56381893157959,12.651399612426758,18.0,6.0,22.0,8.0,289000.0,323000.0,80000.0,150000.0,306000.0,115000.0,322000.0,52000.0,14399.9501953125,35579.609375,0.0,268333.0,26667.0,14500.0,34400.0,0.0,234896.609375,129545.0,1.8282651901245117,1.0571094751358032,0.6000000238418579,0.4000000059604645,0.800000011920929,0.6000000238418579,1.0,1.0,1.0,1.0,1.0,0.0,1.0,10.0,4.0,10.0,8.0,0.0,1.0,1.0,1.0,1.0,1.0,1.0,1.0,1.0,1.0,1.0,0.0
4012,3,1.0,1.0,0.0,1.0,1.1636730246932585,7.083333492279053,0.0,2000.0,63.0,1.0,57.83333206176758,1.0,1.0,0.0,0.0,0.0,1,0,0,0,0.0,0.0,0.0,0.0,0.0,0.0,0.0,1.0,0.0,0.0,0.0,0.0,0.0,0.0,0.0,0.0,0.0,1.0,11,7.0,1.0,1.0,,,7.0,6.0,6.5,6.0,75.0,1,1,1,1,1,1,0,0,1,1,0,1,0,0,1,0,0,0,0,1,1,1,1,1,0,1,0,1,1,0,0.0,1.0,4000.0,6409.7900390625,1736.0,1736.0,5204.89501953125,1736.0,9.25050163269043,8.152485847473145,0.0,0.0,0.0,0.0,9500.0,9500.0,9000.0,5000.0,9500.0,7000.0,2000.0,0.0,495.2099914550781,595.0,0.0,2000.0,0.0,1044.0,20.0,200.0,3090.2099609375,3264.0,4.75,3.5,1.0,0.6000000238418579,0.4000000059604645,0.6666666865348816,0.20000000298023224,0.800000011920929,0.6000000238418579,0.5333333611488342,0.0,1.0,0.0,5.0,3.0,8.0,13.0,0.0,0.0,0.0,0.0,0.0,0.0,0.0,0.0,0.0,1.0,0.0,1.0
4013,3,1.0,1.0,1.0,0.0,2.439316292745858,0.16666670143604279,0.0,500.0,14.0,1.0,48.0,0.0,1.0,0.0,0.0,0.0,2,0,0,0,0.0,0.0,0.0,0.0,0.0,0.0,0.0,0.0,0.0,1.0,0.0,0.0,0.0,0.0,0.0,0.0,0.0,0.0,1,8.0,1.0,1.0,5.0,5.5,7.0,6.0,6.0,6.0,75.0,0,0,0,0,0,0,0,0,0,0,0,0,0,0,0,0,0,0,0,0,0,0,0,0,0,0,0,0,0,0,0.0,0.0,0.0,0.0,440.0,440.0,0.0,440.0,0.0,6.779922962188721,0.0,0.0,0.0,0.0,0.0,0.0,2500.0,2500.0,0.0,2500.0,0.0,0.0,0.0,0.0,0.0,2000.0,0.0,60.0,0.0,0.0,0.0,2060.0,15.121163368225098,1.25,0.0,0.0,0.0,0.0,0.0,0.0,0.0,0.0,0.0,0.0,0.0,1.0,0.0,5.0,5.0,0.0,0.0,1.0,0.0,0.0,0.0,0.0,0.0,0.0,0.0,0.0,0.0
4016,3,1.0,1.0,0.0,1.0,,3.25,0.0,15000.0,96.0,0.0,28.58333396911621,2.0,0.0,1.0,1.0,22.0,3,0,0,0,0.0,0.0,0.0,0.0,0.0,0.0,0.0,0.0,0.0,0.0,0.0,1.0,0.0,0.0,0.0,0.0,1.0,0.0,9,,0.0,0.0,,,,,,,,0,0,1,0,0,0,0,0,0,0,0,1,0,0,0,1,0,0,0,0,0,0,0,0,0,0,0,0,0,0,0.0,1.0,2000.0,6534.9501953125,4050.0,4050.0,4267.47509765625,4050.0,9.051924705505371,8.999619483947754,0.0,0.0,1.0,0.0,1200.0,14000.0,6000.0,13000.0,7600.0,9500.0,2999.989990234375,0.0,2785.119873046875,1679.93994140625,0.0,3800.0,2000.0,2600.0,550.0,0.0,7465.0498046875,8950.0,1.9000142812728882,1.9791666269302368,0.20000000298023224,0.0,0.20000000298023224,0.13333334028720856,0.20000000298023224,0.0,0.0,0.06666667014360428,0.0,1.0,1.0,,,,,0.0,1.0,1.0,0.0,0.0,0.0,0.0,1.0,0.0,1.0,1.0,0.0
4018,3,1.0,1.0,1.0,0.0,10.2863552468344,4.166666507720947,0.0,2000.0,66.0,1.0,27.66666603088379,5.0,1.0,0.0,0.0,24.0,6,0,0,0,0.0,0.0,0.0,0.0,0.0,0.0,0.0,0.0,0.0,0.0,0.0,1.0,0.0,0.0,0.0,0.0,1.0,0.0,1,8.0,1.0,1.0,4.0,6.0,6.0,7.0,6.0,6.0,1750.0,1,0,1,1,1,1,0,0,1,0,1,1,1,0,0,0,1,1,0,1,1,1,0,0,0,0,0,0,0,1,2.0,1.0,3430.0,4166.5400390625,3645.0,3645.0,3798.27001953125,3645.0,8.93544864654541,8.894258499145508,1.0,1.0,0.0,2.0,7660.0,7660.0,5000.0,5500.0,7660.0,5250.0,330.0,2530.0,373.44000244140625,260.0199890136719,0.0,500.0,750.0,375.0,230.0,0.0,3493.4599609375,1855.0,20.15895652770996,9.545454978942871,0.800000011920929,0.4000000059604645,0.6000000238418579,0.6000000238418579,0.6000000238418579,0.4000000059604645,0.20000000298023224,0.4000000059604645,0.0,0.0,0.0,8.0,7.0,11.0,8.0,0.0,1.0,1.0,0.0,0.0,0.0,0.0,0.0,0.0,1.0,0.0,1.0
4019,3,1.0,1.0,1.0,0.0,0.9073249437229208,1.4166666269302368,0.0,1500.0,56.0,0.0,36.83333206176758,4.0,1.0,0.0,1.0,5.0,4,4,7,1,0.0,0.0,0.0,0.0,0.0,0.0,0.0,0.0,0.0,0.0,1.0,0.0,0.0,0.0,0.0,0.0,0.0,0.0,1,8.0,1.0,1.0,6.0,7.0,,,,,,0,1,0,1,0,0,0,0,0,0,0,1,1,0,1,1,0,0,0,0,1,0,0,0,1,0,0,0,1,1,0.0,1.0,11400.0,3789.68017578125,6400.0,6400.0,7594.83984375,6400.0,9.628371238708496,9.457200050354004,0.0,0.0,0.0,0.0,7200.0,11400.0,8000.0,13000.0,9300.0,10500.0,7124.9599609375,0.0,99.95999908447266,385.3999938964844,0.0,6000.0,0.0,400.0,200.0,0.0,7610.31982421875,6600.0,1.3052704334259033,1.75,0.4000000059604645,0.0,0.6000000238418579,0.3333333432674408,0.20000000298023224,0.4000000059604645,0.4000000059604645,0.3333333432674408,1.0,0.0,0.0,9.0,6.0,10.0,11.0,0.0,1.0,1.0,1.0,1.0,1.0,0.0,0.0,0.0,0.0,1.0,0.0
4022,3,1.0,1.0,0.0,1.0,1.188602033985026,4.416666507720947,1.0,20000.0,38.0,1.0,49.08333206176758,3.0,1.0,0.0,0.0,20.0,2,1,1,1,0.0,0.0,1.0,0.0,0.0,0.0,0.0,0.0,0.0,0.0,0.0,0.0,0.0,0.0,0.0,0.0,0.0,0.0,8,8.0,1.0,1.0,5.5,6.0,6.0,1.0,7.0,5.0,75.0,1,0,1,0,0,1,0,0,1,1,0,1,1,1,0,1,0,0,0,0,0,1,0,0,0,0,0,0,0,0,1.0,1.0,2000.0,902.6199951171875,280.0,280.0,1451.31005859375,280.0,7.973369121551514,6.327939987182617,0.0,1.0,0.0,0.0,1800.0,1800.0,1450.0,2000.0,1800.0,1725.0,250.0,0.0,557.489990234375,89.88999938964844,0.0,800.0,0.0,370.0,550.0,0.0,897.3800048828125,1720.0,7.199999809265137,1.725000023841858,0.4000000059604645,0.6000000238418579,0.6000000238418579,0.5333333611488342,0.20000000298023224,0.20000000298023224,0.0,0.13333334028720856,1.0,1.0,1.0,6.0,2.0,6.0,0.0,0.0,1.0,1.0,1.0,0.0,1.0,0.0,1.0,1.0,1.0,0.0,1.0
4023,3,0.0,1.0,1.0,0.0,1.6715616853651662,11.083333015441895,0.0,500.0,48.0,1.0,51.25,2.0,1.0,0.0,1.0,5.0,2,1,5,4,0.0,0.0,0.0,0.0,0.0,0.0,0.0,1.0,0.0,0.0,0.0,0.0,0.0,0.0,0.0,0.0,1.0,0.0,6,7.0,1.0,1.0,5.0,5.0,7.0,2.0,7.0,7.0,2250.0,1,1,1,0,0,1,0,0,1,1,0,1,0,0,1,0,0,0,0,0,0,0,1,1,0,0,0,0,0,0,1.0,1.0,3000.0,6815.1396484375,1780.0,1780.0,4907.56982421875,1780.0,9.191680908203125,8.177515983581543,1.0,0.0,1.0,0.0,10000.0,10000.0,2900.0,5000.0,10000.0,3950.0,1650.0,1200.0,333.20001220703125,1.659999966621399,0.0,2000.0,200.0,300.0,560.0,160.0,3184.860107421875,3220.0,6.060606002807617,1.8990384340286255,0.6000000238418579,0.6000000238418579,0.4000000059604645,0.5333333611488342,0.0,0.4000000059604645,0.0,0.13333334028720856,1.0,1.0,0.0,5.0,0.0,9.0,10.0,0.0,1.0,1.0,1.0,1.0,1.0,0.0,0.0,0.0,0.0,0.0,1.0
4025,3,1.0,1.0,1.0,0.0,1.4347957656119223,1.6666667461395264,0.0,1000.0,45.0,1.0,38.16666793823242,4.0,1.0,0.0,1.0,0.0,3,3,6,4,0.0,0.0,0.0,0.0,0.0,0.0,0.0,0.0,0.0,1.0,0.0,0.0,0.0,0.0,0.0,0.0,1.5,0.0,1,2.0,1.0,0.0,,,5.5,6.0,5.5,6.0,75.0,0,1,1,1,0,1,0,0,1,1,0,1,0,1,1,1,1,0,0,1,1,1,0,0,1,1,1,1,1,1,0.5,1.0,2000.0,2087.0400390625,25.0,25.0,2043.52001953125,25.0,8.315576553344727,3.9124226570129395,0.0,1.0,1.0,1.0,2800.0,5400.0,1500.0,2600.0,4100.0,2050.0,2550.0,300.0,452.9700012207031,9.989999771118164,0.0,835.0,1000.0,720.0,20.0,0.0,3312.9599609375,2575.0,1.438611626625061,1.659919023513794,0.6000000238418579,0.6000000238418579,0.6000000238418579,0.6000000238418579,0.6000000238418579,0.6000000238418579,1.0,0.7333333492279053,1.0,0.0,0.0,8.0,6.0,8.0,4.0,0.0,0.0,1.0,1.0,1.0,1.0,1.0,0.0,0.0,0.0,0.0,0.0
4026,3,1.0,1.0,1.0,0.0,11.04073288434548,9.75,0.0,800.0,70.0,0.0,38.41666793823242,4.0,1.0,0.0,0.0,6.0,4,2,3,1,0.0,0.0,0.0,1.0,0.0,0.0,0.0,0.0,0.0,0.0,0.0,0.0,0.0,0.0,0.0,0.0,3.5,0.0,1,8.0,1.0,1.0,4.0,4.0,6.0,3.0,7.0,5.0,1250.0,1,0,1,1,1,1,1,1,1,1,1,1,1,1,1,1,1,1,1,1,1,1,1,1,1,0,0,1,1,1,5.0,1.0,0.0,2103.30859375,22770.0,22770.0,1051.654296875,22770.0,7.651267051696777,10.726346015930176,3.0,2.0,2.0,2.0,45250.0,45250.0,25000.0,41250.0,45250.0,33125.0,32961.98046875,7800.0,1833.7099609375,51.0,500.0,8000.0,4320.0,3680.0,980.0,1500.0,43146.69140625,18480.0,1.3416558504104614,3.90625,0.800000011920929,1.0,1.0,0.9333333373069763,1.0,1.0,0.6000000238418579,0.8666666746139526,1.0,0.0,1.0,9.0,4.0,10.0,1.0,0.0,1.0,1.0,1.0,1.0,1.0,1.0,0.0,0.0,1.0,1.0,1.0
4028,3,1.0,1.0,0.0,0.0,,4.75,0.0,5000.0,62.0,0.0,36.5,2.0,1.0,0.0,0.0,0.0,2,0,0,0,0.0,0.0,0.0,0.0,0.0,0.0,0.0,0.0,0.0,0.0,0.0,0.0,0.0,1.0,0.0,0.0,3.0,0.0,1,,0.0,0.0,,,,,,,,0,0,0,0,0,0,0,0,0,0,0,0,1,0,0,1,0,0,0,1,0,0,0,0,0,0,0,0,0,0,2.0,1.0,600.0,2340.0,1237.0,1237.0,1470.0,1237.0,7.9861650466918945,7.813591480255127,2.0,0.0,3.0,0.0,2000.0,5400.0,4000.0,5015.0,3700.0,4507.5,850.0,2125.0,85.0,0.0,0.0,500.0,3150.0,128.0,0.0,0.0,3060.0,3778.0,3.957219362258911,7.177547931671143,0.0,0.0,0.20000000298023224,0.06666667014360428,0.4000000059604645,0.0,0.0,0.13333334028720856,0.0,0.0,1.0,,,,,1.0,0.0,1.0,0.0,0.0,0.0,1.0,1.0,0.0,0.0,0.0,1.0
4031,3,1.0,1.0,1.0,0.0,,11.083333015441895,0.0,15000.0,45.0,0.0,49.91666793823242,6.0,1.0,0.0,0.0,40.0,4,2,4,1,0.0,0.0,0.0,0.0,0.0,0.0,0.0,0.0,0.0,0.0,0.0,0.0,0.0,0.0,1.0,0.0,2.0,0.0,1,,0.0,0.0,,,,,,,,0,0,1,0,0,1,1,0,1,1,1,1,1,0,1,1,0,0,0,1,0,0,1,0,0,0,0,0,0,0,0.0,1.0,2500.0,5700.1201171875,5430.0,5430.0,4100.06005859375,5430.0,9.011903762817383,9.292841911315918,0.0,0.0,2.0,0.0,1700.0,7500.0,6000.0,9000.0,4600.0,7500.0,1500.0,0.0,249.89999389648438,49.97999954223633,0.0,1200.0,1200.0,870.0,200.0,100.0,1799.8800048828125,3570.0,2.967780113220215,4.6875,0.20000000298023224,0.800000011920929,0.800000011920929,0.6000000238418579,0.4000000059604645,0.20000000298023224,0.0,0.20000000298023224,1.0,0.0,1.0,,,,,0.0,1.0,1.0,1.0,1.0,1.0,1.0,1.0,0.0,1.0,0.0,1.0
4032,3,1.0,1.0,1.0,0.0,,2.0833332538604736,1.0,0.0,5.0,0.0,23.0,0.0,1.0,0.0,0.0,0.0,2,0,0,0,0.0,0.0,0.0,0.0,0.0,0.0,0.0,0.0,0.0,0.0,0.0,1.0,0.0,0.0,0.0,0.0,1.0,0.0,1,,0.0,0.0,,,,,,,,0,0,0,1,0,0,0,0,0,0,0,1,0,0,1,1,0,0,0,0,0,0,0,1,0,0,0,0,0,0,1.0,1.0,6000.0,5210.330078125,200.0,200.0,5605.1650390625,200.0,9.324590682983398,5.991470813751221,1.0,0.0,1.0,0.0,10625.0,10000.0,1500.0,2000.0,10312.5,1750.0,1062.5,2125.0,454.66998291015625,1147.5,0.0,800.0,0.0,550.0,450.0,0.0,4789.669921875,1800.0,8.168251991271973,1.8421052694320679,0.20000000298023224,0.0,0.4000000059604645,0.20000000298023224,0.20000000298023224,0.20000000298023224,0.0,0.13333334028720856,0.0,0.0,0.0,,,,,0.0,0.0,1.0,0.0,0.0,0.0,0.0,0.0,1.0,0.0,0.0,0.0
4034,3,1.0,1.0,0.0,0.0,,1.0,0.0,500.0,77.0,1.0,22.58333396911621,0.0,1.0,0.0,0.0,5.0,4,1,7,7,0.0,0.0,0.0,0.0,0.0,0.0,0.0,0.0,0.0,0.0,0.0,1.0,0.0,0.0,0.0,0.0,0.0,1.0,9,,0.0,0.0,,,,,,,,0,0,0,1,0,0,0,0,1,1,0,0,0,0,0,0,0,0,0,0,0,0,0,0,0,0,0,0,0,0,0.0,1.0,150.0,150.04000854492188,13660.0,13660.0,150.02000427246094,13660.0,5.703927040100098,10.215373992919922,0.0,0.0,0.0,0.0,350.0,350.0,35000.0,20000.0,350.0,27500.0,100.0,0.0,99.95999908447266,0.0,0.0,5000.0,0.0,1040.0,250.0,50.0,199.95999145507812,6340.0,1.7503501176834106,5.288461685180664,0.20000000298023224,0.4000000059604645,0.0,0.20000000298023224,0.0,0.0,0.0,0.0,1.0,1.0,0.0,,,,,1.0,1.0,1.0,1.0,1.0,1.0,0.0,0.0,0.0,1.0,1.0,0.0
4036,3,1.0,1.0,1.0,0.0,1.653387786682982,18.91666603088379,0.0,1500.0,65.0,1.0,35.66666793823242,4.0,1.0,0.0,0.0,24.0,3,1,5,1,0.0,0.0,1.0,0.0,0.0,0.0,0.0,0.0,0.0,0.0,0.0,0.0,0.0,0.0,0.0,0.0,1.5,0.0,8,7.0,1.0,1.0,5.5,6.0,6.0,7.0,6.0,7.0,75.0,1,1,1,1,1,1,0,0,1,1,1,1,1,0,1,1,1,0,0,1,1,0,1,1,1,1,1,0,0,1,2.0,1.0,3000.0,4284.7001953125,-960.0,-960.0,3642.35009765625,-960.0,8.893531799316406,-7.560080528259277,1.0,1.0,1.0,1.0,4500.0,10000.0,6000.0,11000.0,7250.0,8500.0,3400.0,1662.5,331.5,321.29998779296875,0.0,9000.0,2000.0,900.0,60.0,0.0,5715.2998046875,11960.0,2.132352828979492,0.9289617538452148,1.0,0.6000000238418579,0.800000011920929,0.800000011920929,0.6000000238418579,0.800000011920929,0.6000000238418579,0.6666666865348816,1.0,1.0,1.0,7.0,1.0,4.0,7.0,0.0,1.0,1.0,1.0,1.0,1.0,1.0,0.0,0.0,0.0,1.0,1.0
4039,3,1.0,1.0,1.0,0.0,2.1202746186263064,3.25,1.0,20000.0,59.0,0.0,38.66666793823242,2.0,0.0,1.0,1.0,32.0,3,2,1,1,0.0,0.0,0.0,0.0,0.0,0.0,0.0,0.0,1.0,0.0,0.0,0.0,0.0,0.0,0.0,0.0,1.0,0.0,9,8.0,1.0,1.0,5.0,6.0,7.0,5.0,7.0,6.0,325.0,1,1,1,0,1,0,0,0,1,1,0,1,1,0,1,0,1,1,1,1,1,1,1,0,1,0,0,0,0,1,6.0,1.0,10000.0,5891.703125,15000.0,15000.0,7945.8515625,15000.0,9.673552513122559,10.308952331542969,4.0,2.0,1.0,0.0,142030.0,142480.0,20000.0,38600.0,142255.0,29300.0,86997.5,4400.0,27958.359375,5232.43994140625,12000.0,17000.0,2400.0,3400.0,800.0,0.0,136588.296875,23600.0,1.6351618766784668,1.6839081048965454,0.800000011920929,0.4000000059604645,0.6000000238418579,0.6000000238418579,0.800000011920929,0.800000011920929,0.20000000298023224,0.6000000238418579,1.0,1.0,1.0,9.0,1.0,11.0,3.0,0.0,1.0,1.0,1.0,0.0,1.0,0.0,1.0,1.0,1.0,1.0,0.0
4041,3,1.0,1.0,0.0,0.0,,6.5,1.0,20000.0,45.0,1.0,48.16666793823242,1.0,1.0,0.0,0.0,0.0,10,0,0,0,1.0,0.0,0.0,0.0,0.0,0.0,0.0,0.0,0.0,0.0,0.0,0.0,0.0,0.0,0.0,0.0,18.0,0.0,1,,0.0,0.0,,,,,,,,1,0,0,0,1,1,0,0,0,0,0,1,1,1,1,1,0,0,0,1,0,0,1,0,0,0,0,0,0,0,15.0,1.0,2000.0,25609.8515625,6000.0,6000.0,13804.92578125,6000.0,10.22592830657959,9.392662048339844,15.0,0.0,18.0,0.0,20000.0,81889.0,60000.0,60000.0,50944.5,60000.0,0.0,47200.0,6481.68017578125,2597.469970703125,0.0,0.0,48200.0,3000.0,2800.0,0.0,56279.1484375,54000.0,100.0,111.12698364257812,0.4000000059604645,0.20000000298023224,0.800000011920929,0.46666666865348816,0.4000000059604645,0.20000000298023224,0.0,0.20000000298023224,0.0,0.0,1.0,,,,,1.0,0.0,1.0,0.0,0.0,0.0,1.0,1.0,1.0,1.0,1.0,1.0
4043,3,1.0,1.0,0.0,1.0,10.341441645691074,1.0833333730697632,0.0,100000.0,48.0,1.0,35.58333206176758,3.0,1.0,0.0,1.0,12.0,4,3,6,5,0.0,0.0,0.0,0.0,0.0,0.0,0.0,0.0,0.0,0.0,0.0,1.0,0.0,0.0,0.0,0.0,2.0,0.0,8,1.0,1.0,0.0,,,,,,,,0,0,1,0,1,0,0,0,1,1,0,1,1,0,0,1,0,0,0,1,1,0,0,0,1,0,0,0,0,0,1.0,1.0,0.0,324.97998046875,100.0,100.0,162.489990234375,100.0,5.783772945404053,5.298342227935791,1.0,0.0,2.0,0.0,4985.0,4985.0,6000.0,5500.0,4985.0,5750.0,800.0,2000.0,1800.010009765625,60.0099983215332,0.0,400.0,3200.0,1600.0,200.0,0.0,4660.02001953125,5400.0,4.984950065612793,7.1875,0.4000000059604645,0.4000000059604645,0.4000000059604645,0.4000000059604645,0.4000000059604645,0.4000000059604645,0.0,0.2666666805744171,1.0,1.0,1.0,6.0,4.0,,,0.0,1.0,1.0,1.0,1.0,1.0,1.0,1.0,0.0,1.0,0.0,0.0
4049,3,1.0,1.0,0.0,0.0,,2.3333332538604736,0.0,3000.0,68.0,0.0,40.0,1.0,1.0,0.0,1.0,0.0,0,0,0,0,0.0,0.0,0.0,0.0,0.0,0.0,0.0,0.0,0.0,0.0,0.0,0.0,0.0,0.0,0.0,0.0,1.5,0.0,9,,0.0,0.0,,,,,,,,0,0,0,0,0,0,0,0,0,0,0,0,0,0,0,0,0,0,0,0,0,0,0,0,0,0,0,0,0,0,0.0,0.0,0.0,0.0,8417.0,8417.0,0.0,8417.0,0.0,9.731156349182129,0.0,0.0,0.0,2.0,0.0,0.0,14000.0,14000.0,0.0,14000.0,0.0,0.0,0.0,0.0,0.0,2333.0,2000.0,800.0,450.0,0.0,0.0,5583.0,15.121163368225098,5.317128658294678,0.0,0.0,0.0,0.0,0.0,0.0,0.0,0.0,0.0,1.0,0.0,,,,,1.0,0.0,0.0,0.0,0.0,0.0,1.0,0.0,0.0,0.0,1.0,0.0
4050,3,1.0,1.0,1.0,0.0,0.82193674746939,0.4166666865348816,0.0,4000.0,60.0,1.0,38.16666793823242,2.0,1.0,0.0,1.0,19.0,2,0,0,0,0.0,0.0,1.0,0.0,0.0,0.0,0.0,0.0,0.0,0.0,0.0,0.0,0.0,0.0,0.0,0.0,0.0,0.0,1,7.0,1.0,1.0,,,6.0,5.0,5.0,5.0,750.0,1,1,1,1,1,1,0,0,0,1,1,1,1,1,1,0,1,1,0,1,0,1,1,1,1,1,1,1,0,1,0.0,1.0,2000.0,1876.72998046875,-1100.0,-1100.0,1938.364990234375,-1100.0,8.262747764587402,-7.6962127685546875,0.0,0.0,0.0,0.0,5740.0,6000.0,3500.0,3000.0,5870.0,3250.0,3400.0,0.0,633.510009765625,89.76000213623047,0.0,4000.0,0.0,50.0,50.0,0.0,4123.27001953125,4100.0,1.6305509805679321,0.8024691343307495,1.0,0.4000000059604645,1.0,0.800000011920929,0.6000000238418579,0.800000011920929,0.800000011920929,0.7333333492279053,0.0,0.0,0.0,,,9.0,9.0,0.0,1.0,1.0,0.0,0.0,0.0,0.0,1.0,0.0,0.0,0.0,0.0
4052,3,1.0,1.0,0.0,1.0,2.103151568507177,8.5,0.0,5000.0,62.0,1.0,47.66666793823242,4.0,1.0,0.0,0.0,0.0,2,3,7,4,0.0,0.0,1.0,0.0,0.0,0.0,0.0,0.0,0.0,0.0,0.0,0.0,0.0,0.0,0.0,0.0,0.0,0.0,1,6.0,1.0,1.0,,,7.0,6.0,6.0,6.0,750.0,0,1,1,1,0,1,1,0,0,1,0,1,1,0,1,0,0,0,0,0,0,0,0,0,0,0,0,0,0,0,3.0,1.0,5000.0,3503.39013671875,1690.0,1690.0,4251.6953125,1690.0,9.04822063446045,8.125631332397461,2.0,1.0,0.0,0.0,9982.5,8925.0,3000.0,5000.0,9453.75,4000.0,2010.0,2295.0,224.11000061035156,892.5,0.0,2000.0,500.0,630.0,180.0,0.0,5421.60986328125,3310.0,4.277695655822754,1.8181818723678589,0.6000000238418579,0.6000000238418579,0.6000000238418579,0.6000000238418579,0.0,0.0,0.0,0.0,1.0,0.0,0.0,2.0,0.0,5.0,6.0,0.0,0.0,1.0,1.0,1.0,1.0,0.0,1.0,0.0,0.0,0.0,1.0
4057,3,1.0,1.0,1.0,0.0,1.8073546685849395,6.916666507720947,0.0,200.0,85.0,1.0,38.58333206176758,3.0,1.0,0.0,1.0,23.0,2,2,5,1,0.0,0.0,0.0,0.0,0.0,0.0,0.0,0.0,0.0,1.0,0.0,0.0,0.0,0.0,0.0,0.0,0.0,0.0,11,8.0,1.0,1.0,5.0,6.0,6.0,6.0,6.0,6.0,75.0,1,0,0,0,0,1,1,0,0,1,0,0,1,0,0,0,0,0,0,1,0,0,0,0,0,0,0,0,0,0,0.0,1.0,500.0,2961.719970703125,500.0,500.0,1730.8599853515625,500.0,8.149520874023438,6.907756328582764,0.0,0.0,0.0,0.0,5000.0,4500.0,2000.0,2400.0,4750.0,2200.0,825.0,0.0,522.0299682617188,191.25,0.0,600.0,200.0,450.0,650.0,0.0,1538.280029296875,1900.0,4.015147686004639,2.933333396911621,0.20000000298023224,0.6000000238418579,0.20000000298023224,0.3333333432674408,0.20000000298023224,0.0,0.0,0.06666667014360428,1.0,1.0,0.0,5.0,2.0,6.0,6.0,0.0,1.0,1.0,1.0,1.0,1.0,0.0,0.0,0.0,1.0,0.0,1.0
4058,3,1.0,1.0,0.0,0.0,,24.5,0.0,500.0,60.0,1.0,47.91666793823242,4.0,1.0,0.0,0.0,13.0,2,2,1,1,0.0,0.0,1.0,0.0,0.0,0.0,0.0,0.0,0.0,0.0,0.0,0.0,0.0,0.0,0.0,0.0,0.0,0.0,1,,0.0,0.0,,,,,,,,1,0,1,1,1,1,0,0,0,1,0,1,1,1,1,0,0,0,0,0,0,0,1,0,0,0,0,0,0,0,0.0,1.0,1500.0,1213.2099609375,1355.0,1355.0,1356.60498046875,1355.0,7.905887603759766,7.9047040939331055,0.0,0.0,0.0,0.0,1500.0,3400.0,2000.0,3075.0,2450.0,2537.5,2080.199951171875,0.0,106.58999633789062,0.0,0.0,1500.0,0.0,200.0,20.0,0.0,2186.7900390625,1720.0,1.1237707138061523,1.4926470518112183,0.800000011920929,0.4000000059604645,0.800000011920929,0.6666666865348816,0.0,0.20000000298023224,0.0,0.06666667014360428,1.0,0.0,0.0,,,,,1.0,1.0,1.0,1.0,0.0,1.0,0.0,0.0,0.0,0.0,0.0,1.0
4059,3,1.0,1.0,0.0,1.0,0.45801194468461615,1.5833332538604736,1.0,500.0,50.0,0.0,32.33333206176758,0.0,1.0,0.0,1.0,0.0,3,5,4,1,0.0,1.0,0.0,0.0,0.0,0.0,0.0,0.0,0.0,0.0,0.0,0.0,0.0,0.0,0.0,0.0,2.0,0.0,3,6.0,1.0,1.0,,,6.0,2.0,6.0,6.0,0.0,0,0,0,0,0,0,0,0,0,0,0,0,0,0,0,0,0,0,0,0,0,0,0,0,0,0,0,0,0,0,0.0,0.0,0.0,0.0,-2555.0,-2555.0,0.0,-2555.0,0.0,-8.538954734802246,0.0,0.0,0.0,4.0,0.0,0.0,5000.0,6500.0,0.0,5750.0,0.0,0.0,0.0,0.0,0.0,3155.0,4000.0,1100.0,800.0,0.0,0.0,9055.0,15.121163368225098,1.7138599157333374,0.0,0.0,0.0,0.0,0.0,0.0,0.0,0.0,1.0,0.0,1.0,5.0,2.0,9.0,6.0,0.0,0.0,1.0,1.0,1.0,1.0,1.0,0.0,1.0,1.0,0.0,0.0
4060,3,1.0,1.0,0.0,0.0,,5.583333492279053,0.0,2500000.0,56.0,0.0,34.16666793823242,2.0,0.0,1.0,1.0,28.0,3,0,0,0,0.0,0.0,0.0,0.0,0.0,0.0,0.0,0.0,0.0,0.0,0.0,1.0,0.0,0.0,0.0,0.0,1.0,0.0,9,,0.0,0.0,,,,,,,,1,1,0,0,0,0,1,0,1,0,0,1,1,1,0,0,0,0,0,0,0,0,0,0,0,0,0,0,0,0,1.0,1.0,1200.0,1288.949951171875,340.0,340.0,1244.4749755859375,340.0,7.819616317749023,6.5220947265625,1.0,0.0,1.0,0.0,2500.0,5000.0,2500.0,5580.0,3750.0,4040.0,558.1400146484375,637.5,1152.179931640625,1363.22998046875,0.0,1400.0,0.0,1790.0,2050.0,0.0,3711.050048828125,5240.0,4.945141792297363,2.3764705657958984,0.4000000059604645,0.4000000059604645,0.6000000238418579,0.46666666865348816,0.0,0.0,0.0,0.0,0.0,1.0,1.0,,,,,1.0,1.0,1.0,0.0,0.0,0.0,0.0,1.0,0.0,1.0,0.0,1.0
4064,3,1.0,1.0,0.0,0.0,,8.666666984558105,0.0,500.0,40.0,1.0,49.41666793823242,3.0,1.0,0.0,1.0,0.0,3,1,7,3,0.0,0.0,0.0,0.0,0.0,0.0,1.0,0.0,0.0,0.0,0.0,0.0,0.0,0.0,0.0,0.0,0.0,0.0,1,,0.0,0.0,,,,,,,,1,0,0,0,1,1,1,0,0,0,0,1,1,1,1,0,0,0,0,1,0,0,0,1,0,0,0,0,0,0,0.0,1.0,3000.0,4161.080078125,1150.0,1150.0,3580.5400390625,1150.0,8.876416206359863,7.740664482116699,0.0,0.0,0.0,0.0,7000.0,7200.0,5000.0,5000.0,7100.0,5000.0,1487.5,0.0,1487.6700439453125,63.75,0.0,2500.0,0.0,1200.0,150.0,0.0,3038.919921875,3850.0,3.7124183177948,1.8518518209457397,0.4000000059604645,0.4000000059604645,0.800000011920929,0.5333333611488342,0.20000000298023224,0.20000000298023224,0.0,0.13333334028720856,1.0,0.0,0.0,,,,,1.0,0.0,1.0,1.0,1.0,1.0,0.0,0.0,0.0,0.0,0.0,1.0
4065,3,1.0,1.0,0.0,0.0,,18.5,1.0,0.0,70.0,0.0,50.66666793823242,0.0,1.0,0.0,0.0,0.0,2,1,3,1,0.0,0.0,0.0,0.0,0.0,0.0,0.0,0.0,0.0,0.0,0.0,0.0,0.0,0.0,1.0,0.0,2.0,0.0,1,,0.0,0.0,,,,,,,,0,0,0,0,0,0,0,0,0,0,0,1,1,1,0,0,0,0,0,0,0,0,0,0,0,0,0,0,0,0,1.0,1.0,0.0,2475.02978515625,3600.0,3600.0,1237.514892578125,3600.0,7.814007759094238,8.8818359375,1.0,0.0,1.0,2.0,5000.0,8900.0,6000.0,11400.0,6950.0,8700.0,2400.0,1912.5,1249.969970703125,862.5,0.0,1600.0,1600.0,2800.0,1800.0,0.0,6424.97021484375,7800.0,2.4821338653564453,3.954545497894287,0.0,0.0,0.6000000238418579,0.20000000298023224,0.0,0.0,0.0,0.0,1.0,0.0,1.0,,,,,1.0,0.0,1.0,1.0,1.0,1.0,1.0,0.0,1.0,0.0,1.0,1.0
4068,3,1.0,1.0,0.0,0.0,,0.5833333134651184,0.0,0.0,70.0,1.0,67.91666412353516,1.0,1.0,0.0,0.0,30.0,2,4,4,1,0.0,0.0,0.0,0.0,0.0,0.0,0.0,0.0,0.0,0.0,1.0,0.0,0.0,0.0,0.0,0.0,0.0,1.0,1,,0.0,0.0,,,,,,,,1,0,1,0,0,0,0,0,1,0,0,1,1,0,0,0,0,0,0,0,0,0,0,0,0,0,0,0,0,0,0.0,1.0,920.0,4245.0,685.0,685.0,2582.5,685.0,8.549660682678223,7.222566604614258,0.0,0.0,0.0,0.0,12000.0,12000.0,2500.0,10585.0,12000.0,6542.5,6000.0,0.0,0.0,255.0,1500.0,7500.0,0.0,700.0,0.0,1700.0,7755.0,9900.0,2.0,0.8281645774841309,0.4000000059604645,0.20000000298023224,0.4000000059604645,0.3333333432674408,0.0,0.0,0.0,0.0,1.0,0.0,0.0,,,,,1.0,1.0,1.0,1.0,1.0,1.0,0.0,0.0,0.0,0.0,0.0,0.0
4073,3,1.0,1.0,1.0,0.0,1.1513709584869287,19.66666603088379,0.0,1000.0,70.0,1.0,47.75,3.0,1.0,0.0,1.0,0.0,4,0,0,0,0.0,0.0,0.0,0.0,0.0,0.0,0.0,0.0,0.0,0.0,0.0,1.0,0.0,0.0,0.0,0.0,4.5,1.0,11,7.0,1.0,1.0,6.0,6.0,6.0,7.0,6.5,7.0,325.0,1,0,1,1,1,1,0,1,0,1,1,1,0,1,1,1,1,1,1,1,1,1,1,1,0,1,1,0,0,0,3.0,1.0,2000.0,2830.22021484375,2393.0,2393.0,2415.110107421875,2393.0,8.482646942138672,8.473450660705566,2.0,1.0,4.0,1.0,7000.0,9000.0,6000.0,15000.0,8000.0,10500.0,1000.0,3600.0,1449.800048828125,119.9800033569336,0.0,6000.0,3000.0,1504.0,603.0,1500.0,6169.77978515625,12607.0,7.2727274894714355,1.75,0.800000011920929,0.6000000238418579,0.800000011920929,0.7333333492279053,1.0,0.800000011920929,0.4000000059604645,0.7333333492279053,0.0,1.0,1.0,4.0,0.0,7.0,6.0,0.0,0.0,1.0,0.0,0.0,0.0,1.0,0.0,0.0,1.0,1.0,1.0
4074,3,1.0,1.0,0.0,0.0,,1.0833333730697632,0.0,20000.0,66.0,0.0,26.41666603088379,2.0,1.0,0.0,1.0,0.0,3,0,0,0,0.0,0.0,0.0,0.0,0.0,0.0,0.0,0.0,0.0,1.0,0.0,0.0,0.0,0.0,0.0,0.0,0.0,0.0,1,,0.0,0.0,,,,,,,,0,0,0,0,0,1,0,0,0,0,0,0,0,1,1,0,0,0,0,0,0,0,0,1,0,1,0,0,0,0,0.0,1.0,8000.0,10732.779296875,7290.0,7290.0,9366.3896484375,7290.0,9.838029861450195,9.587406158447266,0.0,0.0,0.0,0.0,29750.0,29750.0,10000.0,20000.0,29750.0,15000.0,17000.0,0.0,1762.219970703125,255.0,0.0,10660.0,0.0,2050.0,0.0,0.0,19017.220703125,12710.0,1.6470588445663452,1.3686131238937378,0.0,0.20000000298023224,0.4000000059604645,0.20000000298023224,0.0,0.20000000298023224,0.20000000298023224,0.13333334028720856,0.0,0.0,0.0,,,,,1.0,0.0,1.0,0.0,0.0,0.0,0.0,1.0,0.0,0.0,1.0,0.0
4077,3,1.0,1.0,0.0,0.0,,5.5,0.0,0.0,77.0,0.0,35.83333206176758,0.0,0.0,1.0,1.0,22.0,6,3,2,5,0.0,0.0,0.0,0.0,0.0,0.0,0.0,0.0,0.0,0.0,0.0,0.0,0.0,0.0,1.0,0.0,0.0,0.0,9,,0.0,0.0,,,,,,,,0,0,1,0,1,0,1,0,0,1,0,1,1,0,1,1,0,0,0,0,0,0,0,0,0,0,0,0,0,0,0.0,1.0,400.0,3020.449951171875,1510.0,1510.0,1710.2249755859375,1510.0,8.137527465820312,8.013011932373047,0.0,0.0,0.0,0.0,4000.0,6000.0,3500.0,5950.0,5000.0,4725.0,1487.5,0.0,837.5499877929688,654.5,0.0,2800.0,0.0,440.0,1200.0,0.0,2979.550048828125,4440.0,2.9629454612731934,1.5750000476837158,0.4000000059604645,0.4000000059604645,0.6000000238418579,0.46666666865348816,0.20000000298023224,0.0,0.0,0.06666667014360428,1.0,1.0,0.0,,,,,1.0,1.0,1.0,1.0,0.0,1.0,0.0,0.0,0.0,0.0,0.0,1.0
4078,3,1.0,1.0,1.0,0.0,4.140597209628126,1.8333332538604736,1.0,300000.0,24.0,0.0,44.16666793823242,3.0,1.0,0.0,0.0,15.0,2,2,7,1,0.0,0.0,0.0,0.0,0.0,0.0,0.0,0.0,0.0,0.0,0.0,0.0,0.0,0.0,1.0,0.0,1.0,0.0,1,1.0,1.0,0.0,,,,,,,,0,0,0,0,0,0,0,0,0,0,0,0,1,0,1,1,0,0,0,1,0,0,0,0,0,0,0,0,0,0,2.0,1.0,2000.0,3325.0,9000.0,9000.0,2662.5,9000.0,8.580167770385742,9.798127174377441,0.0,2.0,0.0,1.0,20232.33984375,20132.33984375,30000.0,45000.0,20182.33984375,37500.0,13154.4599609375,100.0,2629.68994140625,923.1900024414062,0.0,17500.0,2000.0,11900.0,4600.0,0.0,16807.33984375,36000.0,1.5342583656311035,2.1126761436462402,0.0,0.0,0.4000000059604645,0.13333334028720856,0.4000000059604645,0.0,0.0,0.13333334028720856,1.0,0.0,1.0,6.0,1.0,,,0.0,1.0,1.0,1.0,1.0,1.0,0.0,1.0,1.0,1.0,1.0,0.0
4079,3,1.0,1.0,1.0,0.0,2.343460312344036,2.5,0.0,6000.0,60.0,1.0,47.58333206176758,3.0,1.0,0.0,1.0,0.0,2,1,7,7,0.0,0.0,1.0,0.0,0.0,0.0,0.0,0.0,0.0,0.0,0.0,0.0,0.0,0.0,0.0,0.0,0.0,0.0,3,8.0,1.0,1.0,5.0,6.0,7.0,7.0,6.5,5.0,325.0,0,0,1,1,0,1,1,0,0,0,0,1,1,0,1,0,0,0,0,0,0,0,0,0,0,0,0,0,0,0,0.0,0.0,0.0,0.0,260.0,260.0,0.0,260.0,0.0,6.2538323402404785,0.0,0.0,0.0,0.0,0.0,0.0,3000.0,3800.0,0.0,3400.0,0.0,0.0,0.0,0.0,0.0,2360.0,0.0,590.0,590.0,0.0,0.0,3540.0,15.121163368225098,1.328125,0.4000000059604645,0.4000000059604645,0.6000000238418579,0.46666666865348816,0.0,0.0,0.0,0.0,1.0,0.0,0.0,9.0,1.0,6.0,9.0,0.0,0.0,1.0,1.0,1.0,1.0,0.0,1.0,0.0,0.0,0.0,0.0
4093,3,1.0,1.0,0.0,0.0,,7.25,1.0,0.0,60.0,0.0,41.16666793823242,2.0,1.0,0.0,1.0,0.0,2,2,2,1,0.0,0.0,0.0,0.0,0.0,0.0,0.0,0.0,0.0,0.0,0.0,0.0,0.0,0.0,1.0,0.0,3.0,0.0,8,,0.0,0.0,,,,,,,,0,0,0,0,0,0,0,0,1,0,0,1,1,0,0,0,0,0,1,0,0,0,0,0,0,0,0,0,0,0,0.0,1.0,0.0,0.0,9503.0,9503.0,0.0,9503.0,0.0,9.852510452270508,0.0,0.0,3.0,0.0,0.0,0.0,7000.0,25800.0,0.0,16400.0,0.0,0.0,0.0,0.0,0.0,9097.0,4000.0,1400.0,800.0,1000.0,0.0,16297.0,15.121163368225098,1.7735481262207031,0.0,0.20000000298023224,0.4000000059604645,0.20000000298023224,0.20000000298023224,0.0,0.0,0.06666667014360428,0.0,1.0,1.0,,,,,1.0,0.0,1.0,1.0,0.0,1.0,1.0,0.0,1.0,0.0,1.0,1.0
4095,3,1.0,1.0,0.0,1.0,9.633021197797152,3.9166667461395264,0.0,500.0,98.0,0.0,39.33333206176758,3.0,1.0,0.0,0.0,0.0,2,3,2,2,0.0,0.0,0.0,0.0,0.0,0.0,1.0,0.0,0.0,0.0,0.0,0.0,0.0,0.0,0.0,0.0,3.0,0.0,1,6.0,1.0,1.0,,4.0,7.0,6.0,6.0,7.0,325.0,0,0,1,0,1,0,1,0,0,0,0,1,1,1,0,0,0,0,0,0,0,0,1,0,1,1,0,0,0,0,0.0,1.0,800.0,1524.5699462890625,1653.0,1653.0,1162.284912109375,1653.0,7.751290321350098,8.103494644165039,0.0,0.0,2.0,1.0,2800.0,2800.0,9000.0,10700.0,2800.0,9850.0,1062.5,0.0,212.92999267578125,0.0,0.0,7600.0,0.0,600.0,200.0,647.0,1275.4300537109375,9047.0,2.440087080001831,1.2628204822540283,0.4000000059604645,0.20000000298023224,0.6000000238418579,0.4000000059604645,0.0,0.4000000059604645,0.20000000298023224,0.20000000298023224,0.0,0.0,1.0,4.0,4.0,7.0,5.0,0.0,0.0,1.0,1.0,0.0,1.0,1.0,0.0,0.0,0.0,1.0,1.0
4098,3,1.0,1.0,0.0,0.0,,0.25,0.0,5000.0,48.0,0.0,23.41666603088379,2.0,1.0,0.0,1.0,0.0,2,2,7,1,0.0,0.0,0.0,0.0,0.0,0.0,0.0,0.0,0.0,0.0,0.0,0.0,0.0,0.0,0.0,0.0,2.5,0.0,1,,0.0,0.0,,,,,,,,0,0,1,0,0,0,0,0,0,0,0,1,0,0,0,0,0,0,0,0,0,0,0,0,0,0,0,0,0,0,0.0,0.0,0.0,0.0,5500.0,5500.0,0.0,5500.0,0.0,9.30565071105957,0.0,0.0,0.0,5.0,0.0,0.0,20000.0,17500.0,0.0,18750.0,0.0,0.0,0.0,0.0,0.0,2500.0,1200.0,5400.0,2200.0,700.0,0.0,12000.0,15.121163368225098,5.357142925262451,0.20000000298023224,0.0,0.20000000298023224,0.13333334028720856,0.0,0.0,0.0,0.0,1.0,0.0,1.0,,,,,1.0,0.0,1.0,1.0,1.0,1.0,1.0,1.0,0.0,1.0,1.0,0.0
4103,3,1.0,1.0,1.0,0.0,2.189780591035641,2.75,0.0,0.0,64.0,1.0,23.75,0.0,0.0,1.0,1.0,21.0,5,0,0,0,0.0,0.0,0.0,0.0,0.0,0.0,0.0,0.0,0.0,0.0,0.0,1.0,0.0,0.0,0.0,0.0,4.5,0.0,9,8.0,1.0,1.0,5.0,6.0,6.5,7.0,6.5,6.0,75.0,1,1,1,1,1,1,0,0,1,1,1,1,1,1,1,0,1,1,1,1,1,1,1,1,1,0,0,0,0,1,0.0,1.0,4000.0,3793.75,-1525.0,-1525.0,3896.875,-1525.0,8.961077690124512,-8.022896766662598,0.0,0.0,3.0,3.0,4000.0,4000.0,3000.0,2000.0,4000.0,2500.0,100.0,0.0,0.0,106.25,0.0,450.0,1500.0,650.0,675.0,250.0,206.25,3525.0,40.0,4.545454502105713,1.0,0.6000000238418579,1.0,0.8666666746139526,0.800000011920929,1.0,0.20000000298023224,0.6666666865348816,0.0,1.0,0.0,7.0,6.0,7.0,8.0,0.0,1.0,1.0,0.0,0.0,0.0,1.0,0.0,0.0,1.0,0.0,0.0
4104,3,1.0,1.0,0.0,1.0,6.511579172023916,16.75,0.0,5000.0,90.0,0.0,44.5,4.0,1.0,0.0,0.0,15.0,2,2,7,7,0.0,0.0,0.0,0.0,0.0,0.0,1.0,0.0,0.0,0.0,0.0,0.0,0.0,0.0,0.0,0.0,1.0,0.0,1,8.0,1.0,1.0,4.0,5.0,6.0,6.0,7.0,7.0,2250.0,0,1,1,1,1,1,1,1,1,1,0,1,1,1,1,1,1,1,0,1,1,1,1,1,1,1,1,1,1,1,2.0,1.0,3000.0,1858.5595703125,2600.0,2600.0,2429.27978515625,2600.0,8.488497734069824,8.556413650512695,2.0,0.0,0.0,1.0,3000.0,17000.0,1500.0,7000.0,10000.0,4250.0,12750.0,550.0,1755.0400390625,86.4000015258789,0.0,3000.0,0.0,1400.0,0.0,0.0,15141.4404296875,4400.0,0.7722031474113464,1.3492063283920288,0.800000011920929,1.0,0.800000011920929,0.8666666746139526,0.800000011920929,1.0,1.0,0.9333333373069763,1.0,0.0,1.0,5.0,2.0,3.0,1.0,0.0,1.0,1.0,1.0,1.0,1.0,0.0,1.0,0.0,1.0,0.0,1.0
4106,3,1.0,1.0,1.0,0.0,4.090631474901172,7.5,1.0,200.0,50.0,0.0,57.08333206176758,0.0,1.0,0.0,0.0,1.0,5,0,0,0,0.0,0.0,0.0,0.0,0.0,0.0,0.0,0.0,0.0,0.0,0.0,0.0,0.0,0.0,0.0,1.0,1.0,0.0,1,7.0,1.0,1.0,4.0,3.5,5.0,2.0,5.0,,,0,0,0,0,1,1,0,0,0,1,0,1,1,0,1,1,1,0,0,0,1,0,0,0,0,1,1,1,1,1,4.5,1.0,4000.0,4874.169921875,-3144.0,-3144.0,4437.0849609375,-3144.0,9.090900421142578,-8.746397972106934,4.0,1.0,0.0,1.0,1350.0,13500.0,40000.0,9000.0,7425.0,24500.0,402.0,3650.0,3119.85009765625,1148.989990234375,0.0,600.0,3600.0,4800.0,2364.0,780.0,8625.830078125,12144.0,18.470149993896484,20.41666603088379,0.20000000298023224,0.4000000059604645,0.6000000238418579,0.4000000059604645,0.4000000059604645,0.20000000298023224,1.0,0.5333333611488342,0.0,0.0,1.0,0.0,0.0,0.0,0.0,0.0,1.0,1.0,0.0,0.0,0.0,0.0,0.0,1.0,1.0,1.0,1.0
4107,3,1.0,1.0,0.0,0.0,,3.9166667461395264,0.0,2000.0,50.0,1.0,49.33333206176758,4.0,1.0,0.0,1.0,15.0,2,1,1,1,0.0,0.0,0.0,0.0,0.0,0.0,0.0,0.0,0.0,0.0,0.0,0.0,0.0,0.0,0.0,1.0,6.0,0.0,1,,0.0,0.0,,,,,,,,1,0,1,1,1,1,0,0,0,0,1,1,1,0,1,1,1,1,1,1,1,1,1,1,1,1,1,0,0,1,0.0,0.0,0.0,0.0,11700.0,11700.0,0.0,11700.0,0.0,10.060491561889648,0.0,0.0,6.0,0.0,0.0,0.0,22000.0,29500.0,0.0,25750.0,0.0,0.0,0.0,0.0,0.0,6000.0,10400.0,750.0,650.0,0.0,0.0,17800.0,15.121163368225098,4.055118083953857,0.800000011920929,0.20000000298023224,0.800000011920929,0.6000000238418579,1.0,1.0,0.6000000238418579,0.8666666746139526,1.0,0.0,1.0,,,,,1.0,1.0,1.0,1.0,0.0,1.0,1.0,0.0,0.0,0.0,1.0,1.0
4110,3,1.0,1.0,0.0,0.0,,1.25,1.0,5000.0,36.0,0.0,32.16666793823242,3.0,1.0,0.0,1.0,0.0,4,1,5,3,0.0,0.0,0.0,0.0,0.0,0.0,0.0,0.0,0.0,0.0,0.0,0.0,1.0,0.0,0.0,0.0,1.0,1.0,12,,0.0,0.0,,,,,,,,1,0,1,1,0,1,1,1,1,1,0,1,0,0,1,1,0,0,0,1,0,0,0,0,1,0,0,0,0,1,1.0,1.0,3000.0,2243.949951171875,-1468.0,-1468.0,2621.97509765625,-1468.0,8.564830780029297,-7.984803676605225,1.0,0.0,0.0,1.0,6000.0,6000.0,3000.0,5250.0,6000.0,4125.0,200.0,1000.0,278.4599914550781,777.5900268554688,1500.0,1268.0,0.0,950.0,1800.0,2700.0,3756.050048828125,6718.0,20.002666473388672,2.7173912525177,0.6000000238418579,1.0,0.4000000059604645,0.6666666865348816,0.4000000059604645,0.20000000298023224,0.20000000298023224,0.2666666805744171,1.0,1.0,0.0,,,,,1.0,0.0,1.0,1.0,1.0,1.0,0.0,1.0,1.0,0.0,0.0,0.0
4114,3,1.0,1.0,0.0,0.0,,8.666666984558105,0.0,20000.0,60.0,0.0,41.16666793823242,8.0,0.0,1.0,1.0,0.0,2,0,0,0,0.0,0.0,0.0,0.0,0.0,0.0,0.0,0.0,0.0,0.0,0.0,0.0,0.0,0.0,1.0,0.0,1.0,0.0,9,,0.0,0.0,,,,,,,,1,1,1,1,1,0,0,1,0,0,0,1,1,0,1,1,0,0,0,1,0,0,0,1,1,0,0,0,0,1,1.0,1.0,1700.0,22221.599609375,17100.0,17100.0,11960.7998046875,17100.0,10.082536697387695,10.439980506896973,1.0,0.0,1.0,0.0,34000.0,34000.0,25000.0,40300.0,34000.0,32650.0,3400.0,1275.0,4800.02978515625,2303.3701171875,0.0,15600.0,2000.0,2950.0,2650.0,0.0,11778.400390625,23200.0,9.31499195098877,2.066455602645874,1.0,0.20000000298023224,0.6000000238418579,0.6000000238418579,0.4000000059604645,0.4000000059604645,0.20000000298023224,0.3333333432674408,0.0,1.0,1.0,,,,,1.0,0.0,1.0,0.0,0.0,0.0,0.0,1.0,0.0,0.0,1.0,1.0
4115,3,1.0,1.0,0.0,0.0,,3.25,0.0,10000.0,52.0,0.0,29.83333396911621,1.0,1.0,0.0,1.0,26.0,4,0,0,0,0.0,0.0,0.0,0.0,0.0,0.0,0.0,0.0,0.0,0.0,0.0,1.0,0.0,0.0,0.0,0.0,2.0,0.0,6,,0.0,0.0,,,,,,,,1,0,1,1,0,0,1,0,1,0,0,0,1,0,1,0,0,0,0,0,0,0,0,0,0,0,0,0,0,0,0.0,1.0,1100.0,5222.6103515625,4750.0,4750.0,3161.30517578125,4750.0,8.751887321472168,9.15904712677002,0.0,0.0,2.0,0.0,8900.0,8900.0,4000.0,8000.0,8900.0,6000.0,400.0,0.0,1562.3699951171875,715.02001953125,1000.0,2000.0,600.0,500.0,150.0,0.0,3677.389892578125,3250.0,22.25,2.7272727489471436,0.6000000238418579,0.4000000059604645,0.4000000059604645,0.46666666865348816,0.0,0.0,0.0,0.0,0.0,1.0,1.0,,,,,1.0,1.0,1.0,0.0,0.0,0.0,1.0,1.0,0.0,1.0,0.0,0.0
4118,3,0.0,1.0,1.0,0.0,,3.25,1.0,300000.0,29.0,0.0,53.66666793823242,4.0,1.0,0.0,0.0,10.0,2,5,6,2,0.0,1.0,0.0,0.0,0.0,0.0,0.0,0.0,0.0,0.0,0.0,0.0,0.0,0.0,0.0,0.0,6.0,0.0,1,,0.0,0.0,,,,,,,,0,0,0,0,0,1,1,0,0,0,0,1,1,0,1,0,0,0,0,0,0,0,0,0,0,0,0,0,0,0,10.0,1.0,400.0,-1477.580078125,5680.0,5680.0,-538.7900390625,5680.0,-8.734344482421875,9.33785343170166,0.0,10.0,0.0,6.0,8020.0,8020.0,45000.0,20000.0,8020.0,32500.0,0.0,11100.0,285.989990234375,246.6699981689453,3000.0,5600.0,4500.0,2320.0,1900.0,0.0,14632.66015625,14320.0,100.0,5.603448390960693,0.0,0.4000000059604645,0.6000000238418579,0.3333333432674408,0.0,0.0,0.0,0.0,1.0,0.0,1.0,,,,,0.0,1.0,1.0,1.0,1.0,1.0,1.0,1.0,1.0,0.0,1.0,0.0
4120,3,1.0,1.0,0.0,0.0,,7.166666507720947,1.0,20000.0,45.0,1.0,40.33333206176758,1.0,1.0,0.0,1.0,0.0,2,4,4,1,0.0,0.0,0.0,0.0,0.0,0.0,1.0,0.0,0.0,0.0,0.0,0.0,0.0,0.0,0.0,0.0,1.5,0.0,1,,0.0,0.0,,,,,,,,0,0,1,0,0,0,0,0,1,0,0,1,1,1,1,1,0,0,0,0,0,0,0,0,1,0,0,1,1,0,2.5,1.0,2500.0,8723.2890625,3577.0,3577.0,5611.64453125,3577.0,9.325746536254883,8.87542724609375,1.0,2.0,1.0,1.0,15000.0,26775.0,21200.0,20440.0,20887.5,20820.0,11840.0,3125.0,2541.68994140625,545.02001953125,0.0,11863.0,2000.0,1700.0,500.0,800.0,18051.7109375,16863.0,1.637387752532959,1.6840572357177734,0.20000000298023224,0.20000000298023224,0.800000011920929,0.4000000059604645,0.20000000298023224,0.20000000298023224,0.4000000059604645,0.2666666805744171,1.0,0.0,1.0,,,,,1.0,0.0,1.0,1.0,1.0,1.0,1.0,1.0,1.0,1.0,1.0,1.0
4121,3,1.0,1.0,0.0,0.0,,6.083333492279053,0.0,20000.0,126.0,1.0,33.41666793823242,2.0,1.0,0.0,1.0,21.0,2,3,4,3,0.0,0.0,0.0,0.0,0.0,0.0,1.0,0.0,0.0,0.0,0.0,0.0,0.0,0.0,0.0,0.0,0.0,0.0,1,,0.0,0.0,,,,,,,,0,1,1,0,1,1,1,0,0,1,0,1,0,1,1,1,1,1,0,1,1,1,1,1,0,1,0,0,0,0,0.0,0.0,0.0,0.0,3350.0,3350.0,0.0,3350.0,0.0,8.809863090515137,0.0,0.0,0.0,0.0,0.0,0.0,1600.0,4760.0,0.0,3180.0,0.0,0.0,0.0,0.0,0.0,1160.0,0.0,140.0,10.0,100.0,0.0,1410.0,15.121163368225098,2.694915294647217,0.6000000238418579,0.6000000238418579,0.6000000238418579,0.6000000238418579,0.800000011920929,0.800000011920929,0.20000000298023224,0.6000000238418579,1.0,0.0,0.0,,,,,1.0,1.0,1.0,1.0,1.0,1.0,0.0,1.0,0.0,0.0,0.0,1.0
4129,3,1.0,1.0,1.0,0.0,2.212610885210616,1.9166667461395264,0.0,1000.0,91.0,1.0,33.75,2.0,1.0,0.0,1.0,14.0,2,1,7,1,0.0,0.0,0.0,0.0,0.0,0.0,1.0,0.0,0.0,0.0,0.0,0.0,0.0,0.0,0.0,0.0,1.0,0.0,1,8.0,1.0,1.0,5.0,6.0,6.0,6.0,6.0,6.0,75.0,0,0,0,0,0,0,1,0,0,0,0,1,1,0,0,0,0,0,0,0,0,0,0,0,0,0,0,0,0,0,0.0,0.0,0.0,0.0,-594.0,-594.0,0.0,-594.0,0.0,-7.080027103424072,0.0,0.0,1.0,0.0,0.0,0.0,9800.0,9800.0,0.0,9800.0,0.0,0.0,0.0,0.0,0.0,9800.0,0.0,594.0,0.0,0.0,0.0,10394.0,15.121163368225098,0.9560975432395935,0.0,0.20000000298023224,0.4000000059604645,0.20000000298023224,0.0,0.0,0.0,0.0,1.0,0.0,0.0,5.0,1.0,8.0,10.0,0.0,1.0,1.0,1.0,1.0,1.0,0.0,0.0,0.0,0.0,1.0,0.0
4136,3,1.0,1.0,0.0,0.0,,1.0833333730697632,0.0,20000.0,70.0,0.0,30.5,1.0,1.0,0.0,1.0,0.0,4,0,0,0,0.0,0.0,0.0,0.0,0.0,0.0,0.0,0.0,0.0,0.0,0.0,0.0,0.0,0.0,0.0,0.0,2.5,0.0,6,,0.0,0.0,,,,,,,,1,0,1,1,0,1,0,0,1,0,0,1,0,1,1,0,1,1,0,1,0,0,1,1,0,0,0,0,0,1,3.5,1.0,8000.0,4490.19921875,21345.0,21345.0,6245.099609375,21345.0,9.432699203491211,10.661720275878906,2.0,2.0,2.0,1.0,35000.0,35000.0,9000.0,35000.0,35000.0,22000.0,19125.0,7090.0,3147.300048828125,1147.5,0.0,11200.0,1500.0,835.0,120.0,0.0,30509.80078125,13655.0,1.830065369606018,1.8644068241119385,0.6000000238418579,0.4000000059604645,0.6000000238418579,0.5333333611488342,0.6000000238418579,0.4000000059604645,0.20000000298023224,0.4000000059604645,0.0,1.0,1.0,,,,,1.0,0.0,1.0,0.0,0.0,0.0,1.0,1.0,0.0,0.0,1.0,0.0
4138,3,1.0,1.0,0.0,1.0,,8.083333015441895,0.0,25000.0,80.0,1.0,38.08333206176758,1.0,0.0,1.0,1.0,0.0,5,1,3,1,0.0,0.0,0.0,0.0,0.0,0.0,0.0,0.0,0.0,0.0,0.0,1.0,0.0,0.0,0.0,0.0,3.0,0.0,9,,0.0,0.0,,,,,,,,1,0,0,1,0,0,0,0,0,0,1,1,1,0,0,0,0,0,0,0,0,0,0,0,0,0,0,1,1,0,1.0,1.0,1800.0,2074.9599609375,3200.0,3200.0,1937.47998046875,3200.0,8.262290954589844,8.764053344726562,1.0,0.0,3.0,0.0,8000.0,8000.0,11000.0,9600.0,8000.0,10300.0,1125.0,1500.0,3300.0400390625,0.0,0.0,3000.0,2500.0,500.0,400.0,0.0,5925.0400390625,6400.0,4.923167705535889,3.322580575942993,0.4000000059604645,0.0,0.6000000238418579,0.3333333432674408,0.0,0.0,0.4000000059604645,0.13333334028720856,1.0,1.0,1.0,,,,,0.0,0.0,1.0,1.0,1.0,1.0,1.0,1.0,0.0,1.0,1.0,1.0
4140,3,1.0,1.0,0.0,0.0,,7.916666507720947,1.0,10000.0,40.0,0.0,29.83333396911621,0.0,1.0,0.0,1.0,0.0,3,0,0,0,0.0,0.0,0.0,0.0,0.0,0.0,0.0,0.0,1.0,0.0,0.0,0.0,0.0,0.0,0.0,0.0,4.0,0.0,1,,0.0,0.0,,,,,,,,1,1,1,0,1,1,0,0,1,1,1,1,0,1,1,0,1,1,0,1,1,1,1,1,0,1,1,1,1,0,3.0,1.0,10000.0,6609.83984375,6500.0,6500.0,8304.919921875,6500.0,9.717750549316406,9.472704887390137,3.0,0.0,4.0,0.0,48000.0,38000.0,25000.0,40000.0,43000.0,32500.0,20000.0,9180.0,1200.18994140625,1009.969970703125,0.0,14000.0,15300.0,1750.0,2450.0,0.0,31390.16015625,33500.0,2.128711700439453,2.2968196868896484,0.800000011920929,0.6000000238418579,0.800000011920929,0.7333333492279053,0.6000000238418579,0.800000011920929,0.800000011920929,0.7333333492279053,0.0,0.0,1.0,,,,,1.0,0.0,1.0,0.0,0.0,0.0,1.0,1.0,1.0,1.0,1.0,1.0
4141,3,0.0,1.0,0.0,1.0,1.8984285035311586,13.916666984558105,0.0,500.0,84.0,1.0,54.0,3.0,1.0,0.0,1.0,0.0,3,0,0,0,0.0,0.0,0.0,0.0,0.0,0.0,0.0,0.0,0.0,1.0,0.0,0.0,0.0,0.0,0.0,0.0,2.0,0.0,1,6.0,1.0,1.0,,,6.0,6.0,6.0,7.0,75.0,,,,,,,,,,,,,,,,,,,,,,,,,,,,,,,3.0,1.0,5000.0,9439.80859375,1217.0,1217.0,7219.904296875,1217.0,9.577744483947754,7.797291278839111,3.0,0.0,2.0,0.0,65000.0,59000.0,15000.0,15900.0,62000.0,15450.0,34000.0,10000.0,5482.2900390625,77.9000015258789,0.0,9163.0,3000.0,1050.0,1420.0,50.0,49560.19140625,14683.0,1.8054746389389038,1.641347050666809,,,,,,,,,0.0,0.0,1.0,3.0,0.0,5.0,8.0,0.0,0.0,1.0,0.0,0.0,0.0,1.0,0.0,0.0,0.0,1.0,1.0
4149,3,1.0,1.0,0.0,0.0,,0.5833333134651184,0.0,10000.0,52.0,1.0,35.58333206176758,4.0,1.0,0.0,1.0,0.0,4,2,7,3,1.0,0.0,0.0,0.0,0.0,0.0,0.0,0.0,0.0,0.0,0.0,0.0,0.0,0.0,0.0,0.0,7.0,0.0,5,,0.0,0.0,,,,,,,,0,0,1,0,0,0,0,0,0,0,0,0,1,1,1,1,1,0,0,1,1,1,1,1,1,1,1,0,0,0,7.0,1.0,7000.0,3010.080078125,6800.0,6800.0,5005.0400390625,6800.0,9.211347579956055,9.51782512664795,0.0,14.0,0.0,14.0,4000.0,9000.0,14000.0,14000.0,6500.0,14000.0,1530.0,4160.0,149.94000244140625,149.97999572753906,0.0,0.0,4160.0,2000.0,1040.0,0.0,5989.919921875,7200.0,4.248365879058838,10.134669303894043,0.20000000298023224,0.0,0.6000000238418579,0.2666666805744171,0.6000000238418579,1.0,0.4000000059604645,0.6666666865348816,1.0,0.0,1.0,,,,,1.0,0.0,1.0,1.0,1.0,1.0,1.0,1.0,0.0,0.0,1.0,0.0
4151,3,1.0,1.0,1.0,0.0,1.1195669459985231,2.8333332538604736,1.0,300000.0,54.0,0.0,43.75,5.0,1.0,0.0,1.0,0.0,3,0,0,0,0.0,0.0,0.0,0.0,0.0,0.0,0.0,1.0,0.0,0.0,0.0,0.0,0.0,0.0,0.0,0.0,2.5,0.0,6,6.0,1.0,1.0,,,6.0,6.0,6.0,7.0,75.0,1,1,1,0,1,0,0,1,1,1,1,0,1,1,1,1,1,0,0,1,1,1,1,1,1,1,1,1,1,1,2.5,1.0,2900.0,3367.33984375,9800.0,9800.0,3133.669921875,9800.0,8.743106842041016,9.883284568786621,2.0,1.0,1.0,2.0,9600.0,9600.0,10500.0,25200.0,9600.0,17850.0,2300.0,1870.0,1020.1300048828125,1042.530029296875,0.0,10800.0,1000.0,2300.0,1300.0,0.0,6232.66015625,15400.0,4.17391300201416,1.6527777910232544,0.800000011920929,0.6000000238418579,0.800000011920929,0.7333333492279053,0.6000000238418579,1.0,1.0,0.8666666746139526,0.0,1.0,1.0,8.0,2.0,5.0,6.0,0.0,0.0,1.0,0.0,0.0,0.0,1.0,1.0,1.0,0.0,1.0,0.0
4154,3,1.0,1.0,0.0,0.0,,12.916666984558105,0.0,100.0,64.0,1.0,48.0,2.0,1.0,0.0,0.0,28.0,2,3,1,1,0.0,0.0,0.0,0.0,0.0,0.0,1.0,0.0,0.0,0.0,0.0,0.0,0.0,0.0,0.0,0.0,0.0,0.0,1,,0.0,0.0,,,,,,,,0,0,1,1,0,0,0,0,1,0,1,0,1,0,1,0,1,0,0,1,1,0,1,0,0,0,0,0,0,0,0.0,1.0,600.0,1374.6796875,570.0,570.0,987.33984375,570.0,7.588161945343018,7.038784503936768,0.0,0.0,0.0,0.0,3000.0,13000.0,2200.0,5610.0,8000.0,3905.0,10200.0,0.0,1040.320068359375,0.0,385.0,4000.0,0.0,180.0,100.0,760.0,11625.3203125,5040.0,0.7407393455505371,0.940963864326477,0.4000000059604645,0.20000000298023224,0.6000000238418579,0.4000000059604645,0.4000000059604645,0.4000000059604645,0.0,0.2666666805744171,1.0,0.0,0.0,,,,,1.0,1.0,1.0,1.0,0.0,1.0,0.0,0.0,0.0,0.0,0.0,1.0
4156,3,1.0,1.0,0.0,0.0,,6.25,0.0,200.0,48.0,1.0,30.41666603088379,3.0,1.0,0.0,0.0,0.0,1,0,0,0,0.0,0.0,0.0,0.0,0.0,0.0,0.0,1.0,0.0,0.0,0.0,0.0,0.0,0.0,0.0,0.0,0.0,0.0,8,,0.0,0.0,,,,,,,,1,1,1,1,1,1,0,0,1,1,0,1,1,1,1,0,0,0,0,0,0,1,0,1,0,0,0,0,0,0,0.0,1.0,4000.0,5060.14013671875,3144.0,3144.0,4530.0703125,3144.0,9.111639976501465,8.746397972106934,0.0,0.0,0.0,0.0,10000.0,10000.0,13000.0,12500.0,10000.0,12750.0,2500.0,0.0,1632.3599853515625,807.5,0.0,8000.0,0.0,1156.0,200.0,0.0,4939.85986328125,9356.0,3.8110191822052,1.59375,1.0,0.6000000238418579,0.800000011920929,0.800000011920929,0.0,0.4000000059604645,0.0,0.13333334028720856,0.0,1.0,1.0,,,,,1.0,0.0,0.0,0.0,0.0,0.0,0.0,0.0,0.0,1.0,1.0,1.0
4157,3,1.0,1.0,0.0,1.0,1.1092638567572528,1.4166666269302368,0.0,20000.0,84.0,0.0,26.16666603088379,1.0,1.0,0.0,1.0,23.0,3,2,3,3,0.0,0.0,0.0,0.0,0.0,0.0,0.0,0.0,0.0,1.0,0.0,0.0,0.0,0.0,0.0,0.0,1.0,0.0,9,1.0,1.0,0.0,,,,,,,,1,0,1,0,0,1,0,0,1,1,0,1,0,0,0,0,0,0,0,0,0,0,0,1,0,0,0,0,0,0,1.5,1.0,4500.0,6777.25,4950.0,4950.0,5638.625,4950.0,9.33054256439209,9.200289726257324,1.0,1.0,1.0,0.0,28000.0,25000.0,22000.0,16000.0,26500.0,19000.0,13387.5,2150.0,2462.1201171875,223.1300048828125,0.0,8000.0,0.0,1520.0,1430.0,100.0,18222.75,11050.0,1.7891805171966553,2.261904716491699,0.4000000059604645,0.6000000238418579,0.20000000298023224,0.4000000059604645,0.0,0.20000000298023224,0.0,0.06666667014360428,1.0,1.0,1.0,,,,,0.0,1.0,1.0,1.0,1.0,1.0,0.0,1.0,0.0,1.0,1.0,0.0
4158,3,1.0,1.0,0.0,1.0,2.405842001676366,0.0,0.0,100.0,60.0,0.0,33.58333206176758,2.0,1.0,0.0,0.0,0.0,2,0,0,0,0.0,0.0,0.0,0.0,0.0,0.0,0.0,0.0,0.0,0.0,0.0,1.0,0.0,0.0,0.0,0.0,0.0,0.0,8,5.0,1.0,0.0,,,5.5,1.0,4.5,5.0,75.0,1,0,1,1,0,0,1,0,1,0,0,1,1,0,0,0,0,0,0,0,0,0,0,0,0,0,0,0,0,0,0.0,1.0,1500.0,1593.8701171875,2700.0,2700.0,1546.93505859375,2700.0,8.037178039550781,8.594154357910156,0.0,0.0,0.0,0.0,3000.0,7000.0,7000.0,5000.0,5000.0,6000.0,2975.0,0.0,1198.6300048828125,1232.5,0.0,1200.0,0.0,500.0,600.0,0.0,5406.1298828125,2300.0,1.6570007801055908,4.0,0.6000000238418579,0.4000000059604645,0.4000000059604645,0.46666666865348816,0.0,0.0,0.0,0.0,0.0,1.0,0.0,0.0,0.0,4.0,5.0,0.0,0.0,1.0,0.0,0.0,0.0,0.0,0.0,0.0,0.0,0.0,0.0
4159,3,1.0,1.0,0.0,1.0,14.226697111552571,23.75,1.0,0.0,45.0,1.0,70.25,3.0,1.0,0.0,0.0,30.0,2,2,1,1,0.0,0.0,0.0,0.0,0.0,0.0,0.0,0.0,0.0,0.0,0.0,0.0,0.0,0.0,0.0,1.0,5.0,0.0,1,8.0,1.0,1.0,2.5,3.0,5.0,2.0,5.5,,,0,0,0,1,0,0,1,0,0,0,0,1,1,0,0,0,0,0,0,0,0,0,0,0,0,0,0,0,0,0,4.0,1.0,1200.0,-1477.580078125,2300.0,2300.0,-138.7900390625,2300.0,-5.62612247467041,8.43381118774414,3.0,1.0,5.0,0.0,4300.0,4750.0,11000.0,14000.0,4525.0,12500.0,1330.0,1500.0,2561.72998046875,835.8499755859375,0.0,1200.0,7500.0,900.0,1430.0,670.0,6227.580078125,11700.0,2.344644546508789,6.94444465637207,0.20000000298023224,0.20000000298023224,0.4000000059604645,0.2666666805744171,0.0,0.0,0.0,0.0,1.0,0.0,1.0,0.0,0.0,2.0,2.0,0.0,1.0,1.0,1.0,0.0,1.0,1.0,0.0,1.0,0.0,1.0,1.0
4160,3,1.0,1.0,1.0,0.0,,25.16666603088379,0.0,90.0,84.0,1.0,47.41666793823242,5.0,1.0,0.0,1.0,0.0,2,0,0,0,0.0,0.0,0.0,0.0,0.0,0.0,0.0,1.0,0.0,0.0,0.0,0.0,0.0,0.0,0.0,0.0,0.0,0.0,1,,0.0,0.0,,,,,,,,1,1,1,1,1,0,1,0,1,0,1,1,1,0,0,0,0,0,0,0,0,0,0,0,0,0,0,0,0,0,0.0,0.0,0.0,0.0,8000.0,8000.0,0.0,8000.0,0.0,9.680343627929688,0.0,0.0,0.0,0.0,0.0,0.0,4000.0,15000.0,0.0,9500.0,0.0,0.0,0.0,0.0,0.0,6000.0,0.0,500.0,500.0,0.0,0.0,7000.0,15.121163368225098,1.5322580337524414,1.0,0.4000000059604645,0.6000000238418579,0.6666666865348816,0.0,0.0,0.0,0.0,0.0,0.0,0.0,,,,,0.0,0.0,1.0,0.0,0.0,0.0,0.0,0.0,0.0,0.0,1.0,1.0
4163,3,1.0,1.0,0.0,0.0,,0.6666666865348816,1.0,9700.0,54.0,1.0,23.41666603088379,0.0,1.0,0.0,1.0,1.0,2,1,4,2,0.0,0.0,0.0,0.0,0.0,0.0,0.0,1.0,0.0,0.0,0.0,0.0,0.0,0.0,0.0,0.0,1.0,0.0,1,,0.0,0.0,,,,,,,,0,0,1,0,1,0,1,1,0,0,0,1,1,1,1,1,1,0,1,0,0,0,1,0,0,0,0,0,0,0,0.0,0.0,0.0,0.0,1200.0,1200.0,0.0,1200.0,0.0,7.783224105834961,0.0,0.0,0.0,1.0,0.0,0.0,3000.0,3000.0,0.0,3000.0,0.0,0.0,0.0,0.0,0.0,1000.0,0.0,500.0,100.0,200.0,0.0,1800.0,15.121163368225098,2.7272727489471436,0.4000000059604645,0.4000000059604645,0.800000011920929,0.5333333611488342,0.6000000238418579,0.20000000298023224,0.0,0.2666666805744171,1.0,0.0,0.0,,,,,1.0,1.0,1.0,1.0,1.0,1.0,0.0,1.0,1.0,0.0,0.0,0.0
4167,3,1.0,1.0,0.0,1.0,11.170819781926907,3.8333332538604736,0.0,3500000.0,60.0,0.0,38.16666793823242,1.0,0.0,1.0,1.0,0.0,2,0,0,0,0.0,0.0,0.0,0.0,0.0,0.0,0.0,0.0,0.0,0.0,0.0,1.0,0.0,0.0,0.0,0.0,2.0,0.0,8,8.0,1.0,1.0,2.0,4.5,7.0,1.0,6.5,7.0,1250.0,1,1,1,1,0,1,1,0,1,1,0,1,1,1,0,1,0,0,0,0,0,0,0,0,0,0,0,0,0,0,1.0,1.0,2500.0,1940.85009765625,-970.0,-970.0,2220.425048828125,-970.0,8.398601531982422,-7.570443630218506,0.0,2.0,2.0,0.0,9500.0,8500.0,10000.0,8400.0,9000.0,9200.0,4000.0,0.0,1949.1500244140625,610.0,0.0,2980.0,2000.0,3940.0,450.0,0.0,6559.14990234375,9370.0,2.1428520679473877,3.0872483253479004,0.800000011920929,0.800000011920929,0.6000000238418579,0.7333333492279053,0.20000000298023224,0.0,0.0,0.06666667014360428,0.0,1.0,1.0,5.0,1.0,5.0,4.0,0.0,0.0,1.0,0.0,0.0,0.0,1.0,1.0,0.0,1.0,1.0,1.0
4171,3,0.0,1.0,0.0,1.0,0.21094251794865526,1.5,1.0,0.0,42.0,0.0,24.5,0.0,1.0,0.0,1.0,0.0,3,2,2,1,0.0,0.0,0.0,0.0,0.0,0.0,0.0,0.0,0.0,0.0,0.0,0.0,1.0,0.0,0.0,0.0,32.0,0.0,1,7.0,1.0,1.0,7.0,7.0,6.0,7.0,6.0,7.0,75.0,1,1,1,1,1,1,1,0,1,1,1,0,1,1,1,1,1,1,1,1,1,1,1,1,1,1,1,1,1,1,52.0,1.0,78000.0,47231.8828125,12066.0,12066.0,62615.94140625,12066.0,11.737922668457031,10.091294288635254,2.0,100.0,0.0,62.0,150000.0,150000.0,3000.0,35000.0,150000.0,19000.0,0.0,86000.0,12000.5595703125,4547.5400390625,0.0,0.0,21834.0,900.0,200.0,0.0,102768.1171875,22934.0,15.121163368225098,10.134669303894043,1.0,0.800000011920929,0.800000011920929,0.8666666746139526,1.0,1.0,1.0,1.0,0.0,0.0,1.0,4.0,1.0,1.0,3.0,0.0,0.0,1.0,1.0,0.0,1.0,1.0,0.0,1.0,0.0,1.0,0.0
4172,3,1.0,1.0,1.0,0.0,1.8476152883424939,2.8333332538604736,0.0,9000.0,20.0,0.0,41.41666793823242,3.0,1.0,0.0,0.0,22.0,3,0,0,0,0.0,0.0,1.0,0.0,0.0,0.0,0.0,0.0,0.0,0.0,0.0,0.0,0.0,0.0,0.0,0.0,0.0,0.0,1,8.0,1.0,1.0,5.0,6.0,6.5,7.0,7.0,7.0,1750.0,1,0,0,0,0,1,1,1,0,1,0,1,1,1,0,0,0,0,0,0,0,0,0,0,0,0,0,0,0,0,0.0,1.0,300.0,373.1400146484375,800.0,800.0,336.57000732421875,800.0,6.511955738067627,7.3777594566345215,0.0,0.0,0.0,0.0,540.0,561.25,300.0,900.0,550.625,600.0,152.7899932861328,0.0,35.31999969482422,0.0,0.0,0.0,0.0,0.0,100.0,0.0,188.11000061035156,315.0,3.012171983718872,10.134669303894043,0.20000000298023224,0.800000011920929,0.6000000238418579,0.5333333611488342,0.0,0.0,0.0,0.0,0.0,0.0,0.0,5.0,4.0,6.0,4.0,0.0,1.0,1.0,0.0,0.0,0.0,0.0,1.0,0.0,0.0,0.0,0.0
4175,3,1.0,1.0,0.0,0.0,,3.8333332538604736,0.0,700.0,48.0,0.0,41.83333206176758,3.0,1.0,0.0,1.0,0.0,2,0,0,0,0.0,0.0,0.0,0.0,0.0,0.0,0.0,0.0,0.0,0.0,0.0,0.0,0.0,0.0,1.0,0.0,0.0,0.0,9,,0.0,0.0,,,,,,,,1,1,1,1,0,1,0,0,1,1,0,1,0,0,1,1,0,0,0,0,1,1,0,1,0,0,0,0,0,0,0.0,1.0,2500.0,2892.580078125,2050.0,2050.0,2696.2900390625,2050.0,8.592779159545898,8.318742752075195,0.0,0.0,0.0,0.0,6000.0,6000.0,2500.0,2500.0,6000.0,2500.0,650.0,0.0,1894.969970703125,562.4500122070312,0.0,440.0,0.0,10.0,0.0,0.0,3107.419921875,450.0,6.315989017486572,5.55555534362793,0.800000011920929,0.6000000238418579,0.4000000059604645,0.6000000238418579,0.20000000298023224,0.6000000238418579,0.0,0.2666666805744171,0.0,1.0,0.0,,,,,1.0,0.0,1.0,0.0,0.0,0.0,0.0,0.0,0.0,0.0,0.0,1.0
4177,3,1.0,1.0,1.0,0.0,6.72836475027081,0.5833333134651184,0.0,8000.0,30.0,0.0,26.0,1.0,1.0,0.0,1.0,20.0,2,3,7,7,0.0,0.0,0.0,0.0,0.0,0.0,0.0,0.0,0.0,0.0,0.0,0.0,0.0,0.0,0.0,0.0,1.0,0.0,1,4.0,1.0,0.0,,4.5,6.0,6.0,6.0,6.0,325.0,1,0,1,1,1,0,1,0,0,1,1,1,1,1,1,1,1,1,1,1,1,1,1,0,1,1,1,1,0,1,3.0,1.0,3000.0,3352.800048828125,5370.0,5370.0,3176.39990234375,5370.0,8.756650924682617,9.281730651855469,2.0,1.0,1.0,0.0,2500.0,5000.0,8000.0,8000.0,3750.0,8000.0,285.0,1000.0,362.20001220703125,0.0,0.0,500.0,1200.0,810.0,120.0,0.0,1647.199951171875,2630.0,13.1578950881958,8.88888931274414,0.800000011920929,0.4000000059604645,1.0,0.7333333492279053,1.0,0.800000011920929,0.800000011920929,0.8666666746139526,1.0,0.0,0.0,10.0,8.0,,,0.0,1.0,1.0,1.0,1.0,1.0,0.0,1.0,0.0,0.0,1.0,0.0
4178,3,1.0,1.0,0.0,0.0,,2.9166667461395264,1.0,30000.0,60.0,0.0,32.83333206176758,3.0,0.0,1.0,1.0,0.0,2,2,5,1,0.0,0.0,0.0,0.0,0.0,0.0,0.0,0.0,0.0,0.0,0.0,0.0,0.0,0.0,1.0,0.0,4.0,0.0,9,,0.0,0.0,,,,,,,,0,1,1,1,1,1,1,0,0,1,0,1,1,0,1,1,0,0,0,0,0,0,0,0,0,0,0,0,0,0,5.0,1.0,10000.0,10280.919921875,7000.0,7000.0,10140.4599609375,7000.0,9.917435646057129,9.546813011169434,2.0,4.0,4.0,0.0,1500.0,25000.0,19000.0,19000.0,13250.0,19000.0,4000.02001953125,5100.0,4449.919921875,1169.1400146484375,0.0,2400.0,6000.0,2600.0,1000.0,0.0,14719.080078125,12000.0,2.944424867630005,7.037036895751953,0.800000011920929,0.6000000238418579,0.6000000238418579,0.6666666865348816,0.20000000298023224,0.0,0.0,0.06666667014360428,1.0,1.0,1.0,,,,,1.0,0.0,1.0,1.0,1.0,1.0,1.0,1.0,1.0,1.0,1.0,0.0
4181,3,1.0,1.0,1.0,0.0,1.8003211290215642,12.833333015441895,1.0,0.0,52.0,0.0,46.41666793823242,3.0,1.0,0.0,0.0,18.0,5,1,4,3,0.0,0.0,0.0,0.0,0.0,0.0,0.0,0.0,0.0,0.0,0.0,0.0,0.0,0.0,1.0,0.0,1.0,0.0,8,8.0,1.0,1.0,6.0,7.0,6.5,7.0,6.5,6.0,1750.0,1,0,1,1,1,1,1,1,0,0,0,1,1,1,1,1,1,1,1,1,1,0,1,0,1,1,1,1,1,0,2.0,1.0,4500.0,8701.240234375,12000.0,12000.0,6600.6201171875,12000.0,9.488065719604492,10.085808753967285,2.0,0.0,1.0,0.0,19500.0,19500.0,25000.0,25000.0,19500.0,25000.0,1275.0,5380.0,2699.81005859375,340.0,1030.0,7000.0,3000.0,2800.0,200.0,0.0,10798.759765625,13000.0,12.38118839263916,3.3333332538604736,0.800000011920929,0.6000000238418579,0.800000011920929,0.7333333492279053,1.0,0.6000000238418579,0.800000011920929,0.800000011920929,1.0,1.0,1.0,3.0,0.0,8.0,7.0,0.0,1.0,1.0,1.0,1.0,1.0,0.0,0.0,1.0,1.0,1.0,1.0
4190,3,1.0,1.0,1.0,0.0,2.476091776827849,12.166666984558105,0.0,2000.0,52.0,0.0,38.08333206176758,5.0,1.0,0.0,1.0,18.0,1,0,0,0,0.0,0.0,0.0,0.0,0.0,0.0,0.0,0.0,0.0,0.0,0.0,1.0,0.0,0.0,0.0,0.0,1.0,1.0,6,8.0,1.0,1.0,5.0,5.5,6.0,5.0,6.0,6.0,325.0,1,0,1,1,0,1,0,0,1,0,0,1,1,1,1,0,0,0,0,1,1,1,0,1,1,1,1,0,0,0,2.0,1.0,5000.0,5118.580078125,1800.0,1800.0,5059.2900390625,1800.0,9.222128868103027,8.188689231872559,1.0,1.0,1.0,0.0,8000.0,10000.0,4000.0,6800.0,9000.0,5400.0,220.0,2290.0,968.9200439453125,1402.5,0.0,150.0,2000.0,1700.0,450.0,700.0,4881.419921875,5000.0,10.975341796875,12.0,0.6000000238418579,0.4000000059604645,0.800000011920929,0.6000000238418579,0.20000000298023224,0.800000011920929,0.4000000059604645,0.46666666865348816,0.0,1.0,0.0,2.0,0.0,7.0,3.0,0.0,1.0,0.0,0.0,0.0,0.0,0.0,0.0,0.0,1.0,0.0,1.0
4191,3,1.0,1.0,0.0,0.0,,2.8333332538604736,1.0,15000.0,90.0,1.0,37.91666793823242,1.0,1.0,0.0,1.0,0.0,3,2,7,7,0.0,0.0,0.0,0.0,0.0,0.0,0.0,0.0,0.0,1.0,0.0,0.0,0.0,0.0,0.0,0.0,4.0,0.0,9,,0.0,0.0,,,,,,,,0,0,1,1,0,0,1,0,1,0,0,0,1,0,1,1,0,0,0,0,0,0,0,0,0,0,0,0,0,0,8.0,1.0,15300.0,26166.828125,53750.0,53750.0,20733.4140625,53750.0,10.632649421691895,11.585246086120605,8.0,0.0,4.0,0.0,119000.0,104125.0,135000.0,110000.0,111562.5,122500.0,52000.0,17680.0,7027.89990234375,1250.27001953125,0.0,45000.0,6800.0,2000.0,2450.0,0.0,77958.171875,56250.0,2.008326530456543,2.6746726036071777,0.4000000059604645,0.4000000059604645,0.4000000059604645,0.4000000059604645,0.20000000298023224,0.0,0.0,0.06666667014360428,1.0,1.0,1.0,,,,,1.0,0.0,1.0,1.0,1.0,1.0,1.0,1.0,1.0,0.0,1.0,0.0
4192,3,1.0,1.0,1.0,0.0,2.0341224294060756,9.5,0.0,0.0,52.0,1.0,36.75,2.0,1.0,0.0,1.0,0.0,5,1,1,1,0.0,0.0,0.0,0.0,0.0,0.0,1.0,0.0,0.0,0.0,0.0,0.0,0.0,0.0,0.0,0.0,0.0,1.0,6,6.0,1.0,1.0,5.0,5.5,5.5,3.0,6.0,5.0,325.0,1,1,1,1,1,0,0,1,1,1,0,1,1,0,1,1,0,0,0,1,0,0,1,1,0,0,0,0,0,0,0.0,1.0,1400.0,2643.5,1157.0,1157.0,2021.75,1157.0,8.304865837097168,7.74673318862915,0.0,0.0,0.0,0.0,2530.0,9000.0,5000.0,8000.0,5765.0,6500.0,5100.0,0.0,756.5,0.0,500.0,4533.0,0.0,960.0,1150.0,200.0,6356.5,6843.0,1.1210501194000244,1.4339289665222168,1.0,0.6000000238418579,0.6000000238418579,0.7333333492279053,0.4000000059604645,0.4000000059604645,0.0,0.2666666805744171,0.0,1.0,0.0,3.0,0.0,7.0,9.0,0.0,0.0,1.0,1.0,0.0,1.0,0.0,0.0,0.0,0.0,0.0,1.0
4193,3,1.0,1.0,0.0,1.0,12.387633118694627,7.75,1.0,500.0,60.0,0.0,36.58333206176758,3.0,1.0,0.0,1.0,0.0,0,0,0,0,0.0,0.0,0.0,0.0,0.0,0.0,0.0,0.0,0.0,0.0,0.0,0.0,1.0,0.0,0.0,0.0,0.0,0.0,1,6.0,1.0,1.0,4.0,4.0,6.5,4.0,7.0,7.0,2250.0,0,0,0,0,0,0,0,0,0,0,0,0,0,0,0,0,0,0,0,0,0,0,0,0,0,0,0,0,0,0,0.0,0.0,0.0,0.0,-1810.0,-1810.0,0.0,-1810.0,0.0,-8.194229125976562,0.0,0.0,0.0,0.0,0.0,0.0,11000.0,11000.0,0.0,11000.0,0.0,0.0,0.0,0.0,0.0,1560.0,0.0,8200.0,3050.0,0.0,0.0,12810.0,15.121163368225098,5.092592716217041,0.0,0.0,0.0,0.0,0.0,0.0,0.0,0.0,0.0,0.0,1.0,6.0,0.0,6.0,6.0,0.0,0.0,0.0,0.0,0.0,0.0,0.0,0.0,1.0,1.0,1.0,1.0
4195,3,1.0,1.0,0.0,0.0,,8.583333015441895,0.0,800.0,60.0,1.0,34.66666793823242,2.0,1.0,0.0,1.0,0.0,2,1,1,2,0.0,0.0,0.0,0.0,0.0,0.0,0.0,1.0,0.0,0.0,0.0,0.0,0.0,0.0,0.0,0.0,0.0,0.0,8,,0.0,0.0,,,,,,,,0,0,1,1,1,0,0,0,1,1,0,1,0,0,1,0,0,0,0,0,0,0,0,0,0,0,0,0,0,0,0.0,1.0,1610.0,1353.06005859375,3730.0,3730.0,1481.530029296875,3730.0,7.993978023529053,8.91731071472168,0.0,0.0,0.0,0.0,3220.0,3220.0,7500.0,5000.0,3220.0,6250.0,1800.0,0.0,56.95000076293945,9.989999771118164,0.0,1000.0,0.0,50.0,220.0,0.0,1866.93994140625,1270.0,1.788888931274414,6.25,0.6000000238418579,0.4000000059604645,0.4000000059604645,0.46666666865348816,0.0,0.0,0.0,0.0,0.0,1.0,0.0,,,,,1.0,0.0,1.0,1.0,0.0,1.0,0.0,0.0,0.0,0.0,0.0,1.0
4200,3,1.0,1.0,0.0,0.0,,11.833333015441895,1.0,2500.0,42.0,1.0,58.16666793823242,2.0,1.0,0.0,0.0,3.0,3,5,7,1,0.0,0.0,0.0,0.0,0.0,0.0,0.0,0.0,0.0,1.0,0.0,0.0,0.0,0.0,0.0,0.0,5.0,0.0,1,,0.0,0.0,,,,,,,,1,1,1,0,0,0,0,0,0,1,1,1,1,1,1,0,0,0,0,1,1,0,1,1,1,0,0,1,1,0,0.0,1.0,0.0,-813.5899658203125,1647.0,1647.0,-406.79498291015625,1647.0,-6.701457977294922,8.099858283996582,0.0,0.0,0.0,5.0,0.0,0.0,1700.0,8900.0,0.0,5300.0,0.0,0.0,349.989990234375,373.5799865722656,0.0,3000.0,900.0,1468.0,1885.0,0.0,813.5899658203125,7253.0,15.121163368225098,1.5963855981826782,0.6000000238418579,0.20000000298023224,1.0,0.6000000238418579,0.20000000298023224,0.800000011920929,0.4000000059604645,0.46666666865348816,1.0,0.0,1.0,,,,,1.0,1.0,1.0,1.0,1.0,1.0,1.0,0.0,1.0,1.0,0.0,1.0
4213,3,1.0,1.0,0.0,0.0,,8.166666984558105,0.0,5000.0,52.0,1.0,40.91666793823242,2.0,1.0,0.0,0.0,0.0,2,1,3,6,0.0,0.0,0.0,0.0,0.0,0.0,1.0,0.0,0.0,0.0,0.0,0.0,0.0,0.0,0.0,0.0,2.0,0.0,6,,0.0,0.0,,,,,,,,1,1,1,1,1,1,0,1,1,0,1,1,0,0,1,1,1,1,0,1,0,0,0,1,0,0,0,0,0,0,0.0,1.0,5000.0,10392.87109375,3280.0,3280.0,7696.435546875,3280.0,9.6416597366333,8.788745880126953,0.0,0.0,2.0,0.0,36380.0,39000.0,10000.0,30600.0,37690.0,20300.0,24650.0,0.0,3595.8798828125,361.25,0.0,24000.0,1000.0,2000.0,320.0,0.0,28607.12890625,27320.0,1.5290061235427856,0.8285714387893677,1.0,0.6000000238418579,0.6000000238418579,0.7333333492279053,0.800000011920929,0.20000000298023224,0.0,0.3333333432674408,1.0,1.0,1.0,,,,,1.0,0.0,1.0,1.0,1.0,1.0,1.0,1.0,0.0,0.0,1.0,1.0
4214,3,1.0,1.0,0.0,0.0,,3.6666667461395264,1.0,0.0,102.0,1.0,32.83333206176758,1.0,1.0,0.0,1.0,0.0,2,2,4,2,0.0,0.0,0.0,0.0,0.0,0.0,0.0,0.0,0.0,0.0,0.0,1.0,0.0,0.0,0.0,0.0,0.0,0.0,4,,0.0,0.0,,,,,,,,1,1,0,1,0,1,0,0,1,1,0,1,0,1,1,0,0,1,0,0,0,0,0,0,1,0,0,0,0,0,0.0,1.0,960.0,1128.9300537109375,900.0,900.0,1044.465087890625,900.0,7.644407749176025,7.495542049407959,0.0,0.0,0.0,0.0,1200.0,1200.0,4310.0,5540.0,1200.0,4925.0,12.579999923706055,0.0,29.5,28.989999771118164,0.0,1890.0,0.0,2000.0,750.0,0.0,71.06999969482422,4640.0,95.38951110839844,2.6058201789855957,0.6000000238418579,0.6000000238418579,0.6000000238418579,0.6000000238418579,0.20000000298023224,0.20000000298023224,0.0,0.13333334028720856,1.0,0.0,0.0,,,,,1.0,0.0,1.0,1.0,1.0,1.0,0.0,0.0,1.0,0.0,0.0,1.0
4216,3,1.0,1.0,0.0,0.0,,4.25,1.0,0.0,48.0,0.0,39.0,1.0,1.0,0.0,1.0,20.0,1,3,6,2,0.0,0.0,0.0,0.0,0.0,0.0,0.0,0.0,0.0,0.0,0.0,0.0,1.0,0.0,0.0,0.0,4.0,0.0,9,,0.0,0.0,,,,,,,,1,1,0,0,0,1,1,0,0,1,0,1,1,1,0,1,0,1,1,1,1,0,1,0,1,1,0,0,0,0,4.0,1.0,3200.0,5938.130859375,4530.0,4530.0,4569.0654296875,4530.0,9.120211601257324,9.111624717712402,4.0,0.0,4.0,0.0,21000.0,23500.0,16000.0,17000.0,22250.0,16500.0,6032.0,8640.0,369.96002197265625,2519.909912109375,0.0,3200.0,7200.0,850.0,1020.0,200.0,17561.869140625,12470.0,3.50284481048584,4.782608509063721,0.4000000059604645,0.6000000238418579,0.6000000238418579,0.5333333611488342,0.800000011920929,0.6000000238418579,0.20000000298023224,0.5333333611488342,1.0,1.0,1.0,,,,,1.0,1.0,0.0,1.0,1.0,1.0,1.0,0.0,1.0,1.0,1.0,1.0
4218,3,1.0,1.0,0.0,1.0,1.1379013785743002,14.75,0.0,200500.0,42.0,1.0,43.66666793823242,3.0,1.0,0.0,1.0,0.0,2,0,0,0,0.0,0.0,0.0,0.0,0.0,0.0,0.0,1.0,0.0,0.0,0.0,0.0,0.0,0.0,0.0,0.0,2.0,1.0,8,7.0,1.0,1.0,,,7.0,6.0,7.0,7.0,1750.0,1,1,1,1,1,1,0,0,1,1,1,1,1,0,1,1,1,1,1,1,1,1,0,1,0,1,1,0,0,0,1.0,1.0,800.0,-823.33984375,-2225.0,-2225.0,-11.669921875,-2225.0,-3.1519925594329834,-8.400659561157227,1.0,0.0,2.0,0.0,5000.0,5000.0,7000.0,7000.0,5000.0,7000.0,2507.5,1062.5,1289.5899658203125,63.75,900.0,3526.0,2000.0,1524.0,975.0,1200.0,5823.33984375,9225.0,1.9175750017166138,1.9852523803710938,1.0,0.6000000238418579,0.800000011920929,0.800000011920929,1.0,0.6000000238418579,0.4000000059604645,0.6666666865348816,0.0,1.0,1.0,7.0,4.0,7.0,10.0,0.0,0.0,1.0,0.0,0.0,0.0,1.0,1.0,0.0,1.0,0.0,1.0
4220,3,1.0,1.0,0.0,1.0,1.0338631180592976,5.5,0.0,25000.0,51.0,0.0,55.41666793823242,3.0,0.0,1.0,1.0,50.0,3,2,7,6,0.0,0.0,0.0,0.0,0.0,0.0,0.0,0.0,0.0,0.0,0.0,1.0,0.0,0.0,0.0,0.0,4.0,0.0,9,8.0,1.0,1.0,5.0,6.0,7.0,7.0,7.0,6.0,325.0,1,1,1,1,0,1,0,0,0,1,1,1,0,0,1,1,0,0,0,0,0,0,0,0,0,0,0,0,0,0,5.0,1.0,0.0,-304.4599609375,-8325.0,-8325.0,-152.22998046875,-8325.0,-5.718550205230713,-10.063222885131836,3.0,2.0,3.0,1.0,3500.0,7863.0,11000.0,12000.0,5681.5,11500.0,0.0,2400.0,2480.0,3287.4599609375,0.0,3972.0,3600.0,3600.0,12560.0,0.0,8167.4599609375,23732.0,56.814998626708984,2.409891128540039,0.800000011920929,0.4000000059604645,0.6000000238418579,0.6000000238418579,0.20000000298023224,0.0,0.0,0.06666667014360428,1.0,1.0,1.0,6.0,5.0,4.0,6.0,0.0,1.0,1.0,1.0,1.0,1.0,1.0,1.0,0.0,1.0,1.0,1.0
4221,3,1.0,1.0,0.0,1.0,1.336317938227395,1.75,1.0,5000.0,48.0,1.0,43.33333206176758,1.0,1.0,0.0,1.0,0.0,0,0,0,0,1.0,0.0,0.0,0.0,0.0,0.0,0.0,0.0,0.0,0.0,0.0,0.0,0.0,0.0,0.0,0.0,9.5,0.0,5,8.0,1.0,1.0,6.0,6.0,6.0,6.0,6.0,7.0,75.0,0,0,0,0,0,0,0,0,0,0,0,0,0,0,0,0,0,0,0,0,0,0,0,0,0,0,0,0,0,0,0.0,0.0,0.0,0.0,68.0,68.0,0.0,68.0,0.0,4.912708759307861,0.0,0.0,1.0,16.0,0.0,0.0,5000.0,17668.0,0.0,11334.0,0.0,0.0,0.0,0.0,0.0,2800.0,5400.0,7400.0,1800.0,200.0,0.0,17600.0,15.121163368225098,3.1483333110809326,0.0,0.0,0.0,0.0,0.0,0.0,0.0,0.0,0.0,0.0,1.0,7.0,1.0,7.0,10.0,0.0,0.0,0.0,0.0,0.0,0.0,1.0,1.0,1.0,1.0,1.0,0.0
4224,3,1.0,1.0,0.0,0.0,,1.5,0.0,0.0,15.0,0.0,30.33333396911621,2.0,1.0,0.0,1.0,0.0,2,4,3,1,0.0,0.0,0.0,0.0,0.0,0.0,0.0,0.0,0.0,0.0,0.0,0.0,0.0,0.0,0.0,0.0,2.0,0.0,8,,0.0,0.0,,,,,,,,0,0,0,0,0,0,0,0,0,0,0,0,0,0,0,0,0,0,0,0,0,0,0,0,0,0,0,0,0,0,0.0,0.0,0.0,0.0,1085.0,1085.0,0.0,1085.0,0.0,7.682482719421387,0.0,0.0,0.0,2.0,0.0,0.0,300.0,1400.0,0.0,850.0,0.0,0.0,0.0,0.0,0.0,165.0,0.0,0.0,150.0,0.0,0.0,315.0,15.121163368225098,5.0,0.0,0.0,0.0,0.0,0.0,0.0,0.0,0.0,1.0,1.0,0.0,,,,,1.0,0.0,1.0,1.0,1.0,1.0,1.0,0.0,0.0,0.0,0.0,0.0
4232,3,1.0,1.0,0.0,0.0,,0.25,0.0,10000.0,30.0,0.0,21.08333396911621,0.0,1.0,0.0,1.0,0.0,3,0,0,0,0.0,0.0,0.0,0.0,0.0,0.0,0.0,0.0,0.0,0.0,0.0,1.0,0.0,0.0,0.0,0.0,2.0,0.0,1,,0.0,0.0,,,,,,,,1,0,0,1,1,1,1,0,0,1,1,1,1,1,1,0,0,1,0,0,0,1,1,1,1,1,0,1,0,0,2.0,1.0,100.0,-1477.580078125,100.0,100.0,-688.7900390625,100.0,-7.622399806976318,5.298342227935791,0.0,4.0,0.0,2.0,4210.0,4200.0,2400.0,2200.0,4205.0,2300.0,0.0,4250.0,680.510009765625,1412.949951171875,0.0,400.0,0.0,1200.0,500.0,0.0,6343.4599609375,2100.0,15.121163368225098,5.75,0.6000000238418579,0.6000000238418579,1.0,0.7333333492279053,0.20000000298023224,0.800000011920929,0.4000000059604645,0.46666666865348816,0.0,0.0,0.0,,,,,1.0,0.0,1.0,0.0,0.0,0.0,1.0,1.0,0.0,0.0,0.0,0.0
4234,3,1.0,1.0,0.0,0.0,,4.333333492279053,1.0,65000.0,98.0,0.0,38.33333206176758,5.0,1.0,0.0,1.0,26.0,2,0,0,0,0.0,0.0,0.0,0.0,0.0,1.0,0.0,0.0,0.0,0.0,0.0,0.0,0.0,0.0,0.0,0.0,5.0,0.0,5,,0.0,0.0,,,,,,,,1,0,0,0,0,0,0,0,0,0,0,0,1,0,0,0,0,0,0,0,0,0,0,0,0,0,0,0,0,0,5.0,1.0,20000.0,5869.90625,22733.0,22733.0,12934.953125,22733.0,10.160835266113281,10.724720001220703,5.0,0.0,4.0,2.0,18000.0,89000.0,44000.0,42333.0,53500.0,43166.5,0.0,17000.0,63200.1015625,2929.989990234375,0.0,0.0,2000.0,15800.0,1800.0,0.0,83130.09375,19600.0,15.121163368225098,111.12698364257812,0.20000000298023224,0.0,0.20000000298023224,0.13333334028720856,0.0,0.0,0.0,0.0,0.0,0.0,1.0,,,,,1.0,1.0,1.0,0.0,0.0,0.0,1.0,1.0,1.0,0.0,1.0,1.0
4235,3,1.0,1.0,1.0,0.0,3.347081901286812,3.4166667461395264,0.0,300.0,7.0,1.0,36.0,0.0,1.0,0.0,1.0,24.0,3,6,2,2,0.0,0.0,0.0,0.0,0.0,0.0,0.0,0.0,0.0,0.0,1.0,0.0,0.0,0.0,0.0,0.0,2.0,0.0,6,8.0,1.0,1.0,2.0,2.5,5.5,2.0,7.0,6.0,1750.0,0,0,1,0,0,0,1,1,1,0,0,1,1,0,1,0,1,0,0,1,1,1,1,0,1,0,0,0,0,0,2.0,1.0,4900.0,1314.10986328125,4610.0,4610.0,3107.054931640625,4610.0,8.734578132629395,9.129130363464355,2.0,0.0,2.0,0.0,7199.0,7199.0,2000.0,7000.0,7199.0,4500.0,3187.5,2125.0,334.3900146484375,238.0,0.0,0.0,1680.0,410.0,0.0,300.0,5884.89013671875,2390.0,2.258509874343872,16.071428298950195,0.20000000298023224,0.6000000238418579,0.6000000238418579,0.46666669845581055,0.4000000059604645,0.800000011920929,0.0,0.4000000059604645,1.0,1.0,0.0,4.0,0.0,8.0,8.0,0.0,1.0,1.0,1.0,0.0,1.0,1.0,0.0,0.0,1.0,0.0,0.0
4240,3,1.0,1.0,1.0,0.0,0.5439462316854453,4.916666507720947,0.0,70000.0,40.0,0.0,32.5,2.0,1.0,0.0,1.0,0.0,2,0,0,0,0.0,0.0,0.0,0.0,0.0,0.0,0.0,0.0,0.0,0.0,0.0,0.0,0.0,0.0,0.0,0.0,1.5,0.0,1,8.0,1.0,1.0,6.0,5.0,6.0,6.0,6.0,5.0,2250.0,1,1,1,0,0,1,1,0,1,1,0,1,0,0,1,1,1,0,1,1,1,1,1,1,0,1,0,1,1,0,2.0,1.0,20000.0,24364.12890625,7050.0,7050.0,22182.064453125,7050.0,10.700186729431152,9.553930282592773,1.0,1.0,1.0,1.0,29600.0,29600.0,20000.0,20000.0,29600.0,20000.0,80.75,3187.5,595.0,1372.6199951171875,0.0,5000.0,5000.0,2400.0,550.0,0.0,5235.8701171875,12950.0,100.0,4.0,0.6000000238418579,0.800000011920929,0.4000000059604645,0.6000000238418579,0.800000011920929,0.800000011920929,0.6000000238418579,0.7333333492279053,0.0,0.0,1.0,8.0,7.0,10.0,7.0,0.0,0.0,1.0,0.0,0.0,0.0,1.0,1.0,0.0,0.0,1.0,1.0
4241,3,1.0,1.0,0.0,0.0,,7.833333492279053,0.0,1000.0,84.0,0.0,37.66666793823242,2.0,1.0,0.0,0.0,0.0,0,0,0,0,0.0,0.0,0.0,0.0,0.0,0.0,0.0,0.0,0.0,0.0,0.0,1.0,0.0,0.0,0.0,0.0,0.0,0.0,6,,0.0,0.0,,,,,,,,1,0,0,0,0,0,0,0,0,0,0,0,1,0,1,0,0,0,0,0,0,0,0,0,1,0,0,0,0,0,0.0,1.0,0.0,0.0,1820.0,1820.0,0.0,1820.0,0.0,8.199739456176758,0.0,0.0,0.0,0.0,0.0,0.0,2000.0,2000.0,0.0,2000.0,0.0,0.0,0.0,0.0,0.0,120.0,0.0,60.0,0.0,0.0,0.0,315.0,15.121163368225098,16.66666603088379,0.20000000298023224,0.0,0.4000000059604645,0.20000000298023224,0.0,0.20000000298023224,0.0,0.06666667014360428,0.0,1.0,0.0,,,,,1.0,0.0,0.0,0.0,0.0,0.0,0.0,0.0,0.0,0.0,0.0,1.0
4243,3,1.0,1.0,0.0,0.0,,0.25,1.0,100000.0,76.0,0.0,26.41666603088379,2.0,1.0,0.0,1.0,0.0,3,0,0,0,0.0,0.0,0.0,0.0,0.0,0.0,0.0,0.0,0.0,1.0,0.0,0.0,0.0,0.0,0.0,0.0,2.0,0.0,8,,0.0,0.0,,,,,,,,1,1,1,0,1,1,1,0,0,1,1,1,1,1,1,1,1,1,1,1,1,1,1,1,1,1,1,1,1,1,2.0,1.0,9000.0,3845.2900390625,18255.0,18255.0,6422.64501953125,18255.0,9.460732460021973,10.505341529846191,2.0,0.0,0.0,2.0,19000.0,20000.0,33000.0,34000.0,19500.0,33500.0,6462.5,1600.0,3899.7099609375,892.5,3300.0,7200.0,0.0,4220.0,1025.0,3300.0,16154.7099609375,15745.0,2.926846742630005,4.652777671813965,0.800000011920929,0.6000000238418579,1.0,0.800000011920929,1.0,1.0,1.0,1.0,0.0,1.0,1.0,,,,,1.0,0.0,1.0,0.0,0.0,0.0,1.0,1.0,1.0,1.0,1.0,0.0
4244,3,0.0,1.0,0.0,0.0,,7.75,1.0,47000.0,40.0,1.0,46.0,0.0,1.0,0.0,0.0,0.0,2,0,0,0,1.0,0.0,0.0,0.0,0.0,0.0,0.0,0.0,0.0,0.0,0.0,0.0,0.0,0.0,0.0,0.0,12.0,0.0,1,,0.0,0.0,,,,,,,,0,0,0,0,0,0,0,0,0,0,0,0,0,0,0,0,0,0,0,0,0,0,0,0,0,0,0,0,0,0,0.0,1.0,0.0,1827.5,64428.0,64428.0,913.75,64428.0,7.510704517364502,12.89754867553711,0.0,0.0,12.0,0.0,16362.5,16362.5,47000.0,150000.0,16362.5,98500.0,13090.0,0.0,1232.5,212.5,0.0,43167.0,21000.0,31000.0,38500.0,0.0,14535.0,129545.0,1.2339743375778198,3.948065996170044,0.0,0.0,0.0,0.0,0.0,0.0,0.0,0.0,0.0,0.0,1.0,,,,,1.0,0.0,1.0,0.0,0.0,0.0,1.0,1.0,1.0,1.0,1.0,1.0
4249,3,1.0,1.0,0.0,0.0,,9.75,0.0,500.0,45.0,1.0,49.08333206176758,3.0,1.0,0.0,0.0,24.0,3,0,0,0,0.0,0.0,1.0,0.0,0.0,0.0,0.0,0.0,0.0,0.0,0.0,0.0,0.0,0.0,0.0,0.0,0.0,0.0,1,,0.0,0.0,,,,,,,,1,0,1,1,0,1,0,0,0,0,0,1,0,1,0,0,0,0,0,0,0,0,1,0,1,0,0,0,0,0,0.0,1.0,4000.0,5691.1796875,4240.0,4240.0,4845.58984375,4240.0,9.178971290588379,9.045465469360352,0.0,0.0,0.0,0.0,9271.3798828125,9250.0,10800.0,7200.0,9260.689453125,9000.0,2550.0,0.0,676.2999877929688,332.5199890136719,0.0,1600.0,0.0,1160.0,200.0,0.0,3558.820068359375,2960.0,3.4945998191833496,4.5,0.6000000238418579,0.20000000298023224,0.4000000059604645,0.4000000059604645,0.0,0.4000000059604645,0.0,0.13333334028720856,0.0,0.0,0.0,,,,,1.0,1.0,1.0,0.0,0.0,0.0,0.0,0.0,0.0,0.0,1.0,1.0
4253,3,1.0,1.0,0.0,0.0,,3.1666667461395264,0.0,70000.0,40.0,1.0,34.33333206176758,7.0,1.0,0.0,0.0,0.0,2,0,0,0,0.0,0.0,0.0,0.0,0.0,0.0,0.0,0.0,0.0,1.0,0.0,0.0,0.0,0.0,0.0,0.0,1.0,0.0,8,,0.0,0.0,,,,,,,,1,0,1,1,0,0,1,0,0,0,0,1,1,0,0,0,0,0,0,0,0,0,0,0,0,0,0,0,0,0,2.0,1.0,3800.0,2605.02001953125,7400.0,7400.0,3202.510009765625,7400.0,8.764837265014648,9.60238265991211,2.0,0.0,1.0,0.0,8500.0,8400.0,16800.0,16800.0,8450.0,16800.0,4539.0,800.0,455.97998046875,0.0,0.0,6800.0,1400.0,1100.0,100.0,0.0,5794.97998046875,9400.0,1.8020976781845093,2.21052622795105,0.6000000238418579,0.20000000298023224,0.4000000059604645,0.4000000059604645,0.0,0.0,0.0,0.0,0.0,1.0,0.0,,,,,1.0,0.0,1.0,0.0,0.0,0.0,0.0,1.0,0.0,0.0,1.0,0.0
4254,3,1.0,1.0,0.0,0.0,,3.5,0.0,2500.0,62.0,1.0,33.75,2.0,1.0,0.0,1.0,12.0,2,1,1,2,0.0,0.0,0.0,0.0,0.0,0.0,0.0,0.0,0.0,0.0,0.0,1.0,0.0,0.0,0.0,0.0,2.0,0.0,8,,0.0,0.0,,,,,,,,1,0,1,0,0,0,1,0,1,0,1,1,1,0,1,0,1,0,0,1,1,1,0,0,0,1,1,0,0,0,4.0,1.0,2800.0,2047.5,6840.0,6840.0,2423.75,6840.0,8.486218452453613,9.523690223693848,1.0,4.0,2.0,0.0,5500.0,8500.0,8000.0,11000.0,7000.0,9500.0,2500.0,3000.0,484.9599914550781,467.5400085449219,0.0,800.0,1000.0,700.0,1160.0,500.0,6452.5,4160.0,2.707930326461792,9.047618865966797,0.4000000059604645,0.4000000059604645,0.800000011920929,0.5333333611488342,0.4000000059604645,0.4000000059604645,0.4000000059604645,0.4000000059604645,1.0,1.0,1.0,,,,,1.0,1.0,1.0,1.0,0.0,1.0,1.0,0.0,0.0,1.0,1.0,1.0
4255,3,1.0,1.0,1.0,0.0,0.523464807814104,4.25,1.0,700000.0,42.0,0.0,40.08333206176758,6.0,1.0,0.0,1.0,23.0,3,3,7,1,0.0,0.0,0.0,0.0,0.0,0.0,0.0,0.0,0.0,0.0,0.0,0.0,1.0,0.0,0.0,0.0,15.0,0.0,12,7.0,1.0,1.0,5.0,7.0,6.0,3.0,6.0,7.0,325.0,1,0,1,1,0,1,1,1,1,1,1,1,0,0,1,1,1,0,0,1,0,1,1,0,1,0,0,1,1,1,18.0,1.0,7200.0,24793.2109375,2987.5,2987.5,15996.60546875,2987.5,10.373278617858887,8.69533920288086,6.0,12.0,8.0,14.0,47760.0,47760.0,87500.0,25875.0,47760.0,56687.5,90.0,14700.0,5355.0,2821.7900390625,0.0,937.5,11500.0,3800.0,6650.0,0.0,22966.7890625,22887.5,100.0,60.46666717529297,0.6000000238418579,1.0,0.6000000238418579,0.7333333492279053,0.6000000238418579,0.6000000238418579,0.6000000238418579,0.6000000238418579,1.0,1.0,1.0,5.0,5.0,4.0,2.0,0.0,1.0,1.0,1.0,1.0,1.0,1.0,1.0,1.0,0.0,1.0,1.0
4258,3,1.0,1.0,1.0,0.0,2.0588190727801985,4.833333492279053,0.0,50.0,12.0,1.0,30.08333396911621,1.0,1.0,0.0,0.0,0.0,3,1,3,2,0.0,0.0,0.0,0.0,0.0,0.0,0.0,0.0,0.0,1.0,0.0,0.0,0.0,0.0,0.0,0.0,1.0,1.0,6,4.0,1.0,0.0,5.0,5.0,7.0,3.0,6.0,3.0,750.0,1,0,1,1,0,0,1,0,0,0,0,1,1,0,1,0,1,1,0,1,1,1,0,1,1,1,1,0,0,0,0.0,1.0,3000.0,3552.72998046875,704.0,704.0,3276.364990234375,704.0,8.787636756896973,7.2499260902404785,0.0,0.0,1.0,0.0,7300.0,7300.0,3000.0,8000.0,7300.0,5500.0,2337.5,0.0,899.77001953125,510.0,0.0,4896.0,1000.0,1000.0,400.0,0.0,3747.27001953125,7296.0,2.5727508068084717,1.0385196208953857,0.6000000238418579,0.20000000298023224,0.6000000238418579,0.46666669845581055,0.6000000238418579,0.800000011920929,0.4000000059604645,0.6000000238418579,1.0,1.0,0.0,6.0,0.0,5.0,10.0,0.0,0.0,1.0,1.0,1.0,1.0,0.0,0.0,0.0,0.0,0.0,1.0
4259,3,1.0,1.0,0.0,1.0,0.8683937645230996,2.3333332538604736,0.0,20000.0,48.0,1.0,27.08333396911621,2.0,1.0,0.0,0.0,20.0,2,1,1,2,0.0,0.0,0.0,0.0,0.0,0.0,0.0,0.0,0.0,0.0,0.0,1.0,0.0,0.0,0.0,0.0,1.0,0.0,9,7.0,1.0,1.0,5.0,6.0,7.0,7.0,7.0,7.0,750.0,1,1,1,1,1,1,1,0,0,1,1,1,1,1,1,0,0,0,1,1,0,0,0,1,0,1,1,0,0,0,2.0,1.0,2000.0,2095.919921875,1323.0,1323.0,2047.9599609375,1323.0,8.317747116088867,7.880804538726807,1.0,1.0,1.0,0.0,6500.0,6500.0,7000.0,7000.0,6500.0,7000.0,1400.0,1600.0,933.97998046875,470.1000061035156,0.0,2154.0,1800.0,720.0,1003.0,0.0,4404.080078125,5677.0,3.611091136932373,2.795527219772339,1.0,0.6000000238418579,1.0,0.8666666746139526,0.4000000059604645,0.20000000298023224,0.4000000059604645,0.3333333432674408,1.0,1.0,0.0,5.0,2.0,6.0,7.0,0.0,1.0,1.0,1.0,0.0,1.0,0.0,1.0,0.0,0.0,0.0,0.0
4262,3,1.0,1.0,1.0,0.0,0.48098831128910924,11.5,0.0,1000.0,56.0,0.0,42.58333206176758,3.0,1.0,0.0,0.0,23.0,2,2,7,1,0.0,0.0,0.0,0.0,0.0,0.0,0.0,0.0,0.0,0.0,1.0,0.0,0.0,0.0,0.0,0.0,3.0,0.0,8,6.0,1.0,1.0,5.0,6.0,6.5,2.0,6.0,7.0,325.0,1,1,1,0,0,1,0,0,0,0,0,0,0,0,0,0,0,0,0,0,0,0,0,0,0,0,0,0,0,0,0.0,1.0,600.0,1409.1400146484375,836.0,836.0,1004.5700073242188,836.0,7.605462074279785,7.421776294708252,0.0,0.0,3.0,0.0,1250.0,1700.0,4000.0,5653.0,1475.0,4826.5,155.0,0.0,89.91000366210938,45.95000076293945,0.0,1400.0,2887.0,280.0,250.0,0.0,290.8599853515625,4817.0,9.516129493713379,3.328620672225952,0.6000000238418579,0.20000000298023224,0.0,0.2666666805744171,0.0,0.0,0.0,0.0,1.0,1.0,1.0,3.0,1.0,4.0,2.0,0.0,1.0,1.0,1.0,1.0,1.0,1.0,0.0,0.0,1.0,0.0,1.0
4264,3,1.0,1.0,0.0,0.0,,0.0,0.0,250.0,77.0,0.0,44.41666793823242,3.0,1.0,0.0,1.0,0.0,3,0,0,0,0.0,0.0,0.0,0.0,0.0,0.0,1.0,0.0,0.0,0.0,0.0,0.0,0.0,0.0,0.0,0.0,1.5,0.0,1,,0.0,0.0,,,,,,,,0,0,1,1,1,0,1,0,1,0,1,1,0,1,1,0,1,1,1,1,1,1,1,1,1,0,0,1,1,1,0.5,1.0,2500.0,5732.25,4781.0,4781.0,4116.125,4781.0,9.015814781188965,9.165552139282227,0.0,1.0,1.0,1.0,35000.0,35000.0,18000.0,18000.0,35000.0,18000.0,25500.0,200.0,1100.070068359375,1575.179931640625,892.5,10019.0,2500.0,600.0,100.0,0.0,29267.75,13219.0,1.3461533784866333,1.796586513519287,0.6000000238418579,0.4000000059604645,0.800000011920929,0.6000000238418579,0.800000011920929,1.0,0.6000000238418579,0.800000011920929,0.0,0.0,0.0,,,,,1.0,0.0,1.0,0.0,0.0,0.0,1.0,0.0,0.0,0.0,1.0,0.0
4268,3,1.0,1.0,1.0,0.0,1.2948316012937984,0.0,0.0,17000.0,80.0,0.0,25.16666603088379,3.0,0.0,1.0,1.0,0.0,8,1,1,3,0.0,0.0,0.0,0.0,0.0,0.0,0.0,0.0,0.0,0.0,0.0,1.0,0.0,0.0,0.0,0.0,3.0,0.0,8,9.0,1.0,1.0,4.0,3.5,7.0,1.0,6.5,7.0,750.0,0,0,1,0,0,1,0,0,1,0,0,1,0,1,1,0,0,1,0,0,0,0,0,0,0,0,0,0,0,0,3.0,1.0,4000.0,1525.47998046875,2745.0,2745.0,2762.739990234375,2745.0,8.617125511169434,8.61068344116211,1.0,2.0,3.0,0.0,8000.0,8000.0,2500.0,9200.0,8000.0,5850.0,2550.0,1200.0,2009.5400390625,714.97998046875,0.0,2800.0,2400.0,1200.0,55.0,0.0,6474.52001953125,6455.0,1.9013665914535522,1.462499976158142,0.20000000298023224,0.4000000059604645,0.6000000238418579,0.4000000059604645,0.20000000298023224,0.0,0.0,0.06666667014360428,0.0,1.0,0.0,0.0,1.0,5.0,5.0,0.0,0.0,1.0,1.0,0.0,1.0,1.0,1.0,0.0,0.0,0.0,0.0
4273,3,1.0,1.0,1.0,0.0,1.1142580502272215,0.6666666865348816,1.0,30000.0,72.0,1.0,33.33333206176758,6.0,1.0,0.0,0.0,29.0,2,1,1,2,0.0,0.0,0.0,0.0,0.0,0.0,0.0,0.0,0.0,0.0,0.0,1.0,0.0,0.0,0.0,0.0,2.0,0.0,9,7.0,1.0,1.0,5.0,5.0,7.0,2.0,6.5,7.0,2250.0,0,1,1,1,0,1,1,0,1,1,0,1,1,1,0,0,0,0,0,0,0,0,0,0,0,0,0,0,0,0,2.0,1.0,3200.0,3224.25,8600.0,8600.0,3212.125,8600.0,8.76783561706543,9.752664566040039,2.0,0.0,1.0,1.0,20000.0,13500.0,5000.0,12000.0,16750.0,8500.0,3800.0,4600.0,249.99000549316406,1355.760009765625,0.0,1000.0,1800.0,150.0,450.0,0.0,10275.75,3400.0,4.135812759399414,7.3913044929504395,0.6000000238418579,0.800000011920929,0.6000000238418579,0.6666666865348816,0.0,0.0,0.0,0.0,1.0,1.0,1.0,3.0,2.0,3.0,7.0,0.0,1.0,1.0,1.0,0.0,1.0,1.0,1.0,1.0,0.0,1.0,0.0
4279,3,1.0,1.0,1.0,0.0,,3.8333332538604736,0.0,2500.0,62.0,1.0,24.75,3.0,1.0,0.0,0.0,0.0,2,0,0,0,0.0,0.0,0.0,0.0,0.0,0.0,0.0,0.0,0.0,0.0,0.0,0.0,0.0,0.0,0.0,1.0,2.5,0.0,1,,0.0,0.0,,,,,,,,1,0,1,0,1,1,0,0,0,0,0,1,1,1,1,0,0,1,1,1,0,0,1,0,0,0,0,0,0,0,2.0,1.0,3000.0,4406.7998046875,-650.0,-650.0,3703.39990234375,-650.0,8.91015338897705,-7.1701202392578125,2.0,0.0,2.0,1.0,11550.0,11000.0,6000.0,4000.0,11275.0,5000.0,1800.0,1000.0,440.17999267578125,203.02000427246094,500.0,2200.0,1500.0,600.0,300.0,50.0,6593.2001953125,4650.0,5.124953269958496,1.8867924213409424,0.6000000238418579,0.20000000298023224,0.800000011920929,0.5333333611488342,0.6000000238418579,0.20000000298023224,0.0,0.2666666805744171,0.0,0.0,0.0,,,,,0.0,0.0,1.0,0.0,0.0,0.0,1.0,0.0,0.0,0.0,0.0,1.0
4281,3,1.0,1.0,0.0,0.0,,3.3333332538604736,0.0,300.0,28.0,0.0,29.25,3.0,1.0,0.0,0.0,27.0,4,3,6,1,0.0,0.0,0.0,0.0,0.0,0.0,0.0,1.0,0.0,0.0,0.0,0.0,0.0,0.0,0.0,0.0,0.0,0.0,1,,0.0,0.0,,,,,,,,0,0,1,0,0,0,0,0,1,0,0,1,1,0,0,0,0,0,0,0,0,0,0,0,0,0,0,0,0,0,0.0,1.0,200.0,474.97998046875,2360.0,2360.0,337.489990234375,2360.0,6.514685153961182,8.459564208984375,0.0,0.0,0.0,0.0,1150.0,1150.0,4000.0,4750.0,1150.0,4375.0,570.0,0.0,60.0099983215332,45.01000213623047,0.0,1150.0,0.0,700.0,540.0,0.0,675.02001953125,2390.0,2.0175437927246094,3.2407407760620117,0.20000000298023224,0.20000000298023224,0.4000000059604645,0.2666666805744171,0.0,0.0,0.0,0.0,1.0,0.0,0.0,,,,,1.0,1.0,1.0,1.0,1.0,1.0,0.0,0.0,0.0,0.0,0.0,0.0
4287,3,1.0,1.0,0.0,0.0,,21.33333396911621,1.0,200.0,70.0,1.0,53.25,0.0,1.0,0.0,0.0,0.0,3,0,0,0,0.0,0.0,1.0,0.0,0.0,0.0,0.0,0.0,0.0,0.0,0.0,0.0,0.0,0.0,0.0,0.0,2.5,1.0,1,,0.0,0.0,,,,,,,,0,1,1,0,0,1,0,0,0,0,0,1,1,0,1,1,0,0,0,0,0,0,0,1,0,0,0,0,0,0,4.5,1.0,5000.0,8603.8095703125,0.0,0.0,6801.90478515625,0.0,9.518105506896973,0.0,2.0,3.0,2.0,1.0,17000.0,23000.0,8000.0,10000.0,20000.0,9000.0,5100.0,7050.0,736.1900024414062,510.0,1000.0,3250.0,4500.0,1350.0,150.0,750.0,14396.1904296875,10000.0,3.5087594985961914,2.3376622200012207,0.4000000059604645,0.20000000298023224,0.6000000238418579,0.4000000059604645,0.20000000298023224,0.20000000298023224,0.0,0.13333334028720856,0.0,0.0,1.0,,,,,1.0,0.0,1.0,0.0,0.0,0.0,1.0,0.0,1.0,0.0,1.0,1.0
4288,3,1.0,1.0,1.0,0.0,2.2849250017888028,17.5,0.0,4000.0,78.0,0.0,33.08333206176758,2.0,1.0,0.0,0.0,13.0,2,1,7,1,0.0,0.0,0.0,0.0,0.0,0.0,0.0,0.0,0.0,0.0,0.0,1.0,0.0,0.0,0.0,0.0,0.0,0.0,9,1.0,1.0,0.0,,,,,,,,1,1,1,1,0,0,1,0,1,1,0,1,1,1,1,0,0,0,0,1,0,0,1,0,0,0,0,0,0,0,1.0,1.0,1200.0,-97.010009765625,-1660.0,-1660.0,551.4949951171875,-1660.0,7.0057806968688965,-8.107720375061035,0.0,1.0,0.0,0.0,1200.0,1900.0,2500.0,1200.0,1550.0,1850.0,160.0,60.0,1012.010009765625,765.0,0.0,1000.0,0.0,540.0,1320.0,0.0,1997.010009765625,2860.0,2.767807722091675,1.423076868057251,0.800000011920929,0.6000000238418579,0.800000011920929,0.7333333492279053,0.20000000298023224,0.20000000298023224,0.0,0.13333334028720856,1.0,1.0,0.0,,,,,0.0,1.0,1.0,1.0,1.0,1.0,0.0,1.0,0.0,0.0,0.0,1.0
4290,3,1.0,1.0,0.0,0.0,,11.75,1.0,35000.0,70.0,0.0,49.0,5.0,1.0,0.0,0.0,0.0,2,0,0,0,0.0,0.0,0.0,0.0,0.0,0.0,0.0,0.0,0.0,0.0,0.0,0.0,0.0,1.0,0.0,0.0,4.0,0.0,1,,0.0,0.0,,,,,,,,1,0,1,0,1,1,1,0,0,1,0,1,1,1,1,0,0,0,0,1,0,0,1,0,1,1,1,0,0,1,3.0,1.0,6000.0,11908.16015625,3100.0,3100.0,8954.080078125,3100.0,9.793011665344238,8.732304573059082,3.0,0.0,4.0,0.0,28000.0,28000.0,30000.0,50000.0,28000.0,40000.0,6375.0,6587.0,1349.8499755859375,1779.989990234375,0.0,36000.0,0.0,7700.0,3200.0,0.0,16091.83984375,46900.0,4.163575172424316,1.1004126071929932,0.6000000238418579,0.6000000238418579,0.800000011920929,0.6666666865348816,0.20000000298023224,0.4000000059604645,0.6000000238418579,0.4000000059604645,0.0,0.0,1.0,,,,,1.0,0.0,1.0,0.0,0.0,0.0,1.0,1.0,1.0,1.0,1.0,1.0
4292,3,1.0,1.0,0.0,1.0,11.942865356437283,2.5,0.0,2000.0,45.0,0.0,32.08333206176758,0.0,1.0,0.0,1.0,7.0,2,1,7,1,0.0,0.0,0.0,0.0,1.0,0.0,0.0,0.0,0.0,0.0,0.0,0.0,0.0,0.0,0.0,0.0,3.0,0.0,1,7.0,1.0,1.0,2.0,6.0,6.5,6.0,6.0,6.0,2250.0,1,0,1,1,1,0,0,1,1,0,1,1,1,1,1,1,1,1,1,1,1,1,0,1,0,1,1,1,1,0,0.0,0.0,0.0,0.0,1590.0,1590.0,0.0,1590.0,0.0,8.06463623046875,0.0,0.0,0.0,3.0,0.0,0.0,900.0,5000.0,0.0,2950.0,0.0,0.0,0.0,0.0,0.0,2000.0,500.0,710.0,200.0,0.0,0.0,3410.0,15.121163368225098,1.4047619104385376,0.800000011920929,0.4000000059604645,1.0,0.7333333492279053,1.0,0.6000000238418579,0.800000011920929,0.800000011920929,1.0,0.0,0.0,9.0,5.0,9.0,10.0,0.0,1.0,1.0,1.0,1.0,1.0,1.0,0.0,0.0,0.0,0.0,0.0
4297,3,1.0,1.0,0.0,1.0,11.007582508026184,10.416666984558105,0.0,0.0,48.0,1.0,31.5,2.0,0.0,1.0,1.0,0.0,3,0,0,0,0.0,0.0,0.0,0.0,0.0,0.0,0.0,0.0,0.0,0.0,0.0,1.0,0.0,0.0,0.0,0.0,3.5,0.0,9,8.0,1.0,1.0,4.0,3.0,7.0,7.0,7.0,1.0,1250.0,1,1,1,1,1,1,0,0,0,0,1,1,1,1,0,0,1,0,0,0,0,1,0,0,0,0,0,0,0,0,2.0,1.0,2700.0,3190.639892578125,4970.0,4970.0,2945.31982421875,4970.0,8.681119918823242,9.20432186126709,1.0,1.0,1.0,4.0,6000.0,6500.0,5000.0,8000.0,6250.0,6500.0,600.0,2000.0,411.8599853515625,297.5,0.0,300.0,2000.0,580.0,150.0,0.0,3309.360107421875,3030.0,8.929081916809082,17.105262756347656,1.0,0.20000000298023224,0.800000011920929,0.6666666865348816,0.20000000298023224,0.20000000298023224,0.0,0.13333334028720856,0.0,1.0,1.0,9.0,5.0,12.0,5.0,0.0,0.0,1.0,0.0,0.0,0.0,1.0,0.0,0.0,1.0,0.0,1.0
4298,3,0.0,1.0,1.0,0.0,,4.916666507720947,0.0,3500.0,53.0,0.0,36.16666793823242,1.0,0.0,1.0,1.0,0.0,1,0,0,0,0.0,0.0,0.0,0.0,0.0,0.0,0.0,0.0,1.0,0.0,0.0,0.0,0.0,0.0,0.0,0.0,1.0,1.0,3,,0.0,0.0,,,,,,,,,,,,,,,,,,,,,,,,,,,,,,,,,,,,,,0.0,1.0,2500.0,2561.16015625,-3628.0,-3628.0,2530.580078125,-3628.0,8.529351234436035,-8.889583587646484,0.0,0.0,1.0,0.0,8000.0,14500.0,4000.0,6000.0,11250.0,5000.0,6375.0,0.0,4480.08984375,1083.75,0.0,2638.0,1200.0,4450.0,1340.0,0.0,11938.83984375,9628.0,1.7647058963775635,1.8953752517700195,,,,,,,,,0.0,0.0,1.0,,,,,0.0,0.0,0.0,0.0,0.0,0.0,0.0,1.0,0.0,1.0,0.0,1.0
4300,3,1.0,1.0,1.0,0.0,,3.8333332538604736,1.0,1000.0,40.0,0.0,24.75,0.0,1.0,0.0,1.0,12.0,4,3,7,5,0.0,0.0,0.0,0.0,0.0,0.0,0.0,0.0,0.0,0.0,0.0,1.0,0.0,0.0,0.0,0.0,2.0,0.0,1,,0.0,0.0,,,,,,,,0,0,0,0,0,0,0,0,0,0,0,0,0,0,0,0,0,0,0,0,0,0,0,0,0,0,0,0,0,0,0.0,0.0,0.0,0.0,1870.0,1870.0,0.0,1870.0,0.0,8.22684097290039,0.0,0.0,0.0,4.0,0.0,0.0,2500.0,2800.0,0.0,2650.0,0.0,0.0,0.0,0.0,0.0,150.0,0.0,710.0,70.0,0.0,0.0,930.0,15.121163368225098,10.600000381469727,0.0,0.0,0.0,0.0,0.0,0.0,0.0,0.0,1.0,0.0,1.0,,,,,0.0,1.0,1.0,1.0,1.0,1.0,1.0,0.0,1.0,0.0,0.0,1.0
4301,3,1.0,1.0,0.0,1.0,2.2383462630827387,0.4166666865348816,1.0,174.0,27.0,1.0,41.25,4.0,1.0,0.0,1.0,0.0,2,2,3,3,0.0,0.0,0.0,0.0,0.0,0.0,0.0,0.0,0.0,0.0,0.0,0.0,0.0,0.0,0.0,0.0,1.0,0.0,3,8.0,1.0,1.0,5.5,6.0,6.0,5.0,6.0,6.0,325.0,1,1,1,1,0,1,1,0,0,0,0,1,1,0,1,0,1,0,0,0,0,1,0,0,0,0,0,0,0,0,0.0,1.0,1500.0,1249.3900146484375,694.0,694.0,1374.695068359375,694.0,7.919134616851807,7.23561954498291,0.0,0.0,1.0,0.0,490.0,2732.0,2800.0,2800.0,1611.0,2800.0,1261.27001953125,0.0,93.83999633789062,127.5,0.0,1271.0,75.0,300.0,460.0,0.0,1482.6099853515625,2106.0,1.277284026145935,2.2029898166656494,0.800000011920929,0.4000000059604645,0.6000000238418579,0.6000000238418579,0.20000000298023224,0.20000000298023224,0.0,0.13333334028720856,1.0,0.0,0.0,,,6.0,13.0,0.0,0.0,1.0,1.0,1.0,1.0,0.0,0.0,1.0,0.0,0.0,0.0
4304,3,1.0,1.0,0.0,1.0,6.786024592781971,4.916666507720947,0.0,70.0,60.0,0.0,26.0,7.0,1.0,0.0,0.0,0.0,10,3,6,2,0.0,0.0,0.0,0.0,0.0,0.0,1.0,0.0,0.0,0.0,0.0,0.0,0.0,0.0,0.0,0.0,0.5,0.0,6,6.0,1.0,1.0,3.0,3.0,6.0,5.0,6.0,7.0,75.0,0,1,1,1,1,1,0,1,1,1,1,1,1,1,1,0,0,0,0,0,0,0,0,1,0,1,1,1,1,0,0.0,1.0,2000.0,4041.380859375,1127.0,1127.0,3020.6904296875,1127.0,8.706387519836426,7.720461845397949,0.0,0.0,0.0,1.0,5000.0,29750.0,2000.0,10800.0,17375.0,6400.0,23587.5,0.0,2057.3701171875,63.75,0.0,8563.0,930.0,180.0,0.0,0.0,25708.619140625,9673.0,0.7335092425346375,0.7474015951156616,0.800000011920929,0.800000011920929,1.0,0.8666666746139526,0.0,0.20000000298023224,0.800000011920929,0.3333333432674408,1.0,1.0,0.0,2.0,2.0,6.0,6.0,0.0,0.0,1.0,1.0,1.0,1.0,0.0,0.0,0.0,0.0,0.0,1.0
4308,3,1.0,1.0,0.0,0.0,,9.75,0.0,2500.0,48.0,1.0,42.0,4.0,1.0,0.0,1.0,0.0,2,1,1,1,0.0,0.0,0.0,0.0,0.0,0.0,0.0,1.0,0.0,0.0,0.0,0.0,0.0,0.0,0.0,0.0,1.0,0.0,1,,0.0,0.0,,,,,,,,0,0,0,1,1,0,0,0,1,0,1,1,1,1,1,1,0,0,0,1,0,0,1,1,1,0,0,0,0,0,0.0,1.0,0.0,0.0,600.0,600.0,0.0,600.0,0.0,7.0900774002075195,0.0,0.0,0.0,1.0,0.0,0.0,4000.0,4000.0,0.0,4000.0,0.0,0.0,0.0,0.0,0.0,3000.0,0.0,150.0,250.0,0.0,0.0,3400.0,15.121163368225098,1.3333333730697632,0.4000000059604645,0.20000000298023224,1.0,0.5333333611488342,0.4000000059604645,0.6000000238418579,0.0,0.3333333432674408,0.0,0.0,0.0,,,,,1.0,0.0,1.0,1.0,0.0,1.0,0.0,0.0,0.0,0.0,0.0,1.0
4312,3,1.0,1.0,0.0,1.0,16.786256042334806,14.666666984558105,1.0,2000.0,56.0,1.0,45.25,2.0,1.0,0.0,0.0,0.0,2,0,0,0,0.0,0.0,0.0,0.0,0.0,0.0,0.0,1.0,0.0,0.0,0.0,0.0,0.0,0.0,0.0,0.0,2.0,0.0,6,8.0,1.0,1.0,3.0,1.0,6.0,1.0,6.0,4.0,75.0,1,1,1,1,1,1,1,1,1,1,1,1,1,1,1,1,1,1,1,1,1,1,1,0,1,1,1,0,0,1,1.0,1.0,1000.0,1787.679931640625,4000.0,4000.0,1393.8399658203125,4000.0,7.932965278625488,8.987196922302246,1.0,0.0,1.0,2.0,5000.0,5000.0,4000.0,15600.0,5000.0,9800.0,1600.0,1062.5,449.82000732421875,100.0,0.0,8700.0,800.0,1700.0,400.0,0.0,3212.320068359375,11600.0,3.125,1.076923131942749,1.0,1.0,1.0,1.0,1.0,0.800000011920929,0.6000000238418579,0.800000011920929,0.0,1.0,1.0,4.0,3.0,0.0,6.0,0.0,0.0,1.0,0.0,0.0,0.0,1.0,0.0,1.0,1.0,1.0,1.0
4314,3,1.0,1.0,0.0,0.0,,27.83333396911621,0.0,0.0,52.0,1.0,55.41666793823242,1.0,1.0,0.0,0.0,22.0,3,2,2,1,0.0,0.0,1.0,0.0,0.0,0.0,0.0,0.0,0.0,0.0,0.0,0.0,0.0,0.0,0.0,0.0,0.0,0.0,1,,0.0,0.0,,,,,,,,1,0,0,0,0,1,0,0,1,0,0,0,1,0,1,0,0,0,0,0,0,0,0,0,0,0,0,0,0,0,0.0,1.0,6500.0,6198.02001953125,1607.0,1607.0,6349.009765625,1607.0,9.449201583862305,8.075271606445312,0.0,0.0,0.0,0.0,9800.0,9800.0,1400.0,2790.0,9800.0,2095.0,3000.0,0.0,261.9800109863281,340.0,0.0,900.0,0.0,203.0,80.0,0.0,3601.97998046875,1183.0,3.0153939723968506,2.2287232875823975,0.20000000298023224,0.4000000059604645,0.4000000059604645,0.3333333432674408,0.0,0.0,0.0,0.0,1.0,0.0,0.0,,,,,1.0,1.0,1.0,1.0,0.0,1.0,0.0,0.0,0.0,1.0,0.0,1.0
4317,3,1.0,1.0,0.0,0.0,,14.833333015441895,0.0,7000.0,98.0,0.0,44.91666793823242,3.0,1.0,0.0,0.0,26.0,2,0,0,0,0.0,0.0,0.0,0.0,0.0,0.0,1.0,0.0,0.0,0.0,0.0,0.0,0.0,0.0,0.0,0.0,0.0,0.0,8,,0.0,0.0,,,,,,,,1,1,1,0,0,0,0,1,1,0,0,1,1,1,1,0,1,1,1,1,1,1,1,0,0,0,0,0,0,0,0.0,1.0,1500.0,4062.580078125,-1100.0,-1100.0,2781.2900390625,-1100.0,8.623817443847656,-7.6962127685546875,0.0,0.0,0.0,0.0,17850.0,13000.0,12000.0,12000.0,15425.0,12000.0,8100.0,0.0,837.4199829101562,0.0,0.0,12000.0,0.0,450.0,150.0,500.0,8937.419921875,13100.0,1.7653790712356567,0.9958506226539612,0.6000000238418579,0.4000000059604645,0.800000011920929,0.6000000238418579,0.800000011920929,0.6000000238418579,0.0,0.46666666865348816,0.0,1.0,1.0,,,,,1.0,1.0,1.0,0.0,0.0,0.0,0.0,1.0,0.0,0.0,1.0,1.0
4321,3,1.0,1.0,0.0,1.0,2.0002155074848997,3.5,0.0,6050.0,73.5,0.0,52.25,3.0,0.0,1.0,0.0,42.0,4,2,7,7,0.0,0.0,0.0,0.0,0.0,0.0,0.0,0.0,0.0,0.0,0.0,1.0,0.0,0.0,0.0,0.0,1.0,0.0,9,8.0,1.0,1.0,5.0,6.0,6.0,3.0,6.0,5.0,2250.0,0,0,1,0,0,0,0,0,0,0,0,0,1,0,1,0,0,0,0,0,0,0,0,0,0,0,0,0,0,0,1.0,1.0,4000.0,4268.0,2050.0,2050.0,4134.0,2050.0,9.020148277282715,8.318742752075195,0.0,1.0,1.0,0.0,4500.0,7300.0,4000.0,5000.0,5900.0,4500.0,849.9600219726562,650.0,1013.75,518.2899780273438,0.0,720.0,930.0,1000.0,300.0,0.0,3032.0,2950.0,6.4133219718933105,5.844155788421631,0.20000000298023224,0.0,0.4000000059604645,0.20000000298023224,0.0,0.0,0.0,0.0,1.0,1.0,1.0,6.0,2.0,3.0,6.0,0.0,1.0,1.0,1.0,1.0,1.0,0.0,1.0,0.0,1.0,0.0,1.0
4325,3,1.0,1.0,0.0,1.0,0.6127520643289311,7.916666507720947,1.0,90000.0,60.0,0.0,36.0,1.0,0.0,1.0,1.0,0.0,2,0,0,0,0.0,0.0,0.0,1.0,0.0,0.0,0.0,0.0,0.0,0.0,0.0,0.0,0.0,0.0,0.0,0.0,0.0,0.0,9,7.0,1.0,1.0,4.0,5.0,7.0,7.0,7.0,6.0,1750.0,1,1,1,1,0,1,1,0,1,1,0,1,0,0,1,0,1,0,0,1,1,1,0,1,1,0,0,0,0,1,1.0,1.0,4000.0,3600.150390625,5100.0,5100.0,3800.0751953125,5100.0,8.93592357635498,9.230142593383789,1.0,0.0,0.0,0.0,14000.0,14000.0,3000.0,37500.0,14000.0,20250.0,7000.0,1200.0,1899.8399658203125,300.010009765625,0.0,24000.0,3000.0,2650.0,2750.0,0.0,10399.849609375,32400.0,1.944441795349121,0.836776852607727,0.800000011920929,0.800000011920929,0.4000000059604645,0.6666666865348816,0.4000000059604645,0.800000011920929,0.20000000298023224,0.46666666865348816,0.0,1.0,1.0,2.0,3.0,4.0,6.0,0.0,0.0,1.0,0.0,0.0,0.0,0.0,1.0,1.0,1.0,1.0,1.0
4327,3,1.0,1.0,1.0,0.0,3.5296151131351867,2.5,1.0,0.0,60.0,1.0,35.0,2.0,1.0,0.0,0.0,0.0,2,3,5,3,0.0,0.0,0.0,0.0,0.0,0.0,0.0,0.0,0.0,0.0,0.0,1.0,0.0,0.0,0.0,0.0,1.0,0.0,1,7.0,1.0,1.0,,,6.0,2.0,6.0,6.0,75.0,1,1,1,0,1,1,1,0,0,1,1,1,1,1,1,1,1,1,1,1,1,0,0,1,1,1,0,0,0,0,1.0,1.0,0.0,990.0,-440.0,-440.0,495.0,-440.0,6.897706031799316,-6.779922962188721,1.0,0.0,0.0,1.0,1000.0,1000.0,1800.0,3360.0,1000.0,2580.0,10.0,0.0,0.0,0.0,0.0,3200.0,0.0,150.0,450.0,0.0,10.0,3800.0,100.0,0.7818182110786438,0.800000011920929,0.6000000238418579,1.0,0.800000011920929,1.0,0.6000000238418579,0.20000000298023224,0.6000000238418579,1.0,0.0,0.0,4.0,4.0,5.0,8.0,0.0,0.0,1.0,1.0,1.0,1.0,0.0,0.0,1.0,0.0,0.0,0.0
4328,3,1.0,1.0,0.0,0.0,,8.5,0.0,1500.0,45.0,1.0,40.08333206176758,0.0,1.0,0.0,0.0,0.0,3,5,3,4,0.0,0.0,0.0,0.0,0.0,0.0,0.0,0.0,0.0,1.0,0.0,0.0,0.0,0.0,0.0,0.0,8.5,0.0,1,,0.0,0.0,,,,,,,,0,0,0,0,1,0,1,0,0,0,0,1,1,1,1,0,0,0,0,0,0,0,0,0,0,0,0,0,0,0,1.0,1.0,1850.0,1546.509765625,-300.0,-300.0,1698.2548828125,-300.0,8.13050365447998,-6.396932601928711,0.0,2.0,8.0,1.0,10625.0,7800.0,10000.0,10000.0,9212.5,10000.0,3779.989990234375,425.0,1538.5,510.0,0.0,5600.0,2000.0,1800.0,900.0,0.0,6253.490234375,10300.0,2.437175750732422,1.6393442153930664,0.20000000298023224,0.20000000298023224,0.800000011920929,0.4000000059604645,0.0,0.0,0.0,0.0,1.0,0.0,1.0,,,,,1.0,0.0,1.0,1.0,1.0,1.0,1.0,0.0,0.0,0.0,1.0,1.0
4330,3,1.0,1.0,1.0,0.0,2.0766261731135875,5.666666507720947,0.0,0.0,63.0,0.0,54.66666793823242,2.0,1.0,0.0,0.0,32.0,2,4,7,7,0.0,0.0,0.0,1.0,0.0,0.0,0.0,0.0,0.0,0.0,0.0,0.0,0.0,0.0,0.0,0.0,0.0,0.0,9,8.0,1.0,1.0,5.0,6.0,7.0,6.0,6.5,7.0,75.0,0,0,1,1,1,1,0,0,1,1,0,0,0,1,1,0,0,0,0,0,0,0,1,0,0,0,0,0,0,0,2.0,1.0,150.0,519.97998046875,1050.0,1050.0,334.989990234375,1050.0,6.50724983215332,7.649693012237549,1.0,1.0,0.0,0.0,4500.0,4500.0,3600.0,3600.0,4500.0,3600.0,3100.0,0.0,795.02001953125,85.0,0.0,2400.0,0.0,0.0,150.0,0.0,3980.02001953125,2550.0,1.3432875871658325,1.5,0.6000000238418579,0.6000000238418579,0.4000000059604645,0.5333333611488342,0.0,0.20000000298023224,0.0,0.06666667014360428,1.0,1.0,0.0,4.0,1.0,5.0,6.0,0.0,1.0,1.0,1.0,1.0,1.0,0.0,0.0,0.0,0.0,0.0,1.0
4334,3,1.0,1.0,0.0,0.0,,1.0833333730697632,0.0,400.0,32.0,0.0,43.33333206176758,4.0,1.0,0.0,1.0,0.0,0,0,0,0,0.0,0.0,0.0,0.0,0.0,0.0,0.0,0.0,0.0,0.0,0.0,0.0,0.0,0.0,0.0,0.0,0.0,0.0,1,,0.0,0.0,,,,,,,,0,0,0,0,0,0,0,0,0,0,0,0,0,0,0,0,0,0,0,0,0,0,0,0,0,0,0,0,0,0,0.0,0.0,0.0,0.0,370.0,370.0,0.0,370.0,0.0,6.606651782989502,0.0,0.0,0.0,0.0,0.0,0.0,1500.0,1500.0,0.0,1500.0,0.0,0.0,0.0,0.0,0.0,960.0,0.0,120.0,50.0,0.0,0.0,1130.0,15.121163368225098,1.5625,0.0,0.0,0.0,0.0,0.0,0.0,0.0,0.0,0.0,0.0,0.0,,,,,1.0,0.0,0.0,0.0,0.0,0.0,0.0,0.0,0.0,0.0,0.0,0.0
5003,3,1.0,1.0,0.0,0.0,,27.91666603088379,0.0,15000.0,52.0,1.0,60.91666793823242,4.0,1.0,0.0,0.0,0.0,3,1,6,3,0.0,0.0,0.0,0.0,0.0,0.0,1.0,0.0,0.0,0.0,0.0,0.0,0.0,0.0,0.0,0.0,2.0,0.0,4,,0.0,0.0,,,,,,,,1,1,1,1,1,1,1,1,1,1,0,1,1,1,1,0,0,0,0,0,0,0,0,0,0,0,0,0,0,0,2.0,1.0,4425.0,3988.810546875,786.0,786.0,4206.9052734375,786.0,9.037630081176758,7.360104560852051,1.0,1.0,2.0,0.0,19850.0,20000.0,5000.0,5000.0,19925.0,5000.0,12750.0,1900.0,1106.18994140625,255.0,0.0,3000.0,1000.0,64.0,150.0,0.0,16011.189453125,4214.0,1.5627450942993164,1.6666666269302368,1.0,1.0,0.800000011920929,0.9333333373069763,0.0,0.0,0.0,0.0,1.0,0.0,1.0,,,,,1.0,0.0,1.0,1.0,1.0,1.0,1.0,1.0,0.0,0.0,0.0,1.0
5004,3,1.0,1.0,0.0,1.0,0.950303527481282,12.166666984558105,0.0,10000.0,70.0,1.0,42.41666793823242,6.0,0.0,1.0,0.0,0.0,7,0,0,0,0.0,0.0,0.0,0.0,0.0,0.0,0.0,0.0,0.0,0.0,0.0,1.0,0.0,0.0,0.0,0.0,5.0,0.0,9,1.0,1.0,0.0,,,,,,,,0,0,0,0,0,0,1,0,1,1,0,1,1,0,0,0,0,0,0,0,0,0,0,0,0,0,0,0,0,0,6.0,1.0,10000.0,8886.25,140.0,140.0,9443.125,140.0,9.846189498901367,5.634802341461182,4.0,4.0,2.0,5.0,25000.0,45000.0,18000.0,18000.0,35000.0,18000.0,22950.0,7575.0,4250.0,1338.75,0.0,9180.0,7000.0,1180.0,500.0,0.0,36113.75,17860.0,1.4447884559631348,1.9088016748428345,0.0,0.6000000238418579,0.4000000059604645,0.3333333432674408,0.0,0.0,0.0,0.0,0.0,1.0,1.0,,,,,0.0,0.0,1.0,0.0,0.0,0.0,1.0,1.0,0.0,0.0,1.0,1.0
5007,3,1.0,1.0,1.0,0.0,6.408928601642881,1.3333333730697632,0.0,3000.0,54.0,0.0,42.08333206176758,2.0,1.0,0.0,1.0,32.0,3,3,7,3,0.0,0.0,0.0,0.0,0.0,0.0,0.0,0.0,0.0,0.0,0.0,0.0,0.0,0.0,1.0,0.0,0.5,0.0,9,8.0,1.0,1.0,3.5,6.0,6.0,7.0,6.5,7.0,750.0,1,1,0,0,1,0,0,1,1,0,1,1,1,1,1,1,1,1,1,1,1,1,1,1,1,1,1,1,1,1,0.5,1.0,9180.0,9608.76953125,5013.0,5013.0,9394.384765625,5013.0,9.841014862060547,9.212937355041504,0.0,1.0,0.0,1.0,14930.0,14930.0,1000.0,10640.0,14930.0,5820.0,2591.739990234375,1493.0,829.9700317382812,406.5199890136719,0.0,1847.0,2000.0,1180.0,600.0,0.0,5321.22998046875,5627.0,5.651620864868164,2.9892141819000244,0.6000000238418579,0.4000000059604645,1.0,0.6666666865348816,1.0,1.0,1.0,1.0,1.0,1.0,0.0,12.0,7.0,10.0,10.0,0.0,1.0,1.0,1.0,1.0,1.0,0.0,0.0,0.0,1.0,0.0,0.0
5009,3,1.0,1.0,1.0,0.0,,2.75,0.0,90.0,75.0,0.0,35.5,1.0,1.0,0.0,0.0,0.0,5,0,0,0,0.0,0.0,0.0,0.0,0.0,0.0,0.0,0.0,0.0,0.0,0.0,0.0,0.0,0.0,0.0,0.0,0.0,0.0,8,,0.0,0.0,,,,,,,,1,1,0,0,0,1,0,1,1,1,0,1,1,0,1,1,0,0,0,1,0,0,0,0,0,1,1,0,0,0,0.0,1.0,5000.0,3337.25,1574.0,1574.0,4168.625,1574.0,9.028489112854004,8.054522514343262,0.0,0.0,0.0,0.0,6000.0,6000.0,3000.0,3000.0,6000.0,3000.0,1827.5,0.0,112.75,722.5,0.0,866.0,0.0,510.0,50.0,0.0,2662.75,1426.0,3.2831737995147705,3.464203119277954,0.4000000059604645,0.800000011920929,0.6000000238418579,0.6000000238418579,0.4000000059604645,0.0,0.4000000059604645,0.2666666805744171,0.0,1.0,0.0,,,,,0.0,0.0,1.0,0.0,0.0,0.0,0.0,0.0,0.0,1.0,0.0,0.0
5012,3,1.0,1.0,0.0,0.0,,2.4166667461395264,0.0,1500.0,90.0,1.0,27.5,0.0,1.0,0.0,1.0,0.0,3,0,0,0,0.0,0.0,0.0,0.0,0.0,0.0,0.0,0.0,0.0,0.0,0.0,1.0,0.0,0.0,0.0,0.0,0.0,0.0,9,,0.0,0.0,,,,,,,,0,0,0,0,0,0,0,0,0,0,0,0,0,0,0,0,0,0,0,0,0,0,0,0,0,0,0,0,0,0,0.0,0.0,0.0,0.0,9370.0,9370.0,0.0,9370.0,0.0,9.838415145874023,0.0,0.0,0.0,0.0,0.0,0.0,12000.0,12000.0,0.0,12000.0,0.0,0.0,0.0,0.0,0.0,1200.0,0.0,730.0,700.0,0.0,0.0,2630.0,15.121163368225098,9.375,0.0,0.0,0.0,0.0,0.0,0.0,0.0,0.0,0.0,1.0,0.0,,,,,1.0,0.0,1.0,0.0,0.0,0.0,0.0,0.0,0.0,0.0,1.0,0.0
5013,3,1.0,1.0,1.0,0.0,,1.0,1.0,5000.0,50.0,1.0,35.91666793823242,4.0,1.0,0.0,1.0,0.0,5,1,7,1,0.0,1.0,0.0,0.0,0.0,0.0,0.0,0.0,0.0,0.0,0.0,0.0,0.0,0.0,0.0,0.0,7.0,0.0,5,,0.0,0.0,,,,,,,,1,0,1,0,0,1,0,0,0,0,0,1,0,0,1,1,1,0,0,1,1,1,0,0,0,1,1,1,0,1,2.5,1.0,8000.0,9139.990234375,42910.0,42910.0,8569.9951171875,42910.0,9.74916934967041,11.360007286071777,0.0,4.0,7.0,0.0,15000.0,18100.0,25713.0,77000.0,16550.0,51356.5,3215.25,3900.0,1799.7900390625,44.970001220703125,0.0,0.0,28000.0,3300.0,2790.0,0.0,8960.009765625,34090.0,4.395516872406006,42.79708480834961,0.4000000059604645,0.20000000298023224,0.4000000059604645,0.3333333432674408,0.6000000238418579,0.4000000059604645,0.800000011920929,0.6000000238418579,1.0,0.0,1.0,,,,,0.0,0.0,1.0,1.0,1.0,1.0,1.0,1.0,1.0,1.0,1.0,0.0
5014,3,1.0,1.0,0.0,0.0,,4.0,1.0,20000.0,77.0,1.0,30.41666603088379,3.0,1.0,0.0,1.0,0.0,0,0,0,0,1.0,0.0,0.0,0.0,0.0,0.0,0.0,0.0,0.0,0.0,0.0,0.0,0.0,0.0,0.0,0.0,2.0,1.0,5,,0.0,0.0,,,,,,,,0,0,0,0,0,0,0,0,0,0,0,0,0,0,0,0,0,0,0,0,0,0,0,0,0,0,0,0,0,0,0.0,0.0,0.0,0.0,3510.0,3510.0,0.0,3510.0,0.0,8.856518745422363,0.0,0.0,2.0,0.0,0.0,0.0,60000.0,36500.0,0.0,48250.0,0.0,0.0,0.0,0.0,0.0,7000.0,7500.0,7870.0,5620.0,5000.0,0.0,32990.0,15.121163368225098,6.7766852378845215,0.0,0.0,0.0,0.0,0.0,0.0,0.0,0.0,0.0,0.0,1.0,,,,,1.0,0.0,0.0,0.0,0.0,0.0,1.0,1.0,1.0,1.0,1.0,1.0
5018,3,1.0,1.0,0.0,1.0,8.059371125007834,2.8333332538604736,1.0,3000.0,50.0,1.0,53.58333206176758,3.0,1.0,0.0,0.0,0.0,2,4,7,3,0.0,0.0,0.0,0.0,0.0,0.0,0.0,0.0,0.0,0.0,0.0,0.0,1.0,0.0,0.0,0.0,4.5,0.0,5,7.0,1.0,1.0,3.0,4.5,6.5,2.0,7.0,6.0,1250.0,0,1,0,0,0,1,1,0,1,1,0,1,1,1,1,1,1,0,0,0,0,0,0,0,0,0,0,0,0,0,6.0,1.0,5500.0,3054.349609375,4200.0,4200.0,4277.1748046875,4200.0,9.054195404052734,9.03598690032959,4.0,2.0,2.0,4.0,14800.0,14800.0,15000.0,22000.0,14800.0,18500.0,2500.0,8450.0,449.8599853515625,345.7900085449219,0.0,2000.0,13200.0,350.0,2250.0,0.0,11745.650390625,17800.0,5.920000076293945,9.25,0.20000000298023224,0.800000011920929,0.800000011920929,0.6000000238418579,0.4000000059604645,0.0,0.0,0.13333334028720856,1.0,0.0,1.0,1.0,3.0,8.0,11.0,0.0,0.0,1.0,1.0,1.0,1.0,1.0,0.0,1.0,0.0,1.0,0.0
5019,3,1.0,1.0,0.0,0.0,,7.583333492279053,0.0,500.0,70.0,1.0,40.0,2.0,0.0,1.0,1.0,0.0,3,1,3,4,0.0,0.0,0.0,0.0,0.0,0.0,0.0,0.0,0.0,0.0,0.0,0.0,1.0,0.0,0.0,0.0,0.0,0.0,9,,0.0,0.0,,,,,,,,1,0,1,0,0,0,0,0,0,1,0,0,1,1,1,0,1,1,0,1,1,1,1,1,1,0,0,0,0,1,0.0,1.0,2000.0,4017.31005859375,3990.0,3990.0,3008.655029296875,3990.0,8.70239543914795,8.98469352722168,0.0,0.0,0.0,0.0,3500.0,7000.0,8000.0,10500.0,5250.0,9250.0,500.0,0.0,457.8600158691406,2024.8299560546875,0.0,800.0,0.0,2810.0,2900.0,0.0,2982.68994140625,6510.0,9.545802116394043,4.004329204559326,0.4000000059604645,0.20000000298023224,0.6000000238418579,0.4000000059604645,0.6000000238418579,1.0,0.20000000298023224,0.6000000238418579,1.0,1.0,0.0,12.0,3.0,14.0,11.0,1.0,0.0,1.0,1.0,1.0,1.0,0.0,0.0,0.0,0.0,1.0,1.0
5020,3,1.0,1.0,0.0,0.0,,0.6666666865348816,0.0,4000.0,70.0,1.0,29.91666603088379,2.0,1.0,0.0,1.0,0.0,2,1,7,2,0.0,0.0,0.0,0.0,0.0,0.0,0.0,0.0,0.0,0.0,0.0,0.0,1.0,0.0,0.0,0.0,0.0,0.0,1,,0.0,0.0,,,,,,,,1,0,1,0,1,1,1,0,0,0,0,0,1,1,1,0,0,0,0,0,0,0,0,0,0,0,0,0,0,0,0.0,1.0,150.0,47.529998779296875,1200.0,1200.0,98.76499938964844,1200.0,5.285916328430176,7.783224105834961,0.0,0.0,0.0,0.0,255.0,255.0,1800.0,1800.0,255.0,1800.0,147.5,0.0,59.970001220703125,0.0,0.0,600.0,0.0,0.0,0.0,0.0,207.47000122070312,600.0,1.229093313217163,3.0,0.6000000238418579,0.4000000059604645,0.6000000238418579,0.5333333611488342,0.0,0.0,0.0,0.0,1.0,0.0,0.0,,,,,1.0,0.0,1.0,1.0,1.0,1.0,0.0,1.0,0.0,0.0,0.0,0.0
5021,3,0.0,1.0,0.0,1.0,,0.6666666865348816,0.0,10000.0,50.0,0.0,28.16666603088379,0.0,1.0,0.0,1.0,0.0,3,3,4,3,0.0,0.0,0.0,0.0,0.0,0.0,0.0,0.0,0.0,0.0,0.0,0.0,0.0,0.0,0.0,0.0,1.0,0.0,5,,0.0,0.0,,,,,,,,,,,,,,,,,,,,,,,,,,,,,,,,,,,,,,1.0,1.0,2800.0,3344.759765625,-2380.0,-2380.0,3072.3798828125,-2380.0,8.723355293273926,-8.468003273010254,0.0,1.0,0.0,1.0,11520.0,11520.0,8000.0,6002.0,11520.0,7001.0,120.0,0.0,7999.990234375,55.25,0.0,63.0,500.0,6500.0,1319.0,0.0,8175.240234375,8382.0,96.0,111.12698364257812,,,,,,,,,1.0,0.0,0.0,,,,,0.0,0.0,1.0,1.0,1.0,1.0,0.0,1.0,0.0,0.0,0.0,0.0
5023,3,1.0,1.0,0.0,1.0,9.306812364136984,1.0,0.0,500.0,70.0,1.0,36.66666793823242,0.0,0.0,1.0,1.0,1.0,3,0,0,0,0.0,0.0,0.0,0.0,0.0,0.0,0.0,0.0,0.0,0.0,0.0,1.0,0.0,0.0,0.0,0.0,1.0,0.0,9,7.0,1.0,1.0,4.0,3.0,6.5,6.0,6.0,5.0,325.0,1,0,0,1,1,0,1,1,1,0,0,1,1,0,1,0,0,0,0,1,1,1,0,0,1,1,0,0,0,1,2.5,1.0,8000.0,7833.0390625,4673.0,4673.0,7916.51953125,4673.0,9.669854164123535,9.142704010009766,0.0,3.0,1.0,0.0,8000.0,32000.0,8000.0,15000.0,20000.0,11500.0,18500.0,4500.0,1068.5699462890625,98.38999938964844,0.0,8672.0,1500.0,145.0,10.0,0.0,24166.9609375,10327.0,1.0723872184753418,1.310989499092102,0.6000000238418579,0.6000000238418579,0.6000000238418579,0.6000000238418579,0.20000000298023224,0.6000000238418579,0.4000000059604645,0.4000000059604645,0.0,1.0,0.0,,,4.0,11.0,0.0,1.0,1.0,0.0,0.0,0.0,0.0,0.0,0.0,0.0,1.0,0.0
5024,3,1.0,1.0,0.0,0.0,,1.25,1.0,4000.0,70.0,0.0,24.91666603088379,0.0,1.0,0.0,0.0,0.0,2,3,4,1,0.0,0.0,0.0,0.0,0.0,0.0,0.0,0.0,0.0,0.0,0.0,0.0,0.0,0.0,0.0,0.0,3.0,0.0,9,,0.0,0.0,,,,,,,,1,1,0,0,0,1,1,1,1,0,0,1,1,1,0,1,1,1,1,1,1,1,1,1,1,1,1,1,1,1,2.0,1.0,6000.0,5972.3603515625,11890.0,11890.0,5986.18017578125,11890.0,9.390356063842773,10.076600074768066,2.0,0.0,2.0,1.0,12000.0,15000.0,15000.0,18000.0,13500.0,16500.0,6800.0,1700.0,400.1400146484375,127.5,0.0,2000.0,1000.0,1800.0,860.0,450.0,9027.6396484375,6110.0,1.9852941036224365,8.25,0.4000000059604645,0.800000011920929,0.6000000238418579,0.6000000238418579,1.0,1.0,1.0,1.0,1.0,1.0,1.0,,,,,1.0,0.0,1.0,1.0,1.0,1.0,1.0,1.0,1.0,1.0,1.0,0.0
5025,3,1.0,1.0,1.0,0.0,1.7803787932602573,3.5,0.0,1200.0,52.0,1.0,30.5,2.0,0.0,1.0,1.0,0.0,3,1,4,3,0.0,0.0,0.0,0.0,0.0,0.0,0.0,0.0,0.0,0.0,0.0,1.0,0.0,0.0,0.0,0.0,0.0,0.0,9,7.0,1.0,1.0,1.0,2.5,7.0,6.0,7.0,6.0,75.0,0,0,1,1,1,1,0,0,1,1,0,1,1,0,0,1,0,0,0,0,0,0,0,0,0,1,1,0,0,0,3.0,1.0,2000.0,1494.429931640625,-1374.0,-1374.0,1747.2149658203125,-1374.0,8.158926010131836,-7.918628692626953,2.0,1.0,0.0,0.0,4200.0,5100.0,2700.0,2800.0,4650.0,2750.0,1275.0,1500.0,790.7000122070312,39.869998931884766,0.0,974.0,0.0,1500.0,1700.0,0.0,3605.570068359375,4174.0,3.152627944946289,2.158555746078491,0.6000000238418579,0.6000000238418579,0.4000000059604645,0.5333333611488342,0.20000000298023224,0.0,0.4000000059604645,0.20000000298023224,1.0,1.0,0.0,1.0,0.0,10.0,5.0,0.0,0.0,1.0,1.0,1.0,1.0,0.0,0.0,0.0,1.0,0.0,1.0
5030,3,1.0,1.0,0.0,0.0,,8.666666984558105,1.0,8000.0,50.0,1.0,45.25,3.0,1.0,0.0,0.0,0.0,2,1,6,1,1.0,0.0,0.0,0.0,0.0,0.0,0.0,0.0,0.0,0.0,0.0,0.0,0.0,0.0,0.0,0.0,16.0,0.0,5,,0.0,0.0,,,,,,,,1,1,1,0,0,1,1,0,1,1,1,1,1,1,1,1,1,1,1,1,1,1,1,1,1,1,0,1,1,0,16.5,1.0,15000.0,89465.390625,64428.0,64428.0,52232.6953125,64428.0,11.556611061096191,12.031719207763672,16.0,1.0,16.0,0.0,210000.0,210000.0,140000.0,150000.0,210000.0,145000.0,73700.9921875,40000.0,2583.190185546875,4250.43017578125,0.0,165000.0,35000.0,11500.0,4500.0,0.0,120534.609375,129545.0,2.849351167678833,1.5151515007019043,0.6000000238418579,0.800000011920929,1.0,0.800000011920929,1.0,1.0,0.6000000238418579,0.8666666746139526,1.0,0.0,1.0,,,,,1.0,0.0,1.0,1.0,1.0,1.0,1.0,1.0,1.0,1.0,1.0,1.0
5032,3,1.0,1.0,0.0,0.0,,6.833333492279053,1.0,10000.0,52.0,0.0,35.58333206176758,2.0,0.0,1.0,1.0,2.0,2,1,3,1,0.0,0.0,0.0,0.0,0.0,0.0,0.0,1.0,0.0,0.0,0.0,0.0,0.0,0.0,0.0,0.0,1.0,0.0,9,,0.0,0.0,,,,,,,,0,0,0,1,0,0,0,0,1,0,0,1,1,0,1,1,1,0,0,0,0,0,0,0,0,0,0,0,0,0,0.0,1.0,1000.0,1315.02001953125,3924.0,3924.0,1157.510009765625,3924.0,7.74717378616333,8.968013763427734,0.0,0.0,1.0,0.0,4000.0,5950.0,8000.0,7000.0,4975.0,7500.0,1275.0,0.0,1042.47998046875,1317.5,1000.0,400.0,0.0,900.0,600.0,1176.0,4634.97998046875,3076.0,3.491276979446411,12.5,0.20000000298023224,0.20000000298023224,0.6000000238418579,0.3333333432674408,0.4000000059604645,0.0,0.0,0.13333334028720856,1.0,1.0,1.0,,,,,1.0,1.0,1.0,1.0,1.0,1.0,0.0,1.0,1.0,0.0,0.0,1.0
5033,3,0.0,1.0,0.0,0.0,,2.9166667461395264,0.0,1200.0,45.0,1.0,39.08333206176758,2.0,1.0,0.0,1.0,29.0,2,2,3,1,0.0,0.0,0.0,0.0,0.0,0.0,0.0,0.0,0.0,0.0,0.0,0.0,0.0,0.0,0.0,0.0,1.0,0.0,1,,0.0,0.0,,,,,,,,,,,,,,,,,,,,,,,,,,,,,,,,,,,,,,1.0,1.0,956.0,838.949951171875,2160.0,2160.0,897.4749755859375,2160.0,7.492732524871826,8.371010780334473,0.0,1.0,1.0,0.0,3500.0,3500.0,4200.0,2500.0,3500.0,3350.0,2544.0,0.0,80.02999877929688,37.02000045776367,0.0,250.0,0.0,40.0,50.0,0.0,2661.050048828125,340.0,1.3757861852645874,11.551724433898926,,,,,,,,,1.0,0.0,0.0,,,,,1.0,1.0,1.0,1.0,1.0,1.0,0.0,0.0,0.0,0.0,0.0,0.0
5036,3,1.0,1.0,0.0,0.0,,3.4166667461395264,0.0,1000.0,45.0,1.0,45.08333206176758,2.0,1.0,0.0,0.0,30.0,3,2,6,1,0.0,0.0,0.0,0.0,0.0,0.0,0.0,1.0,0.0,0.0,0.0,0.0,0.0,0.0,0.0,0.0,0.0,1.0,5,,0.0,0.0,,,,,,,,1,1,1,0,1,0,1,0,1,0,1,1,1,0,1,0,0,0,0,0,0,0,0,0,0,0,0,0,0,0,1.0,1.0,350.0,650.5400390625,780.0,780.0,500.27001953125,780.0,6.90829610824585,7.352441310882568,0.0,1.0,0.0,0.0,2000.0,2800.0,3900.0,6000.0,2400.0,4950.0,1500.0,150.0,371.9599914550781,127.5,0.0,3000.0,0.0,750.0,970.0,500.0,2149.4599609375,5220.0,1.600000023841858,1.5967742204666138,0.800000011920929,0.4000000059604645,0.800000011920929,0.6666666865348816,0.0,0.0,0.0,0.0,1.0,0.0,0.0,,,,,1.0,1.0,1.0,1.0,1.0,1.0,0.0,0.0,0.0,1.0,0.0,0.0
5038,3,1.0,1.0,1.0,0.0,6.3241501428165465,1.75,0.0,5000.0,9.0,1.0,36.41666793823242,2.0,0.0,1.0,1.0,0.0,4,1,3,3,0.0,0.0,0.0,0.0,0.0,0.0,0.0,0.0,0.0,0.0,0.0,1.0,0.0,0.0,0.0,0.0,3.0,0.0,9,8.0,1.0,1.0,4.0,4.0,7.0,2.0,5.0,6.0,325.0,1,0,1,0,0,1,0,0,1,0,1,1,1,1,0,0,0,0,0,1,1,1,1,0,0,0,0,0,0,0,3.0,1.0,7000.0,8804.2900390625,5700.0,5700.0,7902.14501953125,5700.0,9.668036460876465,9.341368675231934,3.0,0.0,2.0,2.0,20000.0,22500.0,7000.0,20000.0,21250.0,13500.0,6000.0,6000.0,1262.25,433.46002197265625,0.0,8000.0,4500.0,1100.0,700.0,0.0,13695.7099609375,14300.0,3.2015066146850586,1.6071428060531616,0.4000000059604645,0.4000000059604645,0.800000011920929,0.5333333611488342,0.20000000298023224,0.6000000238418579,0.0,0.2666666805744171,1.0,1.0,1.0,7.0,9.0,9.0,12.0,0.0,0.0,1.0,1.0,1.0,1.0,1.0,1.0,0.0,0.0,1.0,0.0
5040,3,0.0,1.0,0.0,1.0,3.7977187540496256,3.0,1.0,7000.0,60.0,0.0,47.41666793823242,4.0,0.0,1.0,1.0,0.0,0,0,0,0,0.0,0.0,0.0,0.0,0.0,0.0,0.0,1.0,0.0,0.0,0.0,0.0,0.0,0.0,0.0,0.0,0.5,0.0,12,8.0,1.0,1.0,5.0,5.0,6.0,2.0,6.0,7.0,2250.0,,,,,,,,,,,,,,,,,,,,,,,,,,,,,,,0.5,1.0,0.0,7897.0,7750.0,7750.0,3948.5,7750.0,8.974238395690918,9.648594856262207,0.0,1.0,0.0,1.0,12995.0,12995.0,12000.0,12000.0,12995.0,12000.0,4848.0,0.0,200.0,50.0,0.0,3200.0,800.0,200.0,50.0,0.0,5098.0,4250.0,2.6804869174957275,3.75,,,,,,,,,0.0,1.0,1.0,10.0,2.0,5.0,5.0,0.0,0.0,0.0,0.0,0.0,0.0,0.0,1.0,1.0,0.0,1.0,0.0
5042,3,1.0,1.0,1.0,0.0,,7.333333492279053,0.0,3000.0,90.0,0.0,28.91666603088379,1.0,1.0,0.0,1.0,2.0,5,3,7,7,0.0,0.0,0.0,0.0,0.0,0.0,1.0,0.0,0.0,0.0,0.0,0.0,0.0,0.0,0.0,0.0,0.0,0.0,3,,0.0,0.0,,,,,,,,0,0,0,0,0,0,0,0,0,0,0,0,0,0,0,0,0,0,0,0,0,0,0,0,0,0,0,0,0,0,0.0,0.0,0.0,0.0,486.25,486.25,0.0,486.25,0.0,6.879871368408203,0.0,0.0,0.0,0.0,0.0,0.0,2000.0,2000.0,0.0,2000.0,0.0,0.0,0.0,0.0,0.0,750.0,0.0,350.0,15.0,398.75,0.0,1513.75,15.121163368225098,1.8181818723678589,0.0,0.0,0.0,0.0,0.0,0.0,0.0,0.0,1.0,0.0,0.0,,,,,0.0,1.0,1.0,1.0,1.0,1.0,0.0,0.0,0.0,0.0,0.0,1.0
5044,3,1.0,1.0,0.0,1.0,5.3346781901966915,7.833333492279053,1.0,750.0,40.0,0.0,39.08333206176758,1.0,1.0,0.0,0.0,0.0,2,1,4,2,0.0,1.0,0.0,0.0,0.0,0.0,0.0,0.0,0.0,0.0,0.0,0.0,0.0,0.0,0.0,0.0,5.0,0.0,4,7.0,1.0,1.0,2.5,6.5,7.0,1.0,7.0,7.0,2250.0,0,0,1,0,1,1,0,0,1,0,0,1,1,1,1,1,0,1,0,1,1,1,1,1,1,0,0,1,1,1,5.0,1.0,1350.0,2724.97998046875,8750.0,8750.0,2037.489990234375,8750.0,8.312621116638184,9.769956588745117,0.0,5.0,5.0,0.0,7500.0,7500.0,9000.0,16250.0,7500.0,12625.0,0.0,3650.0,700.02001953125,425.0,0.0,0.0,1250.0,3050.0,3200.0,0.0,4775.02001953125,7500.0,15.121163368225098,50.5,0.4000000059604645,0.4000000059604645,0.800000011920929,0.5333333611488342,0.6000000238418579,1.0,0.6000000238418579,0.7333333492279053,1.0,0.0,1.0,2.0,4.0,7.0,6.0,0.0,0.0,1.0,1.0,1.0,1.0,1.0,0.0,1.0,0.0,1.0,1.0
5046,3,1.0,1.0,0.0,1.0,6.46340888496347,2.9166667461395264,1.0,30000.0,60.0,1.0,36.0,1.0,1.0,0.0,1.0,19.0,4,1,7,7,0.0,0.0,0.0,0.0,0.0,0.0,0.0,0.0,0.0,0.0,0.0,0.0,0.0,0.0,0.0,0.0,0.0,0.0,12,7.0,1.0,1.0,6.0,7.0,5.0,6.0,5.5,5.0,1750.0,0,0,0,0,0,0,0,0,0,0,0,0,0,0,0,0,0,0,0,0,0,0,0,0,0,0,0,0,0,0,0.0,0.0,0.0,0.0,10900.0,10900.0,0.0,10900.0,0.0,9.989665031433105,0.0,0.0,0.0,0.0,0.0,0.0,15000.0,20000.0,0.0,17500.0,0.0,0.0,0.0,0.0,0.0,6000.0,0.0,2100.0,1000.0,0.0,0.0,9100.0,15.121163368225098,2.734375,0.0,0.0,0.0,0.0,0.0,0.0,0.0,0.0,1.0,1.0,1.0,7.0,6.0,10.0,12.0,0.0,1.0,1.0,1.0,1.0,1.0,0.0,1.0,1.0,0.0,1.0,0.0
5047,3,1.0,1.0,0.0,0.0,,1.9166667461395264,1.0,5000.0,55.0,1.0,53.08333206176758,0.0,1.0,0.0,1.0,0.0,0,0,0,0,0.0,0.0,0.0,0.0,0.0,0.0,0.0,0.0,0.0,0.0,0.0,0.0,0.0,0.0,0.0,1.0,1.5,0.0,6,,0.0,0.0,,,,,,,,0,0,0,0,0,0,0,0,0,0,0,0,0,0,0,0,0,0,0,0,0,0,0,0,0,0,0,0,0,0,0.0,0.0,0.0,0.0,3600.0,3600.0,0.0,3600.0,0.0,8.8818359375,0.0,0.0,1.0,1.0,0.0,0.0,5400.0,5400.0,0.0,5400.0,0.0,0.0,0.0,0.0,0.0,400.0,1000.0,350.0,50.0,0.0,0.0,1800.0,15.121163368225098,9.818181991577148,0.0,0.0,0.0,0.0,0.0,0.0,0.0,0.0,0.0,1.0,1.0,,,,,1.0,0.0,0.0,0.0,0.0,0.0,1.0,1.0,1.0,0.0,0.0,0.0
5049,3,1.0,1.0,1.0,0.0,7.167018509725637,3.5,1.0,60000.0,40.0,1.0,53.16666793823242,0.0,1.0,0.0,1.0,25.0,2,3,7,4,0.0,0.0,0.0,0.0,0.0,0.0,0.0,0.0,0.0,0.0,0.0,0.0,0.0,0.0,0.0,0.0,2.5,0.0,5,6.0,1.0,1.0,,6.0,5.5,7.0,5.5,5.0,,1,1,1,1,1,1,1,1,1,1,1,1,1,1,1,1,1,1,1,1,1,1,1,1,1,1,1,1,1,1,4.0,1.0,0.0,-1477.580078125,450.0,450.0,-738.7900390625,450.0,-7.992938041687012,6.802395820617676,1.0,3.0,0.0,5.0,0.0,0.0,6000.0,5000.0,0.0,5500.0,0.0,0.0,2099.89990234375,860.0799560546875,0.0,600.0,750.0,1600.0,1600.0,0.0,2959.97998046875,4550.0,0.6688071489334106,6.875,1.0,1.0,1.0,1.0,1.0,1.0,1.0,1.0,1.0,0.0,1.0,9.0,2.0,9.0,11.0,0.0,1.0,1.0,1.0,1.0,1.0,1.0,1.0,1.0,1.0,0.0,1.0
5055,3,1.0,1.0,0.0,0.0,,5.0,0.0,5000.0,70.0,0.0,37.75,3.0,0.0,1.0,1.0,30.0,2,0,0,0,0.0,0.0,0.0,0.0,0.0,0.0,0.0,0.0,0.0,0.0,0.0,0.0,0.0,0.0,1.0,0.0,0.5,0.0,8,,0.0,0.0,,,,,,,,0,0,0,0,0,0,0,0,0,0,0,0,0,0,0,0,0,0,0,0,0,0,0,0,1,0,0,0,0,0,1.0,1.0,2000.0,1945.5,-140.0,-140.0,1972.75,-140.0,8.280330657958984,-5.634802341461182,0.0,1.0,0.0,1.0,3000.0,4700.0,2500.0,2800.0,3850.0,2650.0,150.0,1487.5,522.0,595.0,0.0,1000.0,700.0,640.0,600.0,0.0,2754.5,2940.0,19.251924514770508,2.5238094329833984,0.0,0.0,0.0,0.0,0.0,0.20000000298023224,0.0,0.06666667014360428,0.0,1.0,1.0,,,,,1.0,1.0,1.0,0.0,0.0,0.0,0.0,1.0,0.0,1.0,0.0,1.0
5059,3,1.0,1.0,1.0,0.0,2.078014794688605,2.5833332538604736,1.0,120000.0,45.0,0.0,28.25,0.0,1.0,0.0,1.0,0.0,2,2,7,7,0.0,0.0,0.0,0.0,0.0,0.0,0.0,0.0,0.0,0.0,0.0,1.0,0.0,0.0,0.0,0.0,2.0,0.0,12,7.0,1.0,1.0,,,6.0,7.0,6.0,5.0,2250.0,1,1,1,1,1,1,1,1,1,1,1,1,1,1,1,1,1,1,1,1,1,1,1,1,1,1,1,1,1,1,5.0,1.0,24000.0,27933.9296875,8500.0,8500.0,25966.96484375,8500.0,10.857728004455566,9.740968704223633,5.0,0.0,1.0,1.0,68000.0,97630.0,35000.0,32600.0,82815.0,33800.0,21105.0,27200.0,17875.890625,3315.219970703125,0.0,6600.0,4000.0,5300.0,3200.0,5000.0,69696.0703125,24100.0,3.5232958793640137,4.898550510406494,1.0,1.0,1.0,1.0,1.0,1.0,1.0,1.0,1.0,1.0,1.0,11.0,3.0,12.0,13.0,0.0,0.0,1.0,1.0,1.0,1.0,1.0,1.0,1.0,1.0,1.0,0.0
5063,3,1.0,1.0,0.0,0.0,,4.75,0.0,10000.0,54.0,0.0,37.5,1.0,0.0,1.0,1.0,27.0,4,1,2,1,0.0,0.0,0.0,0.0,0.0,0.0,0.0,0.0,0.0,0.0,0.0,0.0,0.0,0.0,1.0,0.0,1.0,0.0,8,,0.0,0.0,,,,,,,,0,0,0,0,0,0,0,0,1,0,1,1,1,0,1,0,1,0,0,0,0,1,1,0,0,1,1,1,0,0,1.0,1.0,500.0,750.080078125,5308.0,5308.0,625.0400390625,5308.0,7.130963325500488,9.27011775970459,1.0,0.0,1.0,0.0,2000.0,4462.5,3000.0,17000.0,3231.25,10000.0,765.0,800.0,1679.9200439453125,467.5,0.0,10000.0,0.0,1412.0,280.0,0.0,3712.419921875,11692.0,3.4558823108673096,0.9803921580314636,0.0,0.20000000298023224,0.800000011920929,0.3333333432674408,0.20000000298023224,0.4000000059604645,0.6000000238418579,0.4000000059604645,1.0,1.0,1.0,,,,,1.0,1.0,1.0,1.0,0.0,1.0,0.0,1.0,0.0,1.0,1.0,1.0
5068,3,1.0,1.0,1.0,0.0,11.506554664948093,0.0,0.0,2000.0,45.0,1.0,44.33333206176758,2.0,1.0,0.0,0.0,35.0,2,1,7,1,0.0,0.0,0.0,0.0,0.0,0.0,1.0,0.0,0.0,0.0,0.0,0.0,0.0,0.0,0.0,0.0,0.0,0.0,1,6.0,1.0,1.0,,,7.0,7.0,7.0,7.0,75.0,0,0,0,1,0,0,0,0,0,0,0,1,0,0,0,0,1,0,1,0,1,0,0,0,0,0,0,0,0,0,0.0,1.0,2000.0,1115.98046875,-510.0,-510.0,1557.990234375,-510.0,8.044299125671387,-6.927558898925781,0.0,0.0,0.0,0.0,7650.0,13000.0,5000.0,15000.0,10325.0,10000.0,11700.0,0.0,64.0,120.02000427246094,0.0,15000.0,0.0,10.0,500.0,0.0,11884.01953125,15510.0,0.882478654384613,0.6666666865348816,0.20000000298023224,0.0,0.20000000298023224,0.13333334028720856,0.4000000059604645,0.20000000298023224,0.0,0.20000000298023224,1.0,0.0,0.0,5.0,3.0,7.0,4.0,0.0,1.0,1.0,1.0,1.0,1.0,0.0,0.0,0.0,0.0,1.0,0.0
5073,3,1.0,1.0,0.0,1.0,2.781534369871721,7.333333492279053,1.0,10000.0,52.0,0.0,34.33333206176758,2.0,1.0,0.0,1.0,0.0,2,3,3,1,0.0,0.0,0.0,0.0,0.0,0.0,0.0,0.0,0.0,0.0,0.0,0.0,0.0,0.0,0.0,0.0,12.5,0.0,5,7.0,1.0,1.0,4.0,6.0,7.0,6.0,6.5,6.0,325.0,1,1,0,1,1,1,1,1,1,0,1,1,1,1,1,1,1,1,1,1,1,1,1,1,1,1,1,1,1,1,0.0,1.0,2700.0,3389.949951171875,1000.0,1000.0,3044.97509765625,1000.0,8.714395523071289,7.600902557373047,0.0,0.0,6.0,13.0,3900.0,3900.0,15000.0,45000.0,3900.0,30000.0,0.0,0.0,60.0099983215332,450.0400085449219,0.0,2500.0,12000.0,7000.0,22500.0,0.0,510.0500183105469,44000.0,64.98917388916016,6.666666507720947,0.800000011920929,0.800000011920929,1.0,0.8666666746139526,1.0,1.0,1.0,1.0,1.0,0.0,1.0,10.0,6.0,8.0,12.0,0.0,0.0,1.0,1.0,1.0,1.0,1.0,1.0,1.0,0.0,1.0,1.0
5077,3,1.0,1.0,0.0,0.0,,3.8333332538604736,0.0,10000.0,54.0,0.0,36.5,0.0,0.0,1.0,1.0,22.0,7,0,0,0,0.0,0.0,0.0,0.0,0.0,0.0,0.0,0.0,0.0,0.0,0.0,0.0,0.0,0.0,0.0,0.0,4.0,0.0,8,,0.0,0.0,,,,,,,,1,1,1,1,0,0,0,0,1,0,0,1,1,0,1,0,0,0,0,0,0,0,0,0,0,0,0,0,0,0,0.0,1.0,3000.0,1046.2900390625,7450.0,7450.0,2023.14501953125,7450.0,8.30555534362793,9.609116554260254,0.0,0.0,0.0,4.0,5000.0,4000.0,6000.0,19600.0,4500.0,12800.0,2125.0,0.0,212.4199981689453,616.2900390625,0.0,8000.0,4000.0,150.0,0.0,0.0,2953.7099609375,12150.0,2.117647171020508,1.570552110671997,0.800000011920929,0.20000000298023224,0.6000000238418579,0.5333333611488342,0.0,0.0,0.0,0.0,0.0,1.0,1.0,,,,,1.0,1.0,1.0,0.0,0.0,0.0,1.0,1.0,0.0,0.0,1.0,1.0
5078,3,1.0,1.0,0.0,1.0,0.9942097454651544,0.5833333134651184,0.0,20000.0,54.0,0.0,25.83333396911621,0.0,0.0,1.0,1.0,26.0,1,0,0,0,0.0,0.0,0.0,0.0,0.0,0.0,0.0,0.0,0.0,0.0,0.0,1.0,0.0,0.0,0.0,0.0,2.5,0.0,8,2.0,1.0,0.0,,,6.5,4.0,4.5,5.0,75.0,1,1,1,1,1,0,1,1,1,0,1,1,1,1,1,0,0,0,0,0,0,0,0,0,0,0,0,0,0,0,1.0,1.0,10000.0,14325.509765625,180.0,180.0,12162.7548828125,180.0,10.099281311035156,5.886111736297607,1.0,0.0,1.0,3.0,22000.0,20000.0,7000.0,6000.0,21000.0,6500.0,2231.25,0.0,2699.489990234375,743.75,0.0,669.0,1600.0,2306.0,1245.0,0.0,5674.490234375,5820.0,7.832197189331055,2.9967727661132812,1.0,0.6000000238418579,1.0,0.8666666746139526,0.0,0.0,0.0,0.0,0.0,1.0,0.0,0.0,0.0,3.0,4.0,0.0,1.0,0.0,0.0,0.0,0.0,1.0,1.0,0.0,0.0,0.0,0.0
5080,3,1.0,1.0,1.0,0.0,1.206987082045744,6.166666507720947,1.0,18000.0,60.0,0.0,41.33333206176758,3.0,1.0,0.0,1.0,0.0,0,0,0,0,0.0,0.0,0.0,0.0,0.0,0.0,0.0,0.0,0.0,0.0,0.0,0.0,0.0,1.0,0.0,0.0,4.0,0.0,8,7.0,1.0,1.0,6.0,6.0,7.0,3.0,5.5,6.0,325.0,1,0,0,0,0,1,1,1,0,1,0,1,0,1,0,1,1,1,1,1,1,0,0,1,1,1,1,0,0,1,5.0,1.0,15050.0,16802.541015625,-8325.0,-8325.0,15926.2705078125,-8325.0,10.36887264251709,-9.720165252685547,2.0,3.0,4.0,0.0,39000.0,39000.0,15000.0,15000.0,39000.0,15000.0,14099.9697265625,6800.0,999.989990234375,297.5,0.0,2625.0,12600.0,2800.0,3200.0,2100.0,22197.458984375,23325.0,2.727276563644409,5.309734344482422,0.20000000298023224,0.800000011920929,0.4000000059604645,0.46666666865348816,1.0,0.6000000238418579,0.6000000238418579,0.7333333492279053,0.0,1.0,1.0,3.0,2.0,5.0,5.0,0.0,0.0,0.0,0.0,0.0,0.0,1.0,1.0,1.0,1.0,1.0,1.0
5081,3,1.0,1.0,0.0,1.0,7.791459429446384,5.75,1.0,350000.0,52.0,0.0,50.83333206176758,0.0,1.0,0.0,0.0,0.0,2,2,6,7,0.0,0.0,0.0,0.0,0.0,0.0,0.0,0.0,0.0,0.0,0.0,0.0,0.0,0.0,0.0,0.0,1.0,0.0,1,8.0,1.0,1.0,4.5,6.5,5.0,6.0,5.0,5.0,1250.0,1,1,0,0,0,0,1,0,0,0,1,1,1,1,1,1,1,1,1,1,1,1,1,0,1,1,1,1,1,1,0.0,1.0,0.0,7886.85986328125,64428.0,64428.0,3943.429931640625,64428.0,8.972953796386719,11.95546817779541,0.0,0.0,0.0,1.0,11000.0,11000.0,15000.0,83333.0,11000.0,49166.5,0.0,0.0,1000.030029296875,870.0700073242188,0.0,0.0,0.0,1500.0,4000.0,0.0,3113.14013671875,5500.0,15.121163368225098,10.134669303894043,0.4000000059604645,0.20000000298023224,1.0,0.5333333611488342,1.0,0.800000011920929,1.0,0.9333333373069763,1.0,0.0,1.0,8.0,3.0,10.0,16.0,0.0,0.0,1.0,1.0,1.0,1.0,0.0,1.0,1.0,0.0,1.0,1.0
5082,3,1.0,1.0,1.0,0.0,15.029741727659808,3.0,1.0,5000.0,30.0,0.0,23.25,0.0,1.0,0.0,1.0,0.0,2,1,2,2,0.0,0.0,0.0,0.0,0.0,0.0,0.0,0.0,0.0,0.0,0.0,0.0,1.0,0.0,0.0,0.0,0.0,0.0,1,7.0,1.0,1.0,6.0,4.5,6.5,6.0,7.0,6.0,1250.0,0,0,0,0,0,0,0,0,0,0,0,0,0,0,0,0,0,0,0,0,0,0,0,0,0,0,0,0,0,0,0.0,0.0,0.0,0.0,1924.0,1924.0,0.0,1924.0,0.0,8.255309104919434,0.0,0.0,0.0,0.0,0.0,0.0,650.0,2300.0,0.0,1475.0,0.0,0.0,0.0,0.0,0.0,0.0,0.0,76.0,300.0,0.0,0.0,376.0,15.121163368225098,49.16666793823242,0.0,0.0,0.0,0.0,0.0,0.0,0.0,0.0,0.0,0.0,0.0,14.0,6.0,11.0,11.0,0.0,0.0,1.0,1.0,0.0,1.0,0.0,1.0,1.0,0.0,0.0,0.0
5085,3,1.0,1.0,0.0,1.0,1.4091237873371487,2.5,0.0,200.0,70.0,1.0,23.16666603088379,1.0,1.0,0.0,1.0,0.0,3,0,0,0,0.0,0.0,0.0,0.0,0.0,0.0,0.0,1.0,0.0,0.0,0.0,0.0,0.0,0.0,0.0,0.0,2.0,0.0,1,4.0,1.0,0.0,5.0,4.5,6.0,4.0,5.5,4.0,75.0,0,0,1,1,0,1,0,0,1,0,0,0,0,0,0,0,0,0,0,0,0,0,0,0,0,0,0,0,0,0,0.0,0.0,0.0,0.0,1500.0,1500.0,0.0,1500.0,0.0,8.006367683410645,0.0,0.0,0.0,2.0,0.0,0.0,3000.0,4350.0,0.0,3675.0,0.0,0.0,0.0,0.0,0.0,2640.0,0.0,180.0,30.0,0.0,0.0,2850.0,15.121163368225098,1.3172043561935425,0.4000000059604645,0.4000000059604645,0.0,0.2666666805744171,0.0,0.0,0.0,0.0,0.0,0.0,0.0,5.0,4.0,,,0.0,0.0,1.0,0.0,0.0,0.0,1.0,0.0,0.0,0.0,0.0,0.0
5090,3,1.0,1.0,0.0,0.0,,2.4166667461395264,0.0,300.0,52.0,1.0,38.58333206176758,2.0,1.0,0.0,0.0,0.0,3,0,0,0,0.0,0.0,0.0,0.0,0.0,0.0,0.0,0.0,0.0,1.0,0.0,0.0,0.0,0.0,0.0,0.0,0.0,0.0,8,,0.0,0.0,,,,,,,,1,0,1,1,0,1,1,0,0,0,0,1,1,1,1,0,0,0,0,0,0,0,0,0,0,0,0,0,0,0,0.0,1.0,6000.0,12342.9697265625,10004.0,10004.0,9171.484375,10004.0,9.817001342773438,9.903887748718262,0.0,0.0,0.0,0.0,25200.0,25200.0,16000.0,23500.0,25200.0,19750.0,9500.0,0.0,3357.030029296875,0.0,0.0,9600.0,1400.0,2490.0,6.0,0.0,12857.0302734375,13496.0,2.065568685531616,1.795454502105713,0.6000000238418579,0.4000000059604645,0.800000011920929,0.6000000238418579,0.0,0.0,0.0,0.0,0.0,1.0,0.0,,,,,1.0,0.0,1.0,0.0,0.0,0.0,0.0,0.0,0.0,1.0,1.0,0.0
5100,3,1.0,1.0,1.0,0.0,3.3427984054573536,1.0,1.0,35000.0,30.0,0.0,47.25,2.0,1.0,0.0,1.0,0.0,2,4,4,3,0.0,1.0,0.0,0.0,0.0,0.0,0.0,0.0,0.0,0.0,0.0,0.0,0.0,0.0,0.0,0.0,2.0,1.0,5,9.0,1.0,1.0,6.0,6.5,6.0,7.0,6.5,7.0,1250.0,1,1,1,0,0,0,0,0,0,0,0,1,1,0,1,1,1,1,0,1,1,1,0,0,1,1,0,0,0,1,1.5,1.0,0.0,750.5595703125,20.0,20.0,375.27978515625,20.0,6.620820999145508,3.6895039081573486,0.0,3.0,2.0,0.0,13255.0,13255.0,2000.0,7000.0,13255.0,4500.0,8504.6201171875,1000.0,2499.889892578125,499.92999267578125,0.0,1100.0,1900.0,2100.0,1500.0,380.0,12504.4404296875,6980.0,1.5585646629333496,4.090909004211426,0.6000000238418579,0.0,0.6000000238418579,0.4000000059604645,0.800000011920929,0.6000000238418579,0.4000000059604645,0.6000000238418579,1.0,0.0,1.0,6.0,7.0,10.0,7.0,0.0,0.0,1.0,1.0,1.0,1.0,1.0,1.0,1.0,0.0,0.0,0.0
5101,3,1.0,1.0,1.0,0.0,6.093826313678837,5.583333492279053,0.0,6000.0,52.0,0.0,44.91666793823242,2.0,1.0,0.0,0.0,0.0,5,12,5,1,0.0,0.0,0.0,0.0,0.0,0.0,1.0,0.0,0.0,0.0,0.0,0.0,0.0,0.0,0.0,0.0,2.0,0.0,1,4.0,1.0,0.0,,,6.5,5.0,7.0,6.0,75.0,1,0,0,0,0,0,0,0,1,1,0,1,1,0,1,0,0,0,0,0,0,0,0,0,0,0,0,0,0,0,1.0,1.0,1500.0,1276.06982421875,2280.0,2280.0,1388.034912109375,2280.0,7.928791522979736,8.425078392028809,1.0,0.0,1.0,2.0,1700.0,8000.0,5000.0,5000.0,4850.0,5000.0,5673.75,850.0,200.17999267578125,0.0,0.0,1000.0,1600.0,100.0,20.0,0.0,6723.93017578125,2720.0,0.854813814163208,5.0,0.20000000298023224,0.4000000059604645,0.6000000238418579,0.4000000059604645,0.0,0.0,0.0,0.0,1.0,0.0,1.0,5.0,1.0,7.0,5.0,0.0,0.0,1.0,1.0,1.0,1.0,1.0,1.0,0.0,0.0,0.0,1.0
5104,3,1.0,1.0,0.0,1.0,9.720877969256822,2.9166667461395264,0.0,1200.0,70.0,1.0,57.58333206176758,5.0,1.0,0.0,0.0,0.0,2,3,7,5,0.0,0.0,0.0,0.0,0.0,0.0,0.0,1.0,0.0,0.0,0.0,0.0,0.0,0.0,0.0,0.0,0.0,0.0,5,8.0,1.0,1.0,3.0,5.0,6.0,7.0,6.5,7.0,325.0,1,1,1,0,0,0,1,0,1,0,0,1,1,1,1,0,0,0,0,0,0,0,0,0,0,0,0,0,0,0,0.0,1.0,2000.0,1849.969970703125,-489.0,-489.0,1924.9849853515625,-489.0,8.255820274353027,-6.8855109214782715,0.0,0.0,0.0,0.0,2000.0,3800.0,8500.0,7050.0,2900.0,7775.0,1800.0,0.0,0.0,150.02999877929688,0.0,3339.0,0.0,3200.0,1000.0,0.0,1950.030029296875,7539.0,1.6111111640930176,2.3285415172576904,0.6000000238418579,0.4000000059604645,0.800000011920929,0.6000000238418579,0.0,0.0,0.0,0.0,1.0,0.0,0.0,6.0,0.0,4.0,7.0,0.0,0.0,1.0,1.0,1.0,1.0,0.0,0.0,0.0,0.0,1.0,0.0
5105,3,1.0,1.0,0.0,0.0,,3.4166667461395264,1.0,50000.0,60.0,0.0,37.41666793823242,6.0,1.0,0.0,1.0,0.0,4,4,7,7,0.0,0.0,0.0,0.0,0.0,0.0,0.0,0.0,1.0,0.0,0.0,0.0,0.0,0.0,0.0,0.0,5.0,0.0,12,,0.0,0.0,,,,,,,,1,1,1,1,0,1,1,1,1,1,1,1,1,1,1,1,0,0,1,1,0,0,1,1,1,1,1,1,1,1,5.0,1.0,65000.0,69835.015625,49683.0,49683.0,67417.5078125,49683.0,11.811807632446289,11.50656509399414,5.0,0.0,5.0,0.0,120000.0,120000.0,20000.0,65000.0,120000.0,42500.0,25000.0,14000.0,3750.0,7414.97998046875,0.0,1667.0,5000.0,3650.0,5000.0,0.0,50164.98046875,15317.0,4.800000190734863,21.070898056030273,0.800000011920929,1.0,1.0,0.9333333373069763,0.6000000238418579,0.6000000238418579,1.0,0.7333333492279053,1.0,1.0,1.0,,,,,1.0,0.0,1.0,1.0,1.0,1.0,1.0,1.0,1.0,1.0,1.0,0.0
5106,3,1.0,1.0,0.0,1.0,,5.25,0.0,5000.0,70.0,0.0,35.91666793823242,3.0,0.0,1.0,1.0,0.0,6,1,5,1,0.0,0.0,0.0,0.0,0.0,0.0,0.0,0.0,0.0,0.0,0.0,0.0,0.0,0.0,1.0,0.0,0.0,0.0,9,,0.0,0.0,,,,,,,,1,0,1,0,0,0,0,0,0,1,0,1,1,1,1,0,0,0,0,0,0,0,0,0,0,0,0,0,0,0,1.0,1.0,800.0,3780.4599609375,1697.0,1697.0,2290.22998046875,1697.0,8.42955493927002,8.129764556884766,0.0,1.0,0.0,0.0,2000.0,9000.0,2000.0,5000.0,5500.0,3500.0,3485.0,0.0,1343.7900390625,390.75,0.0,1088.0,0.0,1703.0,512.0,0.0,5219.5400390625,3303.0,1.5558786392211914,3.1446540355682373,0.4000000059604645,0.20000000298023224,0.800000011920929,0.46666666865348816,0.0,0.0,0.0,0.0,1.0,1.0,1.0,,,,,0.0,0.0,1.0,1.0,1.0,1.0,0.0,1.0,0.0,1.0,0.0,1.0
5113,3,1.0,1.0,1.0,0.0,1.0456915860074383,32.0,1.0,3000.0,65.0,1.0,61.25,2.0,1.0,0.0,0.0,15.0,2,2,7,1,0.0,0.0,0.0,0.0,0.0,0.0,1.0,0.0,0.0,0.0,0.0,0.0,0.0,0.0,0.0,0.0,0.0,0.0,3,6.0,1.0,1.0,6.0,6.0,6.0,6.0,6.0,6.0,75.0,1,1,1,1,1,0,0,0,1,1,0,1,1,1,1,1,0,0,0,0,0,0,0,0,0,0,0,0,0,0,2.0,1.0,5000.0,7963.515625,5211.0,5211.0,6481.7578125,5211.0,9.469894409179688,9.25167465209961,1.0,2.0,0.0,0.0,40000.0,147000.0,56000.0,56000.0,93500.0,56000.0,127500.0,2800.0,6804.9296875,1652.489990234375,0.0,48571.0,0.0,1500.0,718.0,0.0,139036.484375,50789.0,0.7256501317024231,1.145873785018921,1.0,0.4000000059604645,0.800000011920929,0.7333333492279053,0.20000000298023224,0.0,0.0,0.06666667014360428,1.0,0.0,1.0,3.0,1.0,6.0,3.0,0.0,1.0,1.0,1.0,1.0,1.0,0.0,0.0,1.0,0.0,1.0,1.0
5114,3,1.0,1.0,0.0,0.0,,6.5,1.0,5300.0,60.0,1.0,45.83333206176758,0.0,1.0,0.0,1.0,9.0,2,5,7,7,0.0,0.0,0.0,0.0,0.0,0.0,0.0,0.0,0.0,0.0,0.0,0.0,0.0,0.0,0.0,0.0,4.0,0.0,1,,0.0,0.0,,,,,,,,0,0,0,0,0,0,0,0,0,0,0,0,0,0,0,0,0,0,0,0,0,0,0,0,0,0,0,0,0,0,0.0,0.0,0.0,0.0,22131.0,22131.0,0.0,22131.0,0.0,10.697881698608398,0.0,0.0,0.0,8.0,0.0,0.0,7200.0,30000.0,0.0,18600.0,0.0,0.0,0.0,0.0,0.0,2800.0,3000.0,1420.0,649.0,0.0,0.0,7869.0,15.121163368225098,5.166666507720947,0.0,0.0,0.0,0.0,0.0,0.0,0.0,0.0,1.0,0.0,1.0,,,,,1.0,1.0,1.0,1.0,1.0,1.0,1.0,1.0,1.0,0.0,1.0,1.0
5116,3,0.0,1.0,0.0,0.0,,4.833333492279053,1.0,20000.0,46.0,0.0,42.08333206176758,2.0,1.0,0.0,0.0,0.0,2,1,7,5,1.0,0.0,0.0,0.0,0.0,0.0,0.0,0.0,0.0,0.0,0.0,0.0,0.0,0.0,0.0,0.0,11.0,0.0,3,,0.0,0.0,,,,,,,,,,,,,,,,,,,,,,,,,,,,,,,,,,,,,,13.0,1.0,3500.0,11749.94140625,14950.0,14950.0,7624.970703125,14950.0,9.632330894470215,10.30561351776123,6.0,13.0,8.0,5.0,45000.0,52000.0,50000.0,60000.0,48500.0,55000.0,0.0,32000.0,5400.08984375,999.97998046875,1500.0,3500.0,33000.0,5500.0,3050.0,0.0,40250.05859375,45050.0,34.643104553222656,13.75,,,,,,,,,1.0,0.0,1.0,,,,,1.0,0.0,1.0,1.0,1.0,1.0,1.0,1.0,1.0,0.0,1.0,1.0
5120,3,1.0,1.0,0.0,1.0,,6.25,1.0,3500.0,91.0,1.0,33.91666793823242,2.0,0.0,1.0,0.0,0.0,5,8,3,2,0.0,0.0,0.0,0.0,0.0,0.0,0.0,0.0,0.0,0.0,0.0,1.0,0.0,0.0,0.0,0.0,1.5,0.0,3,,0.0,0.0,,,,,,,,0,0,1,0,0,0,0,0,0,1,0,0,1,1,0,0,0,0,0,0,0,0,0,0,0,0,0,0,0,0,1.5,1.0,1600.0,782.3599853515625,2300.0,2300.0,1191.179931640625,2300.0,7.7758469581604,8.43381118774414,0.0,3.0,0.0,3.0,1600.0,2800.0,800.0,2500.0,2200.0,1650.0,1000.0,700.0,190.13999938964844,127.5,0.0,0.0,0.0,200.0,0.0,0.0,2017.6400146484375,315.0,1.9130767583847046,8.25,0.20000000298023224,0.20000000298023224,0.4000000059604645,0.2666666805744171,0.0,0.0,0.0,0.0,1.0,0.0,1.0,,,,,0.0,0.0,1.0,1.0,1.0,1.0,1.0,1.0,1.0,0.0,0.0,1.0
5121,3,1.0,1.0,0.0,0.0,,9.916666984558105,0.0,300.0,60.0,0.0,46.25,3.0,1.0,0.0,0.0,30.0,2,2,4,2,0.0,0.0,1.0,0.0,0.0,0.0,0.0,0.0,0.0,0.0,0.0,0.0,0.0,0.0,0.0,0.0,0.0,0.0,8,,0.0,0.0,,,,,,,,1,0,0,0,0,0,0,1,1,1,0,1,1,0,1,0,0,0,0,0,0,0,0,0,0,0,0,0,0,0,0.0,1.0,300.0,208.45001220703125,711.0,711.0,254.22500610351562,711.0,6.23137092590332,7.259819984436035,0.0,0.0,0.0,0.0,300.0,500.0,300.0,1951.0,400.0,1125.5,60.0,0.0,31.8799991607666,199.6699981689453,0.0,480.0,0.0,150.0,610.0,0.0,291.54998779296875,1240.0,6.666666507720947,1.7865079641342163,0.20000000298023224,0.6000000238418579,0.6000000238418579,0.46666669845581055,0.0,0.0,0.0,0.0,1.0,1.0,0.0,,,,,1.0,1.0,1.0,1.0,1.0,1.0,0.0,0.0,0.0,0.0,0.0,1.0
5128,3,1.0,1.0,0.0,0.0,,3.0833332538604736,0.0,3200.0,60.0,0.0,35.5,2.0,1.0,0.0,1.0,20.0,2,1,4,7,0.0,0.0,0.0,0.0,0.0,0.0,0.0,0.0,0.0,0.0,0.0,0.0,1.0,0.0,0.0,0.0,0.0,0.0,1,,0.0,0.0,,,,,,,,1,0,1,0,0,0,1,0,0,0,0,0,1,1,0,0,0,0,0,0,0,0,0,0,1,0,0,0,0,0,0.0,0.0,0.0,0.0,4000.0,4000.0,0.0,4000.0,0.0,8.987196922302246,0.0,0.0,0.0,0.0,0.0,0.0,5000.0,5600.0,0.0,5300.0,0.0,0.0,0.0,0.0,0.0,400.0,0.0,1050.0,150.0,0.0,0.0,1600.0,15.121163368225098,8.15384578704834,0.4000000059604645,0.20000000298023224,0.4000000059604645,0.3333333432674408,0.0,0.20000000298023224,0.0,0.06666667014360428,1.0,0.0,0.0,,,,,1.0,1.0,1.0,1.0,1.0,1.0,0.0,1.0,0.0,0.0,0.0,0.0
5129,3,1.0,1.0,0.0,0.0,,6.5,0.0,100.0,52.0,0.0,38.5,1.0,1.0,0.0,0.0,0.0,3,0,0,0,0.0,0.0,0.0,0.0,0.0,0.0,0.0,0.0,0.0,0.0,0.0,1.0,0.0,0.0,0.0,0.0,0.0,0.0,8,,0.0,0.0,,,,,,,,0,0,0,0,0,0,0,0,1,0,0,1,0,0,1,0,0,0,0,0,0,0,0,0,0,0,0,0,0,0,0.0,1.0,1200.0,3408.1201171875,1054.0,1054.0,2304.06005859375,1054.0,8.435575485229492,7.6534953117370605,0.0,0.0,0.0,0.0,5000.0,5000.0,500.0,3050.0,5000.0,1775.0,1062.5,0.0,350.8800048828125,178.5,0.0,1126.0,0.0,250.0,620.0,0.0,1591.8800048828125,1996.0,3.6696977615356445,1.289970874786377,0.0,0.20000000298023224,0.4000000059604645,0.20000000298023224,0.0,0.0,0.0,0.0,0.0,1.0,0.0,,,,,1.0,0.0,1.0,0.0,0.0,0.0,0.0,0.0,0.0,0.0,0.0,1.0
5136,3,1.0,1.0,1.0,0.0,7.584078405097144,1.0,0.0,1000.0,52.0,1.0,32.91666793823242,0.0,1.0,0.0,0.0,0.0,0,0,0,0,0.0,0.0,0.0,0.0,0.0,0.0,0.0,0.0,0.0,0.0,0.0,0.0,0.0,0.0,0.0,0.0,0.0,0.0,1,7.0,1.0,1.0,5.0,4.0,5.5,3.0,7.0,6.0,325.0,0,0,0,0,0,0,0,0,0,0,0,0,0,0,0,0,0,0,0,0,0,0,0,0,0,0,0,0,0,0,0.0,0.0,0.0,0.0,2460.9296875,2460.9296875,0.0,2460.9296875,0.0,8.501441955566406,0.0,0.0,0.0,0.0,0.0,0.0,5000.0,8844.259765625,0.0,6922.1298828125,0.0,0.0,0.0,0.0,0.0,2033.3299560546875,0.0,1950.0,2400.0,0.0,0.0,6383.330078125,15.121163368225098,3.099465847015381,0.0,0.0,0.0,0.0,0.0,0.0,0.0,0.0,0.0,0.0,0.0,4.0,0.0,11.0,7.0,0.0,0.0,0.0,0.0,0.0,0.0,0.0,0.0,0.0,1.0,0.0,0.0
5137,3,1.0,1.0,0.0,0.0,,0.0,1.0,0.0,98.0,0.0,58.75,2.0,1.0,0.0,0.0,3.0,1,3,7,2,0.0,0.0,0.0,0.0,0.0,0.0,1.0,0.0,0.0,0.0,0.0,0.0,0.0,0.0,0.0,0.0,0.0,0.0,3,,0.0,0.0,,,,,,,,1,0,1,1,1,0,0,0,1,1,0,1,1,1,0,1,1,0,0,1,0,1,0,1,0,1,1,0,0,1,1.0,1.0,500.0,2609.989990234375,4190.0,4190.0,1554.9949951171875,4190.0,8.042374610900879,9.03360366821289,0.0,1.0,0.0,0.0,5500.0,5950.0,8000.0,8200.0,5725.0,8100.0,2125.0,50.0,995.010009765625,170.0,0.0,3000.0,0.0,950.0,60.0,0.0,3340.010009765625,4010.0,2.267317771911621,2.3142857551574707,0.800000011920929,0.4000000059604645,0.6000000238418579,0.6000000238418579,0.6000000238418579,0.4000000059604645,0.6000000238418579,0.5333333611488342,1.0,0.0,1.0,,,,,1.0,1.0,0.0,1.0,1.0,1.0,0.0,0.0,1.0,1.0,1.0,0.0
5139,3,1.0,1.0,0.0,1.0,0.5962190925477215,0.16666670143604279,0.0,20000.0,70.0,0.0,40.41666793823242,0.0,0.0,1.0,1.0,0.0,4,0,0,0,0.0,0.0,0.0,0.0,0.0,0.0,0.0,0.0,0.0,1.0,0.0,0.0,0.0,0.0,0.0,0.0,1.0,0.0,9,1.0,1.0,0.0,,,,,,,,1,1,1,0,1,1,1,0,0,0,0,0,1,1,1,1,0,0,0,0,0,0,0,0,0,0,0,0,0,0,2.0,1.0,2000.0,4434.080078125,880.0,880.0,3217.0400390625,880.0,8.769364356994629,7.473069190979004,2.0,0.0,1.0,0.0,12000.0,13500.0,6000.0,11200.0,12750.0,8600.0,4930.0,1487.5,2648.419921875,0.0,0.0,4800.0,1400.0,3760.0,360.0,0.0,9065.919921875,10320.0,2.295246124267578,1.7916666269302368,0.800000011920929,0.4000000059604645,0.6000000238418579,0.6000000238418579,0.20000000298023224,0.0,0.0,0.06666667014360428,0.0,1.0,1.0,4.0,5.0,,,0.0,0.0,1.0,0.0,0.0,0.0,0.0,1.0,0.0,1.0,1.0,0.0
5143,3,1.0,1.0,0.0,0.0,,15.583333015441895,0.0,400.0,60.0,0.0,35.91666793823242,2.0,1.0,0.0,1.0,0.0,2,2,3,1,0.0,0.0,0.0,0.0,0.0,0.0,0.0,0.0,0.0,0.0,0.0,1.0,0.0,0.0,0.0,0.0,2.0,0.0,9,,0.0,0.0,,,,,,,,0,1,1,0,0,1,0,0,1,1,0,1,1,0,1,1,0,0,0,0,0,0,0,1,0,0,0,0,0,0,1.0,1.0,1200.0,1633.2900390625,3285.0,3285.0,1416.64501953125,3285.0,7.949193954467773,8.790268898010254,1.0,0.0,2.0,0.0,3570.0,4100.0,7000.0,4100.0,3835.0,5550.0,437.75,1230.0,203.95999145507812,595.0,0.0,350.0,150.0,300.0,15.0,0.0,2466.7099609375,815.0,6.784608364105225,12.333333015441895,0.4000000059604645,0.6000000238418579,0.6000000238418579,0.5333333611488342,0.20000000298023224,0.20000000298023224,0.0,0.13333334028720856,1.0,1.0,1.0,,,,,1.0,0.0,1.0,1.0,1.0,1.0,1.0,0.0,0.0,1.0,0.0,1.0
5144,3,1.0,1.0,0.0,1.0,0.5326275448793143,0.25,0.0,2000.0,60.0,1.0,32.41666793823242,1.0,1.0,0.0,0.0,0.0,1,0,0,0,0.0,0.0,0.0,0.0,0.0,0.0,0.0,0.0,0.0,1.0,0.0,0.0,0.0,0.0,0.0,0.0,1.0,0.0,9,8.0,1.0,1.0,3.0,1.5,6.5,3.0,6.5,4.0,325.0,1,1,1,1,0,1,0,0,1,1,0,0,0,1,1,0,0,0,1,0,1,1,1,0,0,1,1,0,0,0,1.0,1.0,2300.0,6787.91015625,4800.0,4800.0,4543.955078125,4800.0,9.114700317382812,9.16951847076416,1.0,0.0,0.0,2.0,4000.0,10800.0,5000.0,7900.0,7400.0,6450.0,2550.0,850.0,602.1399536132812,9.949999809265137,0.0,2000.0,0.0,1090.0,10.0,0.0,4012.090087890625,3100.0,2.402620792388916,2.632652997970581,0.800000011920929,0.6000000238418579,0.4000000059604645,0.6000000238418579,0.20000000298023224,0.6000000238418579,0.4000000059604645,0.4000000059604645,0.0,1.0,0.0,6.0,1.0,8.0,8.0,0.0,0.0,0.0,0.0,0.0,0.0,0.0,0.0,0.0,0.0,0.0,0.0
5145,3,1.0,1.0,0.0,0.0,,16.75,1.0,0.0,70.0,0.0,52.5,4.0,1.0,0.0,0.0,18.0,3,2,6,1,0.0,0.0,0.0,0.0,0.0,0.0,0.0,0.0,0.0,0.0,0.0,0.0,0.0,0.0,1.0,0.0,1.0,0.0,11,,0.0,0.0,,,,,,,,1,0,1,1,1,0,1,1,1,1,1,1,1,1,1,0,1,1,1,1,1,1,1,1,1,1,1,1,1,1,1.0,1.0,1500.0,2684.169921875,5177.7001953125,5177.7001953125,2092.0849609375,5177.7001953125,8.33906364440918,9.24526309967041,1.0,0.0,1.0,0.0,7000.0,7000.0,13000.0,13000.0,7000.0,13000.0,350.0,1200.0,1525.0,1240.8299560546875,0.0,450.0,1800.0,1350.0,1508.300048828125,2714.0,4315.830078125,7822.2998046875,11.570247650146484,20.0,0.800000011920929,0.800000011920929,1.0,0.8666666746139526,0.800000011920929,1.0,1.0,0.9333333373069763,1.0,1.0,1.0,,,,,1.0,1.0,1.0,1.0,1.0,1.0,0.0,0.0,1.0,1.0,1.0,1.0
5146,3,1.0,1.0,0.0,0.0,,0.5833333134651184,0.0,6000.0,52.0,0.0,31.25,2.0,1.0,0.0,1.0,0.0,2,2,7,1,0.0,0.0,0.0,0.0,0.0,0.0,1.0,0.0,0.0,0.0,0.0,0.0,0.0,0.0,0.0,0.0,0.0,0.0,1,,0.0,0.0,,,,,,,,1,1,1,0,1,0,0,0,1,1,0,1,1,0,0,1,0,0,0,0,0,0,0,0,0,0,0,0,0,0,0.0,0.0,0.0,0.0,1012.5,1012.5,0.0,1012.5,0.0,7.613325119018555,0.0,0.0,0.0,0.0,0.0,0.0,4500.0,22312.5,0.0,13406.25,0.0,0.0,0.0,0.0,0.0,20800.0,0.0,500.0,0.0,0.0,0.0,21300.0,15.121163368225098,0.64453125,0.800000011920929,0.4000000059604645,0.4000000059604645,0.5333333611488342,0.20000000298023224,0.0,0.0,0.06666667014360428,1.0,0.0,0.0,,,,,1.0,0.0,1.0,1.0,1.0,1.0,0.0,1.0,0.0,0.0,1.0,0.0
5148,3,1.0,1.0,1.0,0.0,11.411445018590706,5.416666507720947,0.0,800.0,26.0,1.0,32.75,3.0,1.0,0.0,0.0,22.0,2,1,4,2,0.0,0.0,0.0,0.0,0.0,0.0,1.0,0.0,0.0,0.0,0.0,0.0,0.0,0.0,0.0,0.0,0.0,0.0,5,6.0,1.0,1.0,3.0,1.0,6.0,2.0,6.5,4.0,75.0,1,0,1,0,0,0,0,0,1,1,0,1,1,1,0,0,0,0,0,1,0,0,1,0,0,1,0,0,0,0,0.0,0.0,0.0,0.0,3080.0,3080.0,0.0,3080.0,0.0,8.725831985473633,0.0,0.0,0.0,0.0,0.0,0.0,3000.0,15300.0,0.0,9150.0,0.0,0.0,0.0,0.0,0.0,11985.0,0.0,135.0,100.0,0.0,0.0,12220.0,15.121163368225098,0.7634543180465698,0.4000000059604645,0.4000000059604645,0.6000000238418579,0.46666666865348816,0.20000000298023224,0.20000000298023224,0.20000000298023224,0.20000000298023224,1.0,0.0,0.0,,,4.0,2.0,0.0,1.0,1.0,1.0,1.0,1.0,0.0,0.0,0.0,0.0,1.0,1.0
5149,3,1.0,1.0,0.0,0.0,,8.666666984558105,0.0,10000.0,48.0,1.0,40.08333206176758,1.0,1.0,0.0,1.0,30.0,3,1,6,4,0.0,0.0,0.0,0.0,0.0,0.0,0.0,0.0,0.0,0.0,1.0,0.0,0.0,0.0,0.0,0.0,1.0,0.0,8,,0.0,0.0,,,,,,,,0,1,1,0,1,0,0,0,0,0,0,1,1,0,0,0,0,0,0,0,0,0,0,0,0,0,0,0,0,0,2.0,1.0,12000.0,11924.5,2540.0,2540.0,11962.25,2540.0,10.082658767700195,8.533066749572754,1.0,1.0,1.0,0.0,6000.0,24000.0,9000.0,9000.0,15000.0,9000.0,6375.0,2312.5,2155.5,1232.5,0.0,4000.0,1600.0,550.0,310.0,0.0,12075.5,6460.0,2.2058823108673096,2.222222328186035,0.6000000238418579,0.0,0.4000000059604645,0.3333333432674408,0.0,0.0,0.0,0.0,1.0,1.0,1.0,,,,,1.0,1.0,1.0,1.0,1.0,1.0,0.0,1.0,0.0,0.0,1.0,1.0
5160,3,1.0,1.0,0.0,1.0,19.659766109193743,0.6666666865348816,1.0,5200.0,91.0,0.0,42.83333206176758,3.0,1.0,0.0,1.0,0.0,3,0,0,0,0.0,0.0,0.0,0.0,1.0,0.0,0.0,0.0,0.0,0.0,0.0,0.0,0.0,0.0,0.0,0.0,3.0,0.0,9,1.0,1.0,0.0,,,,,,,,1,1,1,1,1,0,0,1,1,1,1,1,1,1,1,0,0,1,0,1,1,1,1,1,1,0,0,0,0,1,3.0,1.0,12000.0,9127.5703125,9822.5,9822.5,10563.78515625,9822.5,9.958333969116211,9.885578155517578,2.0,1.0,2.0,1.0,15000.0,27000.0,19000.0,27000.0,21000.0,23000.0,8500.0,4000.0,4224.93017578125,1147.5,0.0,8400.0,2000.0,4107.5,1770.0,900.0,17872.4296875,17177.5,2.4000027179718018,2.428722381591797,1.0,0.6000000238418579,1.0,0.8666666746139526,0.4000000059604645,1.0,0.20000000298023224,0.5333333611488342,0.0,1.0,1.0,7.0,5.0,,,0.0,0.0,1.0,0.0,0.0,0.0,1.0,1.0,1.0,1.0,1.0,0.0
5163,3,1.0,1.0,0.0,1.0,10.777047606669017,1.75,0.0,2000.0,36.0,1.0,24.16666603088379,1.0,1.0,0.0,1.0,20.0,2,4,7,2,0.0,0.0,0.0,0.0,0.0,0.0,0.0,0.0,0.0,1.0,0.0,0.0,0.0,0.0,0.0,0.0,1.0,0.0,6,7.0,1.0,1.0,3.0,3.5,6.5,7.0,6.5,7.0,2250.0,0,0,0,0,0,0,0,0,0,0,0,0,0,0,0,0,0,0,0,0,0,0,0,0,0,0,0,0,0,0,0.0,0.0,0.0,0.0,1800.0,1800.0,0.0,1800.0,0.0,8.188689231872559,0.0,0.0,0.0,2.0,0.0,0.0,22000.0,28000.0,0.0,25000.0,0.0,0.0,0.0,0.0,0.0,20000.0,3000.0,2200.0,1000.0,0.0,0.0,26200.0,15.121163368225098,1.2376238107681274,0.0,0.0,0.0,0.0,0.0,0.0,0.0,0.0,1.0,1.0,0.0,,,7.0,14.0,0.0,1.0,1.0,1.0,1.0,1.0,0.0,0.0,0.0,1.0,1.0,0.0
5172,3,1.0,1.0,0.0,0.0,,6.833333492279053,0.0,0.0,63.0,0.0,25.58333396911621,0.0,1.0,0.0,1.0,0.5,2,1,4,2,0.0,0.0,0.0,0.0,0.0,0.0,0.0,0.0,0.0,0.0,0.0,1.0,0.0,0.0,0.0,0.0,3.0,0.0,9,,0.0,0.0,,,,,,,,0,0,1,1,0,1,0,1,1,1,0,1,1,0,1,0,0,0,0,0,0,0,0,0,0,0,0,0,0,0,3.0,1.0,1000.0,1125.02001953125,-1498.0,-1498.0,1062.510009765625,-1498.0,7.661536693572998,-8.005033493041992,3.0,0.0,3.0,0.0,5000.0,7000.0,6000.0,6000.0,6000.0,6000.0,800.0,3825.0,1249.97998046875,0.0,0.0,1318.0,2200.0,2080.0,1900.0,0.0,5874.97998046875,7498.0,6.000239849090576,3.7082817554473877,0.4000000059604645,0.800000011920929,0.6000000238418579,0.6000000238418579,0.0,0.0,0.0,0.0,1.0,1.0,1.0,,,,,1.0,1.0,1.0,1.0,1.0,1.0,1.0,0.0,0.0,1.0,0.0,1.0
5176,3,1.0,1.0,0.0,0.0,,22.5,1.0,0.0,70.0,0.0,35.75,3.0,1.0,0.0,1.0,19.0,3,4,7,6,0.0,0.0,0.0,0.0,0.0,0.0,0.0,0.0,0.0,0.0,0.0,0.0,1.0,0.0,0.0,0.0,5.0,0.0,4,,0.0,0.0,,,,,,,,1,1,1,1,0,1,1,0,1,0,0,1,0,0,1,1,0,0,0,1,0,0,0,0,0,0,0,0,0,0,0.0,0.0,0.0,0.0,800.0,800.0,0.0,800.0,0.0,7.3777594566345215,0.0,0.0,4.0,1.0,0.0,0.0,2100.0,4200.0,0.0,3150.0,0.0,0.0,0.0,0.0,0.0,1800.0,500.0,950.0,150.0,0.0,0.0,3400.0,15.121163368225098,1.5750000476837158,0.800000011920929,0.6000000238418579,0.4000000059604645,0.6000000238418579,0.4000000059604645,0.0,0.0,0.13333334028720856,1.0,0.0,1.0,,,,,1.0,1.0,1.0,1.0,1.0,1.0,1.0,0.0,1.0,1.0,0.0,1.0
5180,3,1.0,1.0,0.0,0.0,,1.0,0.0,1800.0,52.0,0.0,32.5,2.0,1.0,0.0,0.0,0.0,2,0,0,0,0.0,0.0,0.0,0.0,0.0,1.0,0.0,0.0,0.0,0.0,0.0,0.0,0.0,0.0,0.0,0.0,0.0,1.0,5,,0.0,0.0,,,,,,,,0,0,0,0,0,0,0,0,0,0,0,0,0,0,0,0,0,0,0,0,0,0,0,0,0,0,0,0,0,0,0.0,0.0,0.0,0.0,12300.0,12300.0,0.0,12300.0,0.0,10.110501289367676,0.0,0.0,0.0,0.0,0.0,0.0,25000.0,48000.0,0.0,36500.0,0.0,0.0,0.0,0.0,0.0,0.0,0.0,34000.0,1700.0,0.0,0.0,35700.0,15.121163368225098,10.134669303894043,0.0,0.0,0.0,0.0,0.0,0.0,0.0,0.0,0.0,0.0,0.0,,,,,1.0,0.0,1.0,0.0,0.0,0.0,0.0,0.0,0.0,0.0,1.0,0.0
5182,3,1.0,1.0,0.0,1.0,7.8164188334029125,1.25,0.0,5000.0,54.0,1.0,34.91666793823242,1.0,0.0,1.0,1.0,4.0,4,3,1,1,0.0,0.0,0.0,0.0,0.0,0.0,0.0,0.0,0.0,0.0,0.0,1.0,0.0,0.0,0.0,0.0,1.0,0.0,9,8.0,1.0,1.0,4.0,4.0,6.0,2.0,7.0,6.0,1250.0,1,1,1,1,1,0,0,0,1,0,1,1,1,1,1,1,1,1,1,1,1,1,0,0,1,0,0,0,0,0,2.0,1.0,3650.0,3729.8203125,11080.0,11080.0,3689.91015625,11080.0,8.90650463104248,10.006044387817383,0.0,2.0,1.0,0.0,7300.0,13000.0,1800.0,13500.0,10150.0,7650.0,7300.0,600.0,1210.1199951171875,80.06999969482422,0.0,1000.0,0.0,850.0,570.0,0.0,9270.1796875,2420.0,1.3904109001159668,6.954545497894287,1.0,0.20000000298023224,1.0,0.7333333492279053,1.0,0.6000000238418579,0.0,0.5333333611488342,1.0,1.0,1.0,7.0,1.0,6.0,4.0,0.0,1.0,1.0,1.0,0.0,1.0,0.0,1.0,0.0,1.0,1.0,0.0
5185,3,1.0,1.0,0.0,1.0,8.530787631048195,7.666666507720947,0.0,200.0,52.0,1.0,38.75,0.0,1.0,0.0,1.0,10.0,2,0,0,0,0.0,0.0,0.0,0.0,0.0,0.0,0.0,0.0,0.0,1.0,0.0,0.0,0.0,0.0,0.0,0.0,0.0,0.0,9,7.0,1.0,1.0,3.0,3.0,3.0,2.0,4.5,6.0,75.0,1,1,1,0,0,0,0,0,1,0,0,1,1,1,1,0,0,0,0,0,0,0,0,0,0,0,0,0,0,0,1.0,1.0,350.0,1434.0,2500.0,2500.0,892.0,2500.0,7.486613750457764,8.517192840576172,1.0,0.0,0.0,0.0,3500.0,7500.0,25000.0,8340.0,5500.0,16670.0,3825.0,1000.0,1232.5,8.5,0.0,5000.0,0.0,240.0,400.0,200.0,6066.0,5840.0,1.1156187057495117,3.181297779083252,0.6000000238418579,0.20000000298023224,0.800000011920929,0.5333333611488342,0.0,0.0,0.0,0.0,0.0,1.0,0.0,2.0,7.0,7.0,6.0,0.0,1.0,1.0,0.0,0.0,0.0,0.0,0.0,0.0,0.0,1.0,1.0
5190,3,1.0,1.0,0.0,0.0,,2.9166667461395264,0.0,5000.0,70.0,1.0,31.25,2.0,1.0,0.0,1.0,0.0,3,2,4,3,0.0,0.0,0.0,0.0,0.0,0.0,0.0,1.0,0.0,0.0,0.0,0.0,0.0,0.0,0.0,0.0,1.0,0.0,6,,0.0,0.0,,,,,,,,0,0,1,0,0,0,0,1,1,0,0,1,1,0,1,1,0,1,0,0,0,0,1,0,0,0,0,0,0,0,2.0,1.0,500.0,2503.860107421875,2492.0,2492.0,1501.9300537109375,2492.0,8.00765323638916,8.513988494873047,2.0,0.0,0.0,1.0,1500.0,4611.25,3000.0,3250.0,3055.625,3125.0,1000.0,892.5,36.0,178.88999938964844,0.0,200.0,0.0,288.0,270.0,0.0,2107.389892578125,758.0,3.0556249618530273,15.625,0.20000000298023224,0.4000000059604645,0.6000000238418579,0.4000000059604645,0.4000000059604645,0.20000000298023224,0.0,0.20000000298023224,1.0,1.0,0.0,,,,,1.0,0.0,1.0,1.0,1.0,1.0,0.0,1.0,0.0,0.0,0.0,0.0
5192,3,1.0,1.0,0.0,1.0,,3.1666667461395264,0.0,0.0,70.0,0.0,49.75,0.0,1.0,0.0,0.0,5.0,3,6,2,2,0.0,0.0,0.0,0.0,0.0,0.0,0.0,0.0,0.0,0.0,0.0,1.0,0.0,0.0,0.0,0.0,2.0,0.0,8,,0.0,0.0,,,,,,,,0,0,0,0,0,0,0,0,0,0,0,0,0,0,0,0,0,0,0,0,0,0,0,0,0,0,0,0,0,0,0.0,0.0,0.0,0.0,3190.0,3190.0,0.0,3190.0,0.0,8.760923385620117,0.0,0.0,2.0,0.0,0.0,0.0,2000.0,8850.0,0.0,5425.0,0.0,0.0,0.0,0.0,0.0,300.0,3000.0,1850.0,510.0,0.0,0.0,5660.0,15.121163368225098,12.05555534362793,0.0,0.0,0.0,0.0,0.0,0.0,0.0,0.0,1.0,1.0,0.0,,,,,0.0,1.0,1.0,1.0,0.0,1.0,1.0,0.0,0.0,1.0,0.0,0.0
5195,3,1.0,1.0,1.0,0.0,0.5817168497585484,0.16666670143604279,0.0,1000.0,60.0,0.0,29.5,1.0,1.0,0.0,1.0,19.0,2,2,7,1,0.0,0.0,0.0,0.0,1.0,0.0,0.0,0.0,0.0,0.0,0.0,0.0,0.0,0.0,0.0,0.0,0.0,0.0,3,7.0,1.0,1.0,4.0,4.0,7.0,1.0,7.0,7.0,2250.0,0,0,0,0,0,0,0,0,0,0,0,0,0,0,0,0,0,0,0,0,0,0,0,0,0,0,0,0,0,0,0.0,0.0,0.0,0.0,890.0,890.0,0.0,890.0,0.0,7.484368801116943,0.0,0.0,0.0,0.0,0.0,0.0,2300.0,2100.0,0.0,2200.0,0.0,0.0,0.0,0.0,0.0,1000.0,0.0,160.0,50.0,0.0,0.0,1210.0,15.121163368225098,2.0,0.0,0.0,0.0,0.0,0.0,0.0,0.0,0.0,1.0,0.0,0.0,8.0,2.0,9.0,1.0,0.0,1.0,1.0,1.0,1.0,1.0,0.0,0.0,0.0,1.0,0.0,0.0
5198,3,1.0,1.0,0.0,0.0,,1.0,0.0,1000.0,52.0,0.0,17.75,0.0,1.0,0.0,0.0,0.0,2,0,0,0,0.0,0.0,0.0,0.0,0.0,0.0,0.0,0.0,0.0,1.0,0.0,0.0,0.0,0.0,0.0,0.0,0.0,0.0,3,,0.0,0.0,,,,,,,,0,0,0,0,0,0,0,0,0,0,0,0,0,0,0,0,0,0,0,0,0,0,0,0,0,0,0,0,0,0,0.0,0.0,0.0,0.0,-324.0,-324.0,0.0,-324.0,0.0,-6.473893165588379,0.0,0.0,0.0,0.0,0.0,0.0,1000.0,1933.0,0.0,1466.5,0.0,0.0,0.0,0.0,0.0,1864.0,0.0,200.0,193.0,0.0,0.0,2257.0,15.121163368225098,0.7105135917663574,0.0,0.0,0.0,0.0,0.0,0.0,0.0,0.0,0.0,0.0,0.0,,,,,1.0,0.0,1.0,0.0,0.0,0.0,0.0,0.0,0.0,0.0,0.0,0.0
5202,3,1.0,1.0,0.0,1.0,6.368815126782978,2.9166667461395264,0.0,1500.0,54.0,0.0,32.66666793823242,0.0,1.0,0.0,1.0,0.0,2,2,4,1,0.0,0.0,0.0,0.0,0.0,0.0,1.0,0.0,0.0,0.0,0.0,0.0,0.0,0.0,0.0,0.0,1.5,0.0,8,8.0,1.0,1.0,3.5,4.0,7.0,1.0,7.0,6.0,2250.0,0,0,1,0,0,0,0,0,1,0,0,1,1,1,0,0,0,0,0,0,0,0,0,0,0,0,0,0,0,0,1.5,1.0,5700.0,11192.380859375,7721.0,7721.0,8446.1904296875,7721.0,9.734618186950684,9.644845962524414,1.0,1.0,1.0,1.0,31000.0,31000.0,4000.0,23000.0,31000.0,13500.0,12112.5,2550.0,4184.6201171875,960.5,0.0,13379.0,0.0,1410.0,490.0,0.0,19807.619140625,15279.0,2.279411792755127,1.0015579462051392,0.20000000298023224,0.20000000298023224,0.6000000238418579,0.3333333432674408,0.0,0.0,0.0,0.0,1.0,1.0,1.0,5.0,4.0,4.0,6.0,0.0,0.0,1.0,1.0,1.0,1.0,1.0,0.0,0.0,1.0,1.0,0.0
5203,3,1.0,1.0,1.0,0.0,3.7506274076374817,1.5,0.0,100.0,50.0,1.0,50.33333206176758,3.0,1.0,0.0,1.0,0.0,2,3,7,2,0.0,0.0,0.0,0.0,0.0,0.0,0.0,0.0,0.0,0.0,0.0,0.0,0.0,0.0,0.0,0.0,0.0,0.0,4,8.0,1.0,1.0,5.0,7.0,5.0,3.0,4.0,4.0,1250.0,1,0,0,0,0,1,0,1,1,1,0,0,1,0,0,0,1,0,0,0,1,0,0,0,0,0,0,0,0,0,0.0,0.0,0.0,0.0,-1210.0,-1210.0,0.0,-1210.0,0.0,-7.791522979736328,0.0,0.0,0.0,0.0,0.0,0.0,300.0,1341.0,0.0,820.5,0.0,0.0,0.0,0.0,0.0,1851.0,0.0,200.0,500.0,0.0,0.0,2551.0,15.121163368225098,0.64453125,0.20000000298023224,0.800000011920929,0.20000000298023224,0.4000000059604645,0.20000000298023224,0.20000000298023224,0.0,0.13333334028720856,1.0,0.0,0.0,12.0,3.0,,,0.0,0.0,1.0,1.0,1.0,1.0,0.0,0.0,0.0,0.0,0.0,0.0
5206,3,1.0,1.0,0.0,0.0,,1.3333333730697632,1.0,5000.0,52.0,1.0,32.33333206176758,2.0,1.0,0.0,1.0,0.0,2,0,0,0,1.0,0.0,0.0,0.0,0.0,0.0,0.0,0.0,0.0,0.0,0.0,0.0,0.0,0.0,0.0,0.0,9.5,0.0,5,,0.0,0.0,,,,,,,,1,1,1,1,1,1,0,1,1,1,1,1,1,1,1,1,1,1,1,1,1,1,1,1,1,1,1,1,1,1,6.0,1.0,5000.0,18512.669921875,-8325.0,-8325.0,11756.3349609375,-8325.0,10.06529426574707,-10.796427726745605,1.0,10.0,9.0,1.0,30000.0,30000.0,80000.0,114667.0,30000.0,97333.5,8000.0,2500.0,799.8599853515625,187.47000122070312,0.0,96667.0,35000.0,6233.0,1190.0,0.0,11487.330078125,129545.0,3.75,1.0058542490005493,1.0,0.800000011920929,1.0,0.9333333373069763,1.0,1.0,1.0,1.0,0.0,0.0,1.0,,,,,1.0,0.0,1.0,0.0,0.0,0.0,1.0,1.0,1.0,1.0,1.0,0.0
5210,3,1.0,1.0,0.0,0.0,,4.0,0.0,300.0,52.0,1.0,44.08333206176758,5.0,1.0,0.0,1.0,0.0,4,0,0,0,0.0,0.0,0.0,0.0,0.0,0.0,0.0,0.0,0.0,0.0,0.0,0.0,0.0,0.0,1.0,0.0,2.0,0.0,3,,0.0,0.0,,,,,,,,1,0,1,0,1,1,1,0,0,1,1,1,1,0,1,0,0,0,0,0,0,0,0,0,0,0,0,0,0,0,0.0,1.0,4000.0,3919.919921875,11060.0,11060.0,3959.9599609375,11060.0,8.977136611938477,10.004237174987793,0.0,0.0,1.0,1.0,5000.0,5000.0,14500.0,14000.0,5000.0,14250.0,300.0,0.0,760.0999755859375,19.979999542236328,0.0,1800.0,0.0,940.0,200.0,0.0,1080.0799560546875,2940.0,12.5,7.5,0.6000000238418579,0.6000000238418579,0.800000011920929,0.6666666865348816,0.0,0.0,0.0,0.0,0.0,0.0,1.0,,,,,1.0,0.0,1.0,0.0,0.0,0.0,1.0,0.0,0.0,1.0,1.0,1.0
5213,3,1.0,1.0,0.0,0.0,,1.0833333730697632,0.0,4000.0,70.0,0.0,31.33333396911621,1.0,0.0,1.0,1.0,26.0,10,4,2,2,0.0,0.0,0.0,0.0,0.0,0.0,0.0,0.0,0.0,0.0,0.0,0.0,0.0,1.0,0.0,0.0,2.0,0.0,9,,0.0,0.0,,,,,,,,1,0,0,1,0,0,0,0,0,0,0,1,1,1,1,0,0,1,1,0,0,0,0,0,0,0,0,0,0,0,1.0,1.0,1000.0,875.02001953125,-1823.0,-1823.0,937.510009765625,-1823.0,7.536375045776367,-8.201386451721191,0.0,1.0,2.0,0.0,3200.0,3300.0,4300.0,4800.0,3250.0,4550.0,600.0,250.0,549.97998046875,425.0,600.0,873.0,1200.0,2600.0,1600.0,350.0,2424.97998046875,6623.0,5.416666507720947,3.0889341831207275,0.4000000059604645,0.0,0.800000011920929,0.4000000059604645,0.4000000059604645,0.0,0.0,0.13333334028720856,1.0,1.0,1.0,,,,,1.0,1.0,1.0,1.0,0.0,1.0,1.0,1.0,0.0,1.0,0.0,0.0
5221,3,1.0,1.0,0.0,1.0,6.083539716886965,3.5833332538604736,1.0,8000.0,52.0,1.0,44.91666793823242,3.0,1.0,0.0,1.0,0.0,2,0,0,0,1.0,0.0,0.0,0.0,0.0,0.0,0.0,0.0,0.0,0.0,0.0,0.0,0.0,0.0,0.0,0.0,8.0,0.0,5,7.0,1.0,1.0,4.5,7.0,5.5,6.0,7.0,6.0,2250.0,1,1,1,1,1,1,1,1,1,1,1,1,1,1,1,1,1,1,1,1,1,1,1,1,1,1,1,1,1,1,17.0,1.0,80000.0,71130.015625,31300.0,31300.0,75565.0078125,31300.0,11.925895690917969,11.044520378112793,0.0,17.0,0.0,15.0,289000.0,289000.0,85000.0,85000.0,289000.0,85000.0,135000.0,73312.5,8372.5,1184.989990234375,0.0,30200.0,15000.0,5500.0,2000.0,1000.0,217869.984375,53700.0,2.1407406330108643,2.6813879013061523,1.0,1.0,1.0,1.0,1.0,1.0,1.0,1.0,0.0,0.0,1.0,8.0,6.0,12.0,11.0,0.0,0.0,1.0,0.0,0.0,0.0,1.0,1.0,1.0,1.0,1.0,1.0
5225,3,1.0,1.0,1.0,0.0,8.392138327829803,9.833333015441895,0.0,2500.0,60.0,1.0,39.66666793823242,2.0,1.0,0.0,0.0,28.0,7,1,2,2,0.0,0.0,0.0,0.0,0.0,0.0,0.0,0.0,0.0,0.0,0.0,1.0,0.0,0.0,0.0,0.0,8.0,0.0,11,4.0,1.0,0.0,,,6.0,5.0,6.5,7.0,750.0,0,0,0,0,0,1,1,0,0,0,0,1,0,1,1,0,1,1,1,1,0,0,0,0,0,1,1,0,0,0,7.0,1.0,10000.0,8272.5390625,2010.0,2010.0,9136.26953125,2010.0,9.813154220581055,8.299036979675293,7.0,0.0,8.0,0.0,47072.0,47072.0,50000.0,39400.0,47072.0,44700.0,4500.0,18472.0,14127.4501953125,1400.0400390625,0.0,4500.0,21000.0,10450.0,1440.0,0.0,38799.4609375,37390.0,8.143986701965332,7.842105388641357,0.0,0.4000000059604645,0.6000000238418579,0.3333333432674408,0.800000011920929,0.0,0.4000000059604645,0.4000000059604645,1.0,1.0,1.0,6.0,3.0,,,0.0,1.0,1.0,1.0,0.0,1.0,1.0,0.0,0.0,1.0,1.0,1.0
5226,3,0.0,1.0,0.0,0.0,,0.16666670143604279,0.0,1700.0,16.0,1.0,30.5,2.0,1.0,0.0,0.0,8.0,3,1,4,1,0.0,0.0,0.0,0.0,0.0,0.0,0.0,1.0,0.0,0.0,0.0,0.0,0.0,0.0,0.0,0.0,2.0,0.0,5,,0.0,0.0,,,,,,,,0,0,0,0,0,0,0,0,0,0,0,0,0,0,0,0,0,0,0,0,0,0,0,0,0,0,0,0,0,0,0.0,1.0,2800.0,2726.5400390625,5770.0,5770.0,2763.27001953125,5770.0,8.617317199707031,9.353574752807617,0.0,0.0,0.0,4.0,3950.0,3950.0,1500.0,14500.0,3950.0,8000.0,1200.0,0.0,23.459999084472656,0.0,0.0,4405.0,4000.0,325.0,0.0,0.0,1223.4599609375,8730.0,3.2916667461395264,1.7185821533203125,0.0,0.0,0.0,0.0,0.0,0.0,0.0,0.0,1.0,0.0,0.0,,,,,1.0,1.0,1.0,1.0,1.0,1.0,1.0,0.0,0.0,0.0,1.0,0.0
5239,3,1.0,1.0,1.0,0.0,6.483002519452475,48.91666793823242,1.0,0.0,49.0,1.0,54.41666793823242,2.0,1.0,0.0,0.0,0.0,3,2,3,4,0.0,0.0,0.0,0.0,0.0,0.0,0.0,0.0,0.0,0.0,0.0,1.0,0.0,0.0,0.0,0.0,1.0,0.0,11,8.0,1.0,1.0,,,6.5,3.0,6.0,7.0,1750.0,0,1,1,1,1,0,0,0,0,0,0,1,1,1,1,1,0,0,0,1,0,0,0,1,1,0,0,0,0,0,1.0,1.0,2000.0,2149.010009765625,3031.0,3031.0,2074.5048828125,3031.0,8.3306245803833,8.709794998168945,0.0,1.0,1.0,0.0,3875.0,4375.0,10000.0,5000.0,4125.0,7500.0,1100.0,0.0,976.010009765625,149.97999572753906,0.0,500.0,0.0,1019.0,450.0,0.0,2225.989990234375,1969.0,3.4375,8.823529243469238,0.800000011920929,0.0,0.800000011920929,0.5333333611488342,0.4000000059604645,0.4000000059604645,0.0,0.2666666805744171,1.0,1.0,1.0,3.0,0.0,7.0,7.0,0.0,0.0,1.0,1.0,1.0,1.0,0.0,0.0,1.0,1.0,0.0,1.0
5245,3,1.0,1.0,0.0,1.0,6.957359871231552,4.666666507720947,1.0,50000.0,50.0,0.0,51.25,1.0,1.0,0.0,0.0,30.0,2,3,7,7,0.0,0.0,0.0,0.0,0.0,0.0,0.0,0.0,0.0,0.0,0.0,0.0,0.0,0.0,0.0,0.0,1.0,0.0,3,8.0,1.0,1.0,5.0,5.0,6.5,7.0,7.0,5.0,2250.0,1,0,1,1,1,1,1,0,1,0,1,1,1,1,1,1,1,1,0,1,1,1,0,0,1,0,0,0,0,1,0.0,1.0,2500.0,2690.77978515625,2555.0,2555.0,2595.389892578125,2555.0,8.554638862609863,8.538954734802246,0.0,0.0,1.0,0.0,6890.0,7450.0,4500.0,8100.0,7170.0,6300.0,0.0,0.0,2774.0,1785.2099609375,0.0,0.0,0.0,2710.0,2835.0,0.0,4759.22021484375,5545.0,100.0,10.327868461608887,0.800000011920929,0.6000000238418579,1.0,0.800000011920929,0.800000011920929,0.6000000238418579,0.20000000298023224,0.5333333611488342,1.0,0.0,1.0,7.0,6.0,7.0,6.0,0.0,1.0,1.0,1.0,1.0,1.0,0.0,1.0,1.0,0.0,0.0,1.0
5249,3,1.0,1.0,0.0,1.0,,0.6666666865348816,0.0,500.0,45.0,1.0,30.75,3.0,1.0,0.0,0.0,0.0,2,3,2,1,0.0,0.0,0.0,0.0,0.0,0.0,0.0,1.0,0.0,0.0,0.0,0.0,0.0,0.0,0.0,0.0,0.0,0.0,1,,0.0,0.0,,,,,,,,0,0,0,0,0,0,0,0,0,0,0,0,0,0,0,0,0,0,0,0,0,0,0,0,0,0,0,0,0,0,0.0,0.0,0.0,0.0,1930.0,1930.0,0.0,1930.0,0.0,8.2584228515625,0.0,0.0,0.0,0.0,0.0,0.0,500.0,2600.0,0.0,1550.0,0.0,0.0,0.0,0.0,0.0,600.0,0.0,40.0,30.0,0.0,0.0,670.0,15.121163368225098,2.5833332538604736,0.0,0.0,0.0,0.0,0.0,0.0,0.0,0.0,0.0,0.0,0.0,,,,,0.0,0.0,1.0,1.0,0.0,1.0,0.0,0.0,0.0,0.0,0.0,0.0
5250,3,1.0,1.0,0.0,0.0,,1.0,0.0,5000.0,52.0,1.0,30.16666603088379,2.0,1.0,0.0,1.0,0.0,2,0,0,0,0.0,0.0,0.0,0.0,0.0,0.0,0.0,0.0,0.0,0.0,0.0,0.0,1.0,0.0,0.0,0.0,0.0,0.0,3,,0.0,0.0,,,,,,,,1,1,1,1,0,1,0,0,1,1,0,0,0,0,1,0,0,0,0,0,0,0,0,0,0,0,0,0,0,0,0.0,0.0,0.0,0.0,2950.0,2950.0,0.0,2950.0,0.0,8.682707786560059,0.0,0.0,0.0,0.0,0.0,0.0,4500.0,4500.0,0.0,4500.0,0.0,0.0,0.0,0.0,0.0,1200.0,0.0,350.0,0.0,0.0,0.0,1550.0,15.121163368225098,3.75,0.800000011920929,0.6000000238418579,0.20000000298023224,0.5333333611488342,0.0,0.0,0.0,0.0,0.0,0.0,0.0,,,,,1.0,0.0,1.0,0.0,0.0,0.0,0.0,1.0,0.0,0.0,0.0,0.0
5251,3,1.0,1.0,0.0,0.0,,2.75,1.0,3000.0,50.0,1.0,43.0,1.0,1.0,0.0,1.0,15.0,3,3,2,1,0.0,0.0,0.0,0.0,0.0,0.0,0.0,0.0,0.0,0.0,0.0,0.0,1.0,0.0,0.0,0.0,6.5,0.0,5,,0.0,0.0,,,,,,,,1,0,1,1,0,1,1,0,1,0,0,1,0,1,1,1,1,1,0,1,1,1,1,1,1,1,1,1,1,1,6.5,1.0,7000.0,6837.6103515625,6605.0,6605.0,6918.80517578125,6605.0,9.53514575958252,9.488729476928711,5.0,3.0,5.0,3.0,18000.0,18000.0,35000.0,22000.0,18000.0,28500.0,800.0,8912.5,0.0,1449.8900146484375,0.0,3500.0,8775.0,1200.0,1920.0,0.0,11162.3896484375,15395.0,22.5,8.142857551574707,0.6000000238418579,0.6000000238418579,0.6000000238418579,0.6000000238418579,0.800000011920929,1.0,1.0,0.9333333373069763,1.0,0.0,1.0,,,,,1.0,1.0,1.0,1.0,0.0,1.0,1.0,0.0,1.0,0.0,1.0,0.0
5253,3,1.0,1.0,1.0,0.0,1.1369354062108024,4.25,0.0,3500.0,70.0,0.0,29.58333396911621,2.0,1.0,0.0,1.0,21.0,3,3,1,1,0.0,0.0,0.0,0.0,0.0,0.0,0.0,0.0,0.0,0.0,0.0,0.0,1.0,0.0,0.0,0.0,2.0,0.0,8,7.0,1.0,1.0,6.0,5.0,5.5,6.0,5.0,6.0,325.0,1,0,0,0,0,1,0,0,0,1,1,1,1,1,0,0,0,0,0,0,0,0,0,0,1,0,0,0,0,0,1.5,1.0,2000.0,5533.56982421875,8226.0,8226.0,3766.784912109375,8226.0,8.9271240234375,9.708202362060547,1.0,1.0,2.0,0.0,10000.0,10000.0,10000.0,15876.0,10000.0,12938.0,1069.969970703125,1785.0,599.9600219726562,1011.5,0.0,900.0,5400.0,1350.0,0.0,0.0,4466.43017578125,7650.0,8.54722785949707,11.761817932128906,0.20000000298023224,0.4000000059604645,0.800000011920929,0.46666666865348816,0.0,0.20000000298023224,0.0,0.06666667014360428,1.0,1.0,1.0,9.0,2.0,12.0,10.0,0.0,1.0,1.0,1.0,0.0,1.0,1.0,1.0,0.0,1.0,1.0,1.0
5254,3,1.0,1.0,0.0,0.0,,1.0,0.0,1500.0,52.0,1.0,23.91666603088379,2.0,0.0,1.0,1.0,4.0,2,1,2,3,0.0,0.0,0.0,0.0,0.0,0.0,0.0,0.0,0.0,0.0,0.0,1.0,0.0,0.0,0.0,0.0,3.0,0.0,3,,0.0,0.0,,,,,,,,1,0,1,1,1,1,0,0,0,1,1,1,1,1,1,0,0,0,0,1,1,0,0,1,0,0,0,0,0,0,3.0,1.0,4000.0,4205.490234375,6800.0,6800.0,4102.7451171875,6800.0,9.012558937072754,9.51782512664795,3.0,0.0,3.0,0.0,26000.0,27500.0,15000.0,19000.0,26750.0,17000.0,14000.0,3800.0,4857.009765625,637.5,0.0,3000.0,2000.0,4420.0,2780.0,0.0,23294.509765625,12200.0,1.844826340675354,5.3125,0.800000011920929,0.4000000059604645,1.0,0.7333333492279053,0.20000000298023224,0.4000000059604645,0.0,0.20000000298023224,1.0,0.0,1.0,,,,,1.0,1.0,1.0,1.0,0.0,1.0,1.0,0.0,0.0,1.0,1.0,0.0
5256,3,1.0,1.0,0.0,0.0,,5.916666507720947,0.0,1200.0,45.0,1.0,58.5,3.0,1.0,0.0,0.0,0.0,3,1,3,2,0.0,0.0,0.0,0.0,0.0,0.0,0.0,0.0,0.0,0.0,0.0,0.0,0.0,0.0,0.0,1.0,2.5,0.0,1,,0.0,0.0,,,,,,,,1,0,1,1,0,0,1,0,0,0,0,1,0,0,1,1,0,1,0,1,1,1,1,1,1,1,0,0,0,1,3.0,1.0,950.0,848.199951171875,1540.0,1540.0,899.0999755859375,1540.0,7.494541645050049,8.032685279846191,3.0,0.0,2.0,1.0,3590.0,3590.0,1800.0,3590.0,3590.0,2695.0,1000.0,1450.0,241.82000732421875,49.97999954223633,0.0,700.0,1000.0,200.0,150.0,0.0,2741.800048828125,2050.0,2.9917664527893066,3.8499999046325684,0.6000000238418579,0.20000000298023224,0.4000000059604645,0.4000000059604645,0.6000000238418579,1.0,0.4000000059604645,0.6666666865348816,1.0,0.0,0.0,,,,,1.0,0.0,1.0,1.0,1.0,1.0,1.0,0.0,0.0,0.0,0.0,1.0
5258,3,1.0,1.0,0.0,0.0,,1.0,0.0,1500.0,52.0,0.0,17.25,0.0,1.0,0.0,0.0,2.0,3,0,0,0,0.0,0.0,0.0,0.0,0.0,0.0,0.0,0.0,0.0,0.0,0.0,0.0,0.0,0.0,0.0,0.0,0.0,0.0,5,,0.0,0.0,,,,,,,,0,0,0,0,0,0,0,0,0,0,0,0,0,0,0,0,0,0,0,0,0,0,0,0,0,0,0,0,0,0,0.0,0.0,0.0,0.0,476.0,476.0,0.0,476.0,0.0,6.8585662841796875,0.0,0.0,0.0,0.0,0.0,0.0,2400.0,3000.0,0.0,2700.0,0.0,0.0,0.0,0.0,0.0,2000.0,0.0,24.0,500.0,0.0,0.0,2524.0,15.121163368225098,1.350000023841858,0.0,0.0,0.0,0.0,0.0,0.0,0.0,0.0,0.0,0.0,0.0,,,,,1.0,1.0,1.0,0.0,0.0,0.0,0.0,0.0,0.0,0.0,0.0,0.0
5260,3,1.0,1.0,0.0,1.0,1.5729701963853662,8.166666984558105,0.0,1000.0,70.0,1.0,34.0,6.0,1.0,0.0,1.0,22.0,2,0,0,0,0.0,0.0,1.0,0.0,0.0,0.0,0.0,0.0,0.0,0.0,0.0,0.0,0.0,0.0,0.0,0.0,1.0,0.0,9,8.0,1.0,1.0,1.0,1.0,7.0,1.0,6.5,7.0,2250.0,0,0,0,0,0,0,0,0,0,1,0,1,0,0,0,0,0,0,0,0,0,0,0,0,0,0,0,0,0,0,0.0,1.0,2000.0,2165.27001953125,1581.0,1581.0,2082.635009765625,1581.0,8.3345365524292,8.0589599609375,0.0,0.0,1.0,0.0,6000.0,6000.0,10000.0,5350.0,6000.0,7675.0,2197.25,0.0,1637.47998046875,0.0,0.0,1800.0,425.0,584.0,960.0,0.0,3834.72998046875,3769.0,1.5646473169326782,3.9358973503112793,0.0,0.20000000298023224,0.20000000298023224,0.13333334028720856,0.0,0.0,0.0,0.0,0.0,1.0,0.0,4.0,2.0,8.0,9.0,0.0,1.0,1.0,0.0,0.0,0.0,0.0,0.0,0.0,0.0,1.0,1.0
5263,3,1.0,1.0,0.0,1.0,7.889852572367108,4.166666507720947,0.0,500.0,70.0,1.0,32.25,0.0,1.0,0.0,0.0,12.0,2,0,0,0,0.0,0.0,0.0,0.0,0.0,0.0,0.0,0.0,0.0,0.0,0.0,1.0,0.0,0.0,0.0,0.0,1.0,0.0,8,8.0,1.0,1.0,4.0,3.0,7.0,2.0,6.5,6.0,1250.0,1,1,1,1,0,1,0,0,0,0,0,1,1,0,1,1,0,0,0,0,0,0,0,0,1,0,0,0,0,0,1.0,1.0,500.0,508.010009765625,1288.0,1288.0,504.0050048828125,1288.0,6.91573429107666,7.8539934158325195,1.0,0.0,0.0,1.0,2000.0,2000.0,1000.0,2500.0,2000.0,1750.0,600.0,500.0,361.97998046875,30.010000228881836,0.0,400.0,0.0,662.0,150.0,0.0,1491.989990234375,1212.0,2.105285406112671,2.692307710647583,0.800000011920929,0.20000000298023224,0.6000000238418579,0.5333333611488342,0.20000000298023224,0.20000000298023224,0.0,0.13333334028720856,0.0,1.0,0.0,3.0,1.0,6.0,8.0,0.0,1.0,1.0,0.0,0.0,0.0,0.0,0.0,0.0,0.0,0.0,1.0
5265,3,1.0,1.0,1.0,0.0,,11.916666984558105,0.0,3500.0,52.0,1.0,37.58333206176758,3.0,1.0,0.0,0.0,21.0,2,0,0,0,0.0,0.0,0.0,0.0,0.0,0.0,0.0,1.0,0.0,0.0,0.0,0.0,0.0,0.0,0.0,0.0,0.0,0.0,1,,0.0,0.0,,,,,,,,1,1,0,0,0,0,0,1,0,1,0,1,0,1,1,0,1,1,1,0,0,0,0,0,0,0,0,0,0,0,0.0,1.0,1500.0,3100.490234375,2502.0,2502.0,2300.2451171875,2502.0,8.433917999267578,8.517992973327637,0.0,0.0,0.0,0.0,8650.0,8500.0,3500.0,6000.0,8575.0,4750.0,3000.0,0.0,1294.510009765625,1105.0,0.0,2118.0,0.0,900.0,480.0,0.0,5399.509765625,3498.0,2.8583333492279053,2.2426817417144775,0.4000000059604645,0.4000000059604645,0.6000000238418579,0.46666666865348816,0.6000000238418579,0.0,0.0,0.20000000298023224,0.0,0.0,0.0,,,,,0.0,1.0,1.0,0.0,0.0,0.0,0.0,1.0,0.0,0.0,0.0,1.0
5267,3,1.0,1.0,0.0,0.0,,17.16666603088379,0.0,500.0,48.0,1.0,54.08333206176758,1.0,1.0,0.0,1.0,0.0,2,4,1,7,0.0,0.0,0.0,0.0,0.0,0.0,0.0,1.0,0.0,0.0,0.0,0.0,0.0,0.0,0.0,0.0,1.5,0.0,1,,0.0,0.0,,,,,,,,1,1,1,0,1,1,0,1,1,1,1,1,1,1,1,1,0,0,0,0,0,0,0,1,0,0,0,0,0,0,0.0,0.0,0.0,0.0,2166.0,2166.0,0.0,2166.0,0.0,8.373785018920898,0.0,0.0,1.0,1.0,0.0,0.0,4000.0,4818.0,0.0,4409.0,0.0,0.0,0.0,0.0,0.0,2132.0,0.0,250.0,270.0,0.0,0.0,2652.0,15.121163368225098,1.932077169418335,0.800000011920929,0.800000011920929,1.0,0.8666666746139526,0.20000000298023224,0.20000000298023224,0.0,0.13333334028720856,0.0,0.0,0.0,,,,,1.0,0.0,1.0,1.0,0.0,1.0,1.0,0.0,0.0,0.0,0.0,1.0
5271,3,1.0,1.0,1.0,0.0,0.8159116991784373,1.0833333730697632,0.0,1000.0,52.0,0.0,31.16666603088379,0.0,1.0,0.0,0.0,16.0,2,4,4,1,0.0,0.0,0.0,0.0,0.0,0.0,0.0,0.0,0.0,0.0,0.0,1.0,0.0,0.0,0.0,0.0,1.0,0.0,8,6.0,1.0,1.0,,,7.0,7.0,7.0,7.0,75.0,1,0,1,1,0,0,0,1,1,1,0,1,1,0,0,0,0,0,0,0,0,0,0,0,0,0,0,0,0,0,1.5,1.0,2500.0,3651.39990234375,1815.0,1815.0,3075.699951171875,1815.0,8.724434852600098,8.196988105773926,1.0,1.0,1.0,0.0,5000.0,6963.0,3000.0,3600.0,5981.5,3300.0,400.0,1700.0,574.0999755859375,637.5,0.0,375.0,0.0,1100.0,310.0,0.0,3311.60009765625,1785.0,11.963000297546387,6.947368621826172,0.6000000238418579,0.6000000238418579,0.4000000059604645,0.5333333611488342,0.0,0.0,0.0,0.0,1.0,1.0,0.0,0.0,0.0,3.0,5.0,0.0,1.0,1.0,1.0,1.0,1.0,0.0,0.0,0.0,1.0,0.0,0.0
5272,3,1.0,1.0,0.0,0.0,,1.5,1.0,275000.0,45.0,1.0,42.91666793823242,5.0,1.0,0.0,1.0,0.0,2,1,7,1,0.0,0.0,0.0,0.0,0.0,1.0,0.0,0.0,0.0,0.0,0.0,0.0,0.0,0.0,0.0,0.0,5.0,0.0,1,,0.0,0.0,,,,,,,,1,0,0,0,0,0,0,0,0,0,0,0,1,0,0,1,1,1,1,1,1,0,0,0,0,0,0,0,0,0,1.0,1.0,4000.0,1437.58984375,5000.0,5000.0,2718.794921875,5000.0,8.601091384887695,9.21034049987793,1.0,0.0,4.0,1.0,6000.0,6000.0,40000.0,40000.0,6000.0,40000.0,0.0,0.0,2000.0899658203125,2562.320068359375,0.0,20000.0,8000.0,2000.0,4000.0,1000.0,4562.41015625,35000.0,15.121163368225098,2.0,0.20000000298023224,0.0,0.20000000298023224,0.13333334028720856,1.0,0.20000000298023224,0.0,0.4000000059604645,1.0,0.0,1.0,,,,,1.0,0.0,1.0,1.0,1.0,1.0,1.0,1.0,1.0,0.0,1.0,0.0
5278,3,1.0,1.0,0.0,1.0,7.614373337002136,2.5,1.0,15000.0,70.0,0.0,42.16666793823242,0.0,0.0,1.0,1.0,41.0,2,1,2,2,0.0,0.0,0.0,0.0,0.0,0.0,0.0,0.0,0.0,0.0,0.0,0.0,0.0,0.0,0.0,0.0,5.0,0.0,11,6.0,1.0,1.0,4.0,5.0,6.0,6.0,6.0,7.0,325.0,1,1,1,1,1,1,0,0,1,1,1,1,1,1,1,0,1,1,1,1,1,1,1,1,1,0,0,0,0,1,4.5,1.0,22500.0,14275.71875,2100.0,2100.0,18387.859375,2100.0,10.512593269348145,8.342840194702148,4.0,1.0,5.0,0.0,165991.203125,165991.203125,135000.0,135000.0,165991.203125,135000.0,137127.265625,6300.0,6049.9599609375,2238.260009765625,0.0,112500.0,8700.0,8100.0,3600.0,0.0,151715.484375,129545.0,1.2096084356307983,1.1968084573745728,1.0,0.6000000238418579,1.0,0.8666666746139526,0.800000011920929,1.0,0.20000000298023224,0.6666666865348816,1.0,1.0,1.0,7.0,2.0,7.0,10.0,0.0,1.0,1.0,1.0,0.0,1.0,1.0,1.0,1.0,1.0,1.0,0.0
5279,3,1.0,1.0,1.0,0.0,,4.333333492279053,1.0,5000.0,84.0,0.0,54.5,1.0,0.0,1.0,1.0,0.0,2,4,7,7,0.0,0.0,0.0,0.0,0.0,0.0,1.0,0.0,0.0,0.0,0.0,0.0,0.0,0.0,0.0,0.0,2.5,0.0,8,,0.0,0.0,,,,,,,,1,1,1,1,1,1,1,0,1,1,1,1,1,1,1,1,1,0,0,1,1,1,1,1,1,1,1,0,0,1,1.0,1.0,6000.0,7277.259765625,412.0,412.0,6638.6298828125,412.0,9.493807792663574,6.714171886444092,1.0,0.0,1.0,2.0,30000.0,30000.0,8000.0,23800.0,30000.0,15900.0,13600.0,0.0,7162.509765625,1960.22998046875,0.0,11900.0,5000.0,5750.0,738.0,0.0,22722.740234375,23388.0,2.1739115715026855,1.336134433746338,1.0,0.800000011920929,1.0,0.9333333373069763,0.6000000238418579,1.0,0.6000000238418579,0.7333333492279053,1.0,1.0,1.0,,,,,0.0,0.0,1.0,1.0,1.0,1.0,1.0,1.0,1.0,1.0,1.0,1.0
5281,3,1.0,1.0,0.0,0.0,,2.9166667461395264,1.0,400.0,60.0,1.0,53.0,2.0,1.0,0.0,1.0,0.0,2,1,4,7,0.0,0.0,0.0,0.0,0.0,0.0,0.0,0.0,0.0,1.0,0.0,0.0,0.0,0.0,0.0,0.0,1.5,0.0,1,,0.0,0.0,,,,,,,,1,1,1,1,0,1,1,1,1,1,1,0,0,1,1,1,1,0,0,1,1,1,0,1,0,0,0,0,0,0,1.0,1.0,6000.0,4650.5,7659.0,7659.0,5325.25,7659.0,9.273362159729004,9.636783599853516,0.0,1.0,1.0,1.0,11000.0,11000.0,4500.0,18000.0,11000.0,11250.0,5525.0,0.0,824.5,0.0,0.0,9041.0,150.0,650.0,500.0,0.0,6349.5,10341.0,1.8566967248916626,1.2043678760528564,0.800000011920929,1.0,0.6000000238418579,0.800000011920929,0.6000000238418579,0.6000000238418579,0.0,0.4000000059604645,1.0,0.0,1.0,,,,,1.0,0.0,1.0,1.0,1.0,1.0,1.0,0.0,1.0,0.0,1.0,0.0
5284,3,1.0,1.0,1.0,0.0,2.7644093473852624,5.916666507720947,0.0,15000.0,70.0,0.0,31.5,3.0,0.0,1.0,1.0,29.0,2,0,0,0,0.0,0.0,0.0,0.0,0.0,0.0,0.0,0.0,0.0,0.0,0.0,0.0,0.0,0.0,1.0,0.0,9.0,0.0,8,8.0,1.0,1.0,3.5,5.0,5.0,3.0,5.0,7.0,1250.0,1,1,1,1,1,1,0,0,1,1,1,1,1,1,1,1,1,1,1,1,1,1,1,0,1,1,1,1,1,0,10.0,1.0,4200.0,4219.669921875,-8325.0,-8325.0,4209.8349609375,-8325.0,9.038326263427734,-10.933107376098633,4.0,6.0,8.0,1.0,11000.0,17531.0,30000.0,55000.0,14265.5,42500.0,4200.10986328125,6000.0,1870.8900146484375,1240.3299560546875,0.0,18500.0,15000.0,30500.0,10000.0,9000.0,13311.330078125,83000.0,3.220116138458252,1.2686567306518555,1.0,0.6000000238418579,1.0,0.8666666746139526,1.0,0.800000011920929,0.800000011920929,0.8666666746139526,0.0,1.0,1.0,8.0,4.0,13.0,7.0,0.0,1.0,1.0,0.0,0.0,0.0,1.0,1.0,0.0,1.0,1.0,1.0
5287,3,1.0,1.0,0.0,1.0,1.0759790733495795,6.666666507720947,0.0,0.0,70.0,1.0,35.41666793823242,2.0,0.0,1.0,0.0,0.0,2,1,7,4,0.0,0.0,0.0,0.0,0.0,0.0,0.0,0.0,0.0,0.0,0.0,1.0,0.0,0.0,0.0,0.0,1.0,0.0,1,7.0,1.0,1.0,2.0,2.0,6.5,6.0,6.5,6.0,75.0,1,0,1,1,1,0,0,0,1,1,0,1,1,1,1,0,0,0,0,0,0,0,0,0,0,0,0,0,0,0,0.0,1.0,3000.0,679.5,-110.0,-110.0,1839.75,-110.0,8.210532188415527,-5.393648147583008,0.0,0.0,0.0,1.0,3050.0,3000.0,1500.0,2310.0,3025.0,1905.0,1785.0,0.0,535.5,0.0,0.0,600.0,1200.0,420.0,200.0,0.0,2320.5,2420.0,1.6946778297424316,2.3812499046325684,0.800000011920929,0.4000000059604645,0.800000011920929,0.6666666865348816,0.0,0.0,0.0,0.0,1.0,0.0,0.0,4.0,1.0,6.0,6.0,0.0,0.0,1.0,1.0,1.0,1.0,0.0,0.0,0.0,0.0,0.0,1.0
5296,3,1.0,1.0,1.0,0.0,6.275111025866803,4.0,0.0,400.0,45.0,1.0,24.16666603088379,0.0,1.0,0.0,1.0,2.0,3,1,4,7,0.0,0.0,0.0,0.0,0.0,0.0,0.0,0.0,0.0,0.0,0.0,1.0,0.0,0.0,0.0,0.0,0.5,0.0,1,6.0,1.0,1.0,4.0,4.0,6.0,6.0,5.5,5.0,75.0,1,1,1,0,0,0,1,0,0,0,1,1,1,1,1,0,1,1,0,0,0,0,0,0,0,0,0,1,0,0,1.0,1.0,2000.0,1781.2900390625,130.0,130.0,1890.64501953125,130.0,8.237820625305176,5.560696601867676,0.0,1.0,0.0,1.0,2000.0,2500.0,900.0,2500.0,2250.0,1700.0,500.0,0.0,69.95999908447266,148.75,0.0,1600.0,440.0,280.0,50.0,0.0,718.7100219726562,2370.0,4.091057777404785,1.0,0.6000000238418579,0.20000000298023224,1.0,0.6000000238418579,0.4000000059604645,0.0,0.20000000298023224,0.20000000298023224,1.0,0.0,0.0,5.0,0.0,8.0,5.0,0.0,1.0,1.0,1.0,1.0,1.0,0.0,0.0,0.0,0.0,0.0,1.0
5297,3,0.0,1.0,0.0,0.0,,3.1666667461395264,1.0,0.0,52.0,1.0,36.33333206176758,3.0,1.0,0.0,1.0,5.0,2,2,2,2,0.0,1.0,0.0,0.0,0.0,0.0,0.0,0.0,0.0,0.0,0.0,0.0,0.0,0.0,0.0,0.0,4.0,0.0,1,,0.0,0.0,,,,,,,,,,,,,,,,,,,,,,,,,,,,,,,,,,,,,,2.0,1.0,0.0,-1477.580078125,25000.0,25000.0,-738.7900390625,25000.0,-7.534581184387207,10.819778442382812,2.0,0.0,2.0,2.0,0.0,0.0,64000.0,64000.0,0.0,64000.0,0.0,0.0,1199.989990234375,671.6699829101562,0.0,15000.0,16000.0,3500.0,4500.0,0.0,1871.6600341796875,39000.0,15.121163368225098,4.266666889190674,,,,,,,,,1.0,0.0,1.0,,,,,1.0,1.0,1.0,1.0,0.0,1.0,1.0,0.0,1.0,0.0,1.0,0.0
5299,3,0.0,1.0,0.0,0.0,,4.916666507720947,0.0,1500.0,60.0,0.0,36.33333206176758,3.0,1.0,0.0,1.0,17.0,2,4,7,3,0.0,0.0,0.0,0.0,1.0,0.0,0.0,0.0,0.0,0.0,0.0,0.0,0.0,0.0,0.0,0.0,1.5,0.0,3,,0.0,0.0,,,,,,,,,,,,,,,,,,,,,,,,,,,,,,,,,,,,,,1.0,1.0,2500.0,2012.76953125,2300.0,2300.0,2256.384765625,2300.0,8.414666175842285,8.43381118774414,0.0,2.0,0.0,3.0,10500.0,11200.0,3000.0,11900.0,10850.0,7450.0,6499.990234375,1500.0,699.8499755859375,487.3900146484375,0.0,4400.0,2400.0,1900.0,500.0,400.0,9187.23046875,9600.0,1.5839462280273438,1.4900000095367432,,,,,,,,,1.0,0.0,0.0,,,,,1.0,1.0,1.0,1.0,1.0,1.0,1.0,0.0,0.0,0.0,0.0,1.0
5312,3,1.0,1.0,0.0,1.0,0.7256939029591094,2.8333332538604736,0.0,3000.0,54.0,0.0,27.33333396911621,1.0,0.0,1.0,1.0,0.0,4,0,0,0,0.0,0.0,0.0,0.0,0.0,0.0,0.0,0.0,1.0,0.0,0.0,0.0,0.0,0.0,0.0,0.0,2.0,0.0,8,8.0,1.0,1.0,,5.5,5.0,2.0,6.5,7.0,2250.0,1,1,1,1,1,1,0,0,1,1,0,1,0,0,1,0,0,1,0,0,1,1,0,1,1,0,1,0,0,0,3.0,1.0,32600.0,10992.220703125,-1000.0,-1000.0,21796.109375,-1000.0,10.682634353637695,-7.600902557373047,2.0,1.0,1.0,1.0,32600.0,35600.0,3500.0,6550.0,34100.0,5025.0,17000.0,1800.0,4200.33984375,1607.43994140625,0.0,4000.0,1500.0,1600.0,450.0,0.0,24607.779296875,7550.0,2.0058822631835938,1.2256097793579102,1.0,0.6000000238418579,0.4000000059604645,0.6666666865348816,0.20000000298023224,0.800000011920929,0.20000000298023224,0.4000000059604645,0.0,1.0,0.0,6.0,6.0,5.0,6.0,0.0,0.0,1.0,0.0,0.0,0.0,1.0,0.0,0.0,1.0,0.0,0.0
5315,3,1.0,1.0,0.0,1.0,2.201032762765115,16.5,0.0,5000.0,42.0,1.0,54.33333206176758,3.0,1.0,0.0,0.0,0.0,0,0,0,0,0.0,0.0,0.0,0.0,0.0,0.0,0.0,0.0,0.0,1.0,0.0,0.0,0.0,0.0,0.0,0.0,0.0,0.0,3,1.0,1.0,0.0,,,,,,,,0,0,0,0,0,0,0,0,0,0,0,0,0,0,0,0,0,0,0,0,0,0,0,0,0,0,0,0,0,0,0.0,0.0,0.0,0.0,1112.0,1112.0,0.0,1112.0,0.0,7.707062721252441,0.0,0.0,0.0,0.0,0.0,0.0,1000.0,2400.0,0.0,1700.0,0.0,0.0,0.0,0.0,0.0,988.0,0.0,300.0,0.0,0.0,0.0,1288.0,15.121163368225098,1.4938488006591797,0.0,0.0,0.0,0.0,0.0,0.0,0.0,0.0,0.0,0.0,0.0,6.0,4.0,,,0.0,0.0,0.0,0.0,0.0,0.0,0.0,1.0,0.0,0.0,0.0,1.0
5318,3,1.0,1.0,0.0,1.0,7.584078405097144,12.916666984558105,1.0,1600.0,52.0,0.0,39.83333206176758,0.0,1.0,0.0,0.0,0.0,0,0,0,0,0.0,1.0,0.0,0.0,0.0,0.0,0.0,0.0,0.0,0.0,0.0,0.0,0.0,0.0,0.0,0.0,2.0,0.0,12,7.0,1.0,1.0,5.0,5.0,,,,,,1,1,1,0,1,1,1,0,0,1,1,1,1,1,1,1,1,0,1,1,1,0,1,1,1,1,1,0,1,1,2.0,1.0,0.0,3077.0,6650.0,6650.0,1538.5,6650.0,8.031710624694824,9.495519638061523,2.0,0.0,2.0,0.0,11594.0,11594.0,5000.0,25500.0,11594.0,15250.0,2667.0,4000.0,1500.0,350.0,0.0,5950.0,11050.0,1500.0,350.0,0.0,8517.0,18850.0,4.3472065925598145,2.5630252361297607,0.800000011920929,0.6000000238418579,1.0,0.800000011920929,0.800000011920929,0.800000011920929,0.800000011920929,0.800000011920929,0.0,1.0,1.0,8.0,2.0,,,0.0,0.0,0.0,0.0,0.0,0.0,1.0,0.0,1.0,0.0,1.0,1.0
5328,3,1.0,1.0,0.0,0.0,,3.5,0.0,2000.0,54.0,1.0,27.41666603088379,2.0,1.0,0.0,1.0,25.0,3,0,0,0,0.0,0.0,0.0,0.0,0.0,0.0,0.0,0.0,0.0,0.0,0.0,1.0,0.0,0.0,0.0,0.0,1.5,0.0,9,,0.0,0.0,,,,,,,,0,0,0,1,0,1,0,1,0,0,0,1,1,0,0,0,0,0,0,0,0,1,1,1,0,0,0,0,0,0,2.0,1.0,4000.0,9615.0703125,5800.0,5800.0,6807.53515625,5800.0,9.518932342529297,9.358760833740234,1.0,1.0,1.0,1.0,8000.0,14875.0,10000.0,10000.0,11437.5,10000.0,2000.0,2000.0,1199.9599609375,59.970001220703125,0.0,3000.0,0.0,1100.0,100.0,0.0,5259.93017578125,4200.0,5.71875,3.225806474685669,0.20000000298023224,0.4000000059604645,0.4000000059604645,0.3333333432674408,0.0,0.6000000238418579,0.0,0.20000000298023224,0.0,1.0,1.0,,,,,1.0,1.0,1.0,0.0,0.0,0.0,1.0,0.0,0.0,1.0,1.0,1.0
5329,3,1.0,1.0,1.0,0.0,5.8374028795725925,6.75,1.0,10000.0,43.0,1.0,42.91666793823242,1.0,1.0,0.0,1.0,0.0,2,5,7,7,0.0,1.0,0.0,0.0,0.0,0.0,0.0,0.0,0.0,0.0,0.0,0.0,0.0,0.0,0.0,0.0,4.5,0.0,1,7.0,1.0,1.0,,,7.0,7.0,6.5,7.0,2250.0,1,1,1,0,1,1,1,0,0,0,1,1,1,1,1,1,1,1,1,1,1,1,1,1,1,1,1,1,1,1,6.0,1.0,30000.0,59376.0703125,13000.0,13000.0,44688.03515625,13000.0,11.40060806274414,10.165851593017578,2.0,8.0,4.0,1.0,148600.0,148600.0,38000.0,47000.0,148600.0,42500.0,54000.0,25300.0,2966.969970703125,6956.9599609375,0.0,20400.0,5800.0,4850.0,2950.0,0.0,89223.9296875,34000.0,2.739171028137207,2.053140163421631,0.800000011920929,0.4000000059604645,1.0,0.7333333492279053,1.0,1.0,1.0,1.0,1.0,0.0,1.0,10.0,6.0,13.0,14.0,0.0,0.0,1.0,1.0,1.0,1.0,1.0,1.0,1.0,1.0,1.0,1.0
5331,3,1.0,1.0,0.0,1.0,6.94171584733852,4.166666507720947,0.0,100.0,91.0,1.0,44.33333206176758,3.0,1.0,0.0,0.0,9.0,3,7,4,3,0.0,0.0,0.0,0.0,0.0,0.0,0.0,1.0,0.0,0.0,0.0,0.0,0.0,0.0,0.0,0.0,1.0,1.0,11,6.0,1.0,1.0,,,6.0,6.0,6.0,7.0,75.0,1,1,1,1,1,1,1,1,1,1,1,1,1,1,1,0,1,1,1,1,1,1,1,1,1,1,1,1,1,0,2.0,1.0,25000.0,11055.990234375,-1635.0,-1635.0,18027.99609375,-1635.0,10.492828369140625,-8.092545509338379,2.0,0.0,1.0,0.0,206640.0,25500.0,11000.0,10000.0,116070.0,10500.0,11050.0,1800.0,1169.010009765625,425.0,0.0,7200.0,700.0,1770.0,1465.0,500.0,14444.009765625,11635.0,10.504072189331055,1.4285714626312256,1.0,1.0,1.0,1.0,0.800000011920929,1.0,0.800000011920929,0.8666666746139526,1.0,1.0,1.0,8.0,5.0,9.0,6.0,0.0,1.0,1.0,1.0,1.0,1.0,0.0,0.0,0.0,1.0,1.0,1.0
5335,3,1.0,1.0,0.0,0.0,,5.25,1.0,50000.0,40.0,0.0,34.16666793823242,0.0,1.0,0.0,1.0,0.0,2,0,0,0,0.0,1.0,0.0,0.0,0.0,0.0,0.0,0.0,0.0,0.0,0.0,0.0,0.0,0.0,0.0,0.0,2.0,0.0,1,,0.0,0.0,,,,,,,,0,0,0,0,0,1,1,0,0,0,1,1,1,1,1,1,0,1,0,0,0,0,1,1,1,0,0,0,0,1,0.0,0.0,0.0,0.0,3720.0,3720.0,0.0,3720.0,0.0,8.914626121520996,0.0,0.0,1.0,1.0,0.0,0.0,30000.0,4500.0,0.0,17250.0,0.0,0.0,0.0,0.0,0.0,0.0,0.0,750.0,30.0,0.0,0.0,780.0,15.121163368225098,10.134669303894043,0.0,0.4000000059604645,1.0,0.46666666865348816,0.4000000059604645,0.6000000238418579,0.20000000298023224,0.4000000059604645,0.0,0.0,1.0,,,,,1.0,0.0,1.0,0.0,0.0,0.0,1.0,1.0,1.0,0.0,1.0,1.0
5343,3,1.0,1.0,0.0,0.0,,1.1666666269302368,1.0,9300.0,52.0,0.0,40.16666793823242,5.0,1.0,0.0,0.0,0.3,3,3,4,6,0.0,0.0,0.0,0.0,1.0,0.0,0.0,0.0,0.0,0.0,0.0,0.0,0.0,0.0,0.0,0.0,0.0,0.0,1,,0.0,0.0,,,,,,,,1,0,0,0,0,1,1,0,0,1,0,0,1,0,0,0,0,0,0,0,0,0,0,0,0,0,0,0,0,0,0.0,1.0,3800.0,4080.009765625,1470.0,1470.0,3940.0048828125,1470.0,8.972084045410156,7.9861650466918945,0.0,0.0,0.0,0.0,9150.0,9150.0,6000.0,7600.0,9150.0,6800.0,4480.0,0.0,489.989990234375,100.0,0.0,3000.0,0.0,1550.0,680.0,900.0,5069.990234375,6130.0,2.0021793842315674,2.029850721359253,0.20000000298023224,0.6000000238418579,0.20000000298023224,0.3333333432674408,0.0,0.0,0.0,0.0,1.0,0.0,0.0,,,,,1.0,1.0,1.0,1.0,1.0,1.0,0.0,1.0,1.0,0.0,0.0,0.0
5347,3,1.0,1.0,1.0,0.0,,5.666666507720947,1.0,6000.0,54.0,0.0,41.66666793823242,3.0,1.0,0.0,1.0,0.0,2,1,3,3,0.0,1.0,0.0,0.0,0.0,0.0,0.0,0.0,0.0,0.0,0.0,0.0,0.0,0.0,0.0,0.0,8.0,0.0,3,,0.0,0.0,,,,,,,,1,1,1,1,0,1,1,0,1,1,1,1,1,1,1,1,1,1,0,1,1,1,1,1,0,1,1,1,1,0,0.0,0.0,0.0,0.0,1650.0,1650.0,0.0,1650.0,0.0,8.101677894592285,0.0,0.0,2.0,6.0,0.0,0.0,15000.0,16000.0,0.0,15500.0,0.0,0.0,0.0,0.0,0.0,1190.0,8000.0,3800.0,1360.0,0.0,0.0,14350.0,15.121163368225098,9.171597480773926,0.800000011920929,0.800000011920929,1.0,0.8666666746139526,0.800000011920929,0.800000011920929,0.800000011920929,0.800000011920929,1.0,0.0,1.0,,,,,0.0,0.0,1.0,1.0,1.0,1.0,1.0,1.0,1.0,1.0,1.0,1.0
5348,3,0.0,1.0,1.0,0.0,0.5214135953456864,0.6666666865348816,0.0,500.0,54.0,1.0,31.83333396911621,3.0,1.0,0.0,1.0,17.0,1,0,0,0,0.0,0.0,1.0,0.0,0.0,0.0,0.0,0.0,0.0,0.0,0.0,0.0,0.0,0.0,0.0,0.0,1.0,0.0,9,8.0,1.0,1.0,1.0,2.0,7.0,1.0,7.0,7.0,2250.0,,,,,,,,,,,,,,,,,,,,,,,,,,,,,,,2.0,1.0,1040.0,761.139892578125,340.0,340.0,900.5699462890625,340.0,7.496175289154053,6.5220947265625,1.0,1.0,1.0,0.0,3000.0,3000.0,4000.0,3500.0,3000.0,3750.0,1000.0,800.0,428.8699951171875,9.989999771118164,0.0,2000.0,700.0,400.0,60.0,0.0,2238.860107421875,3160.0,2.608741044998169,1.7441860437393188,,,,,,,,,0.0,1.0,0.0,2.0,0.0,5.0,5.0,0.0,1.0,0.0,0.0,0.0,0.0,0.0,0.0,0.0,0.0,0.0,0.0
5349,3,0.0,1.0,0.0,0.0,,1.0,0.0,1500.0,45.0,1.0,47.75,4.0,1.0,0.0,0.0,25.0,2,1,1,1,0.0,0.0,0.0,0.0,0.0,0.0,0.0,0.0,0.0,0.0,1.0,0.0,0.0,0.0,0.0,0.0,0.0,0.0,1,,0.0,0.0,,,,,,,,0,0,0,0,0,0,0,0,0,0,0,0,0,0,0,0,0,0,0,0,0,0,0,0,0,0,0,0,0,0,0.0,1.0,280.0,330.08001708984375,3500.0,3500.0,305.0400085449219,3500.0,6.41359281539917,8.853665351867676,0.0,0.0,0.0,0.0,1050.0,1100.0,4000.0,8000.0,1075.0,6000.0,672.0,0.0,47.939998626708984,49.97999954223633,0.0,2000.0,500.0,500.0,1500.0,0.0,769.9199829101562,4500.0,1.5997023582458496,3.0,0.0,0.0,0.0,0.0,0.0,0.0,0.0,0.0,1.0,0.0,0.0,,,,,1.0,1.0,1.0,1.0,0.0,1.0,0.0,0.0,0.0,0.0,0.0,0.0
5350,3,1.0,1.0,0.0,1.0,6.4317588375208015,5.75,1.0,10000.0,60.0,0.0,42.25,0.0,0.0,1.0,1.0,27.0,1,2,7,1,0.0,0.0,0.0,0.0,0.0,0.0,0.0,0.0,0.0,0.0,0.0,0.0,0.0,0.0,0.0,0.0,1.0,1.0,12,6.0,1.0,1.0,5.0,7.0,6.5,6.0,6.5,6.0,325.0,1,1,1,1,1,1,1,1,1,0,1,1,1,1,1,1,1,0,0,1,1,0,1,1,1,1,1,1,1,1,1.0,1.0,0.0,632.41015625,15700.0,15700.0,316.205078125,15700.0,6.449540615081787,10.354562759399414,1.0,0.0,0.0,1.0,30000.0,30000.0,38000.0,36000.0,30000.0,37000.0,12999.990234375,3000.0,7422.490234375,4945.1298828125,0.0,4000.0,5000.0,7300.0,4000.0,0.0,29367.58984375,20300.0,2.3076939582824707,8.60465145111084,1.0,0.800000011920929,1.0,0.9333333373069763,0.6000000238418579,0.800000011920929,1.0,0.800000011920929,1.0,1.0,1.0,12.0,5.0,12.0,12.0,0.0,1.0,0.0,1.0,1.0,1.0,0.0,1.0,1.0,1.0,1.0,1.0
5351,3,1.0,1.0,0.0,0.0,,3.25,1.0,15000.0,55.0,1.0,51.58333206176758,1.0,1.0,0.0,1.0,0.0,2,1,7,7,0.0,0.0,0.0,0.0,0.0,0.0,0.0,0.0,0.0,0.0,0.0,0.0,0.0,0.0,0.0,0.0,1.0,0.0,4,,0.0,0.0,,,,,,,,1,1,1,0,1,1,1,0,0,1,1,1,1,1,1,1,1,1,1,1,1,1,1,1,1,1,1,1,1,1,0.0,0.0,0.0,0.0,2520.0,2520.0,0.0,2520.0,0.0,8.525161743164062,0.0,0.0,0.0,1.0,0.0,0.0,10000.0,15000.0,0.0,12500.0,0.0,0.0,0.0,0.0,0.0,6000.0,0.0,3780.0,2200.0,500.0,0.0,12480.0,15.121163368225098,1.953125,0.800000011920929,0.6000000238418579,1.0,0.800000011920929,1.0,1.0,1.0,1.0,1.0,0.0,1.0,,,,,1.0,0.0,1.0,1.0,1.0,1.0,0.0,1.0,1.0,1.0,1.0,0.0
5354,3,1.0,1.0,0.0,0.0,,5.833333492279053,0.0,1000.0,45.0,1.0,32.33333206176758,3.0,1.0,0.0,1.0,0.0,5,1,2,3,0.0,0.0,0.0,0.0,0.0,0.0,0.0,0.0,0.0,1.0,0.0,0.0,0.0,0.0,0.0,0.0,0.0,0.0,1,,0.0,0.0,,,,,,,,0,0,0,0,0,0,0,0,0,0,0,0,0,0,0,0,0,0,0,0,0,0,0,0,0,0,0,0,0,0,0.0,0.0,0.0,0.0,4646.0,4646.0,0.0,4646.0,0.0,9.136909484863281,0.0,0.0,0.0,0.0,0.0,0.0,8000.0,10000.0,0.0,9000.0,0.0,0.0,0.0,0.0,0.0,4000.0,0.0,274.0,580.0,500.0,0.0,5354.0,15.121163368225098,2.2167487144470215,0.0,0.0,0.0,0.0,0.0,0.0,0.0,0.0,0.0,0.0,0.0,,,,,1.0,0.0,1.0,1.0,0.0,1.0,0.0,0.0,0.0,0.0,1.0,1.0
5355,3,1.0,1.0,1.0,0.0,14.628411240937968,5.916666507720947,0.0,2000.0,50.0,1.0,41.08333206176758,4.0,1.0,0.0,1.0,0.0,2,2,7,7,0.0,0.0,0.0,0.0,0.0,0.0,0.0,0.0,0.0,0.0,0.0,0.0,0.0,0.0,0.0,1.0,0.0,0.0,1,1.0,1.0,0.0,,,,,,,,0,0,0,0,0,0,0,0,0,0,0,0,0,0,0,0,0,0,0,0,0,0,0,0,0,0,0,0,0,0,0.0,0.0,0.0,0.0,2380.0,2380.0,0.0,2380.0,0.0,8.468003273010254,0.0,0.0,0.0,0.0,0.0,0.0,4500.0,4000.0,0.0,4250.0,0.0,0.0,0.0,0.0,0.0,100.0,0.0,200.0,920.0,400.0,0.0,1620.0,15.121163368225098,17.0,0.0,0.0,0.0,0.0,0.0,0.0,0.0,0.0,1.0,0.0,0.0,7.0,5.0,,,0.0,0.0,1.0,1.0,1.0,1.0,0.0,0.0,0.0,0.0,0.0,1.0
5356,3,1.0,1.0,0.0,0.0,,0.5,0.0,100.0,65.0,0.0,48.0,3.0,1.0,0.0,1.0,3.0,4,3,7,4,0.0,0.0,0.0,0.0,0.0,0.0,0.0,0.0,0.0,1.0,0.0,0.0,0.0,0.0,0.0,0.0,0.0,0.0,8,,0.0,0.0,,,,,,,,1,0,1,1,1,0,0,0,0,1,1,1,0,1,1,1,1,1,1,1,1,1,1,1,1,1,1,1,1,0,0.0,1.0,0.0,0.0,2019.0,2019.0,0.0,2019.0,0.0,8.303504943847656,0.0,0.0,0.0,0.0,0.0,0.0,5000.0,3525.0,0.0,4262.5,0.0,0.0,0.0,0.0,0.0,800.0,0.0,700.0,6.0,0.0,0.0,1506.0,15.121163368225098,3.5520832538604736,0.800000011920929,0.20000000298023224,0.800000011920929,0.6000000238418579,1.0,1.0,0.800000011920929,0.9333333373069763,1.0,1.0,0.0,,,,,1.0,1.0,1.0,1.0,1.0,1.0,0.0,0.0,0.0,0.0,0.0,0.0
5358,3,1.0,1.0,0.0,1.0,7.132551909242722,1.0,0.0,150.0,52.0,1.0,28.25,0.0,1.0,0.0,0.0,0.0,0,0,0,0,0.0,0.0,0.0,0.0,0.0,0.0,1.0,0.0,0.0,0.0,0.0,0.0,0.0,0.0,0.0,0.0,0.0,0.0,6,8.0,1.0,1.0,5.0,5.0,6.0,7.0,7.0,7.0,75.0,0,0,0,0,0,0,0,0,0,0,0,0,0,0,0,0,0,0,0,0,0,0,0,0,0,0,0,0,0,0,0.0,0.0,0.0,0.0,800.0,800.0,0.0,800.0,0.0,7.3777594566345215,0.0,0.0,0.0,0.0,0.0,0.0,2000.0,6000.0,0.0,4000.0,0.0,0.0,0.0,0.0,0.0,4800.0,0.0,200.0,200.0,0.0,0.0,5200.0,15.121163368225098,0.8333333134651184,0.0,0.0,0.0,0.0,0.0,0.0,0.0,0.0,0.0,1.0,0.0,8.0,0.0,7.0,11.0,0.0,0.0,0.0,0.0,0.0,0.0,0.0,0.0,0.0,0.0,0.0,0.0
5359,3,1.0,1.0,0.0,0.0,,7.166666507720947,0.0,1000.0,40.0,0.0,46.0,4.0,1.0,0.0,1.0,0.0,2,3,7,1,0.0,0.0,0.0,0.0,0.0,0.0,0.0,0.0,0.0,1.0,0.0,0.0,0.0,0.0,0.0,0.0,0.0,0.0,1,,0.0,0.0,,,,,,,,1,0,0,0,0,1,0,0,0,0,0,1,1,1,1,0,0,0,0,0,0,0,0,1,1,1,0,0,0,0,0.0,0.0,0.0,0.0,33330.0,33330.0,0.0,33330.0,0.0,11.107359886169434,0.0,0.0,0.0,0.0,0.0,0.0,7200.0,46750.0,0.0,26975.0,0.0,0.0,0.0,0.0,0.0,12750.0,0.0,360.0,310.0,0.0,0.0,13420.0,15.121163368225098,2.086233615875244,0.20000000298023224,0.20000000298023224,0.800000011920929,0.4000000059604645,0.0,0.4000000059604645,0.20000000298023224,0.20000000298023224,1.0,0.0,0.0,,,,,1.0,0.0,1.0,1.0,1.0,1.0,0.0,0.0,0.0,0.0,1.0,1.0
5361,3,1.0,1.0,0.0,0.0,,4.0,0.0,100.0,40.0,1.0,27.0,1.0,1.0,0.0,0.0,3.0,2,1,3,3,0.0,0.0,0.0,0.0,0.0,0.0,0.0,0.0,0.0,0.0,0.0,1.0,0.0,0.0,0.0,0.0,0.0,0.0,1,,0.0,0.0,,,,,,,,0,0,0,0,0,0,0,0,0,0,0,0,0,0,0,0,0,0,0,0,0,0,0,0,0,0,0,0,0,0,0.0,0.0,0.0,0.0,1131.0,1131.0,0.0,1131.0,0.0,7.724004745483398,0.0,0.0,0.0,0.0,0.0,0.0,867.0,1290.0,0.0,1078.5,0.0,0.0,0.0,0.0,0.0,109.0,0.0,50.0,0.0,0.0,0.0,315.0,15.121163368225098,6.783019065856934,0.0,0.0,0.0,0.0,0.0,0.0,0.0,0.0,1.0,0.0,0.0,,,,,1.0,1.0,1.0,1.0,1.0,1.0,0.0,0.0,0.0,0.0,0.0,1.0
5363,3,1.0,1.0,1.0,0.0,7.902078351219387,0.6666666865348816,1.0,35000.0,70.0,0.0,44.83333206176758,1.0,1.0,0.0,1.0,0.0,4,0,0,0,0.0,0.0,0.0,0.0,0.0,0.0,0.0,0.0,0.0,0.0,0.0,1.0,0.0,0.0,0.0,0.0,6.0,0.0,9,8.0,1.0,1.0,4.0,4.0,7.0,7.0,7.0,7.0,75.0,0,0,1,1,0,1,0,0,1,0,0,1,1,1,0,1,0,0,0,1,0,0,1,1,1,0,0,0,0,0,6.5,1.0,10000.0,17196.7890625,10950.0,10950.0,13598.39453125,10950.0,10.210854530334473,9.994241714477539,6.0,1.0,6.0,0.0,30000.0,50000.0,3500.0,30000.0,40000.0,16750.0,11900.0,14000.0,4990.7099609375,1912.5,0.0,12000.0,2800.0,3050.0,1200.0,0.0,32803.2109375,19050.0,3.1007680892944336,1.340000033378601,0.4000000059604645,0.4000000059604645,0.6000000238418579,0.46666666865348816,0.4000000059604645,0.6000000238418579,0.0,0.3333333432674408,0.0,1.0,1.0,,,6.0,2.0,0.0,0.0,1.0,0.0,0.0,0.0,1.0,1.0,1.0,1.0,1.0,0.0
5371,3,1.0,1.0,0.0,0.0,,4.833333492279053,0.0,6000.0,45.0,0.0,30.33333396911621,0.0,0.0,1.0,0.0,19.0,2,0,0,0,0.0,0.0,0.0,0.0,0.0,0.0,0.0,0.0,0.0,0.0,0.0,0.0,0.0,0.0,1.0,0.0,0.0,0.0,9,,0.0,0.0,,,,,,,,1,0,0,1,1,1,0,1,0,1,0,1,1,1,1,1,0,1,0,0,0,1,1,1,0,0,0,0,0,0,0.0,1.0,2500.0,2140.85986328125,8900.0,8900.0,2320.429931640625,8900.0,8.442654609680176,9.786953926086426,0.0,0.0,0.0,0.0,4000.0,6350.0,7000.0,14000.0,5175.0,10500.0,1600.0,0.0,1589.1400146484375,1020.0,0.0,2800.0,0.0,2300.0,0.0,0.0,4209.14013671875,5100.0,2.8749840259552,2.9166667461395264,0.6000000238418579,0.6000000238418579,0.800000011920929,0.6666666865348816,0.4000000059604645,0.6000000238418579,0.0,0.3333333432674408,0.0,1.0,1.0,,,,,1.0,1.0,1.0,0.0,0.0,0.0,0.0,1.0,0.0,1.0,1.0,1.0
5373,3,1.0,1.0,1.0,0.0,,2.8333332538604736,0.0,7000.0,60.0,0.0,40.16666793823242,0.0,1.0,0.0,0.0,0.0,4,0,0,0,0.0,0.0,0.0,0.0,0.0,0.0,0.0,0.0,0.0,0.0,0.0,1.0,0.0,0.0,0.0,0.0,2.0,0.0,9,,0.0,0.0,,,,,,,,1,1,0,0,0,1,1,0,0,0,0,1,0,0,0,0,0,0,0,0,0,0,0,0,0,0,0,0,0,0,2.0,1.0,7000.0,9812.6796875,4450.0,4450.0,8406.33984375,4450.0,9.729888916015625,9.093806266784668,1.0,1.0,2.0,0.0,20000.0,20000.0,7000.0,15000.0,20000.0,11000.0,7225.0,510.0,1459.820068359375,992.5,0.0,7500.0,1600.0,1150.0,300.0,0.0,10187.3203125,10550.0,2.711871862411499,1.4285714626312256,0.4000000059604645,0.4000000059604645,0.20000000298023224,0.3333333432674408,0.0,0.0,0.0,0.0,0.0,1.0,1.0,,,,,0.0,0.0,1.0,0.0,0.0,0.0,1.0,1.0,0.0,1.0,1.0,0.0
5377,3,1.0,1.0,0.0,0.0,,3.5,0.0,0.0,60.0,0.0,54.91666793823242,2.0,1.0,0.0,0.0,45.0,2,0,0,0,0.0,0.0,0.0,0.0,0.0,0.0,0.0,0.0,0.0,0.0,0.0,1.0,0.0,0.0,0.0,0.0,0.0,0.0,11,,0.0,0.0,,,,,,,,1,0,1,0,0,1,1,0,0,0,0,1,1,1,1,0,1,0,0,1,0,1,0,0,0,0,0,0,0,0,0.0,1.0,2500.0,2737.5,250.0,250.0,2618.75,250.0,8.563599586486816,6.214612007141113,0.0,0.0,0.0,0.0,4000.0,6000.0,1500.0,1680.0,5000.0,1590.0,1510.0,0.0,987.5,765.0,0.0,640.0,0.0,600.0,190.0,0.0,3262.5,1430.0,3.0534350872039795,2.148648738861084,0.4000000059604645,0.4000000059604645,0.800000011920929,0.5333333611488342,0.4000000059604645,0.20000000298023224,0.0,0.20000000298023224,0.0,1.0,0.0,,,,,1.0,1.0,1.0,0.0,0.0,0.0,0.0,0.0,0.0,1.0,0.0,1.0
5378,3,1.0,1.0,0.0,1.0,7.847364321218409,0.4166666865348816,1.0,2435.0,15.0,1.0,47.16666793823242,4.0,1.0,0.0,1.0,43.0,2,1,3,1,0.0,0.0,0.0,0.0,0.0,0.0,0.0,0.0,0.0,0.0,0.0,0.0,0.0,0.0,0.0,1.0,2.0,0.0,1,6.0,1.0,1.0,5.0,5.0,2.5,2.0,6.5,5.0,1750.0,1,0,1,0,1,1,0,1,0,0,0,1,1,0,1,1,0,0,1,0,0,0,0,0,0,1,1,0,0,0,4.5,1.0,665.0499877929688,4874.169921875,-1348.0,-1348.0,2769.60986328125,-1348.0,8.619608879089355,-7.899524688720703,4.0,1.0,2.0,0.0,13500.0,13500.0,1563.0,6252.0,13500.0,3907.5,402.0,3650.0,3119.85009765625,1148.989990234375,0.0,1200.0,2000.0,3700.0,700.0,0.0,8625.830078125,7600.0,33.582088470458984,2.1708333492279053,0.6000000238418579,0.4000000059604645,0.6000000238418579,0.5333333611488342,0.4000000059604645,0.0,0.4000000059604645,0.2666666805744171,1.0,0.0,1.0,7.0,4.0,10.0,8.0,0.0,1.0,1.0,1.0,1.0,1.0,1.0,0.0,1.0,1.0,0.0,0.0
5381,3,1.0,1.0,0.0,0.0,,9.833333015441895,0.0,0.0,70.0,0.0,48.41666793823242,2.0,1.0,0.0,1.0,28.0,3,1,4,2,0.0,0.0,0.0,0.0,0.0,0.0,0.0,0.0,0.0,0.0,0.0,1.0,0.0,0.0,0.0,0.0,2.0,0.0,6,,0.0,0.0,,,,,,,,1,0,1,1,1,1,0,0,0,0,0,1,1,1,1,0,0,1,0,1,1,1,0,1,1,1,1,0,0,0,2.0,1.0,3800.0,2460.18994140625,1824.0,1824.0,3130.094970703125,1824.0,8.741966247558594,8.201934814453125,2.0,0.0,2.0,0.0,6235.0,7085.0,4800.0,7000.0,6660.0,5900.0,912.9400024414062,2337.5,374.8900146484375,999.47998046875,0.0,880.0,2400.0,346.0,1300.0,250.0,4624.81005859375,5176.0,6.265758514404297,5.462963104248047,0.800000011920929,0.20000000298023224,0.800000011920929,0.6000000238418579,0.4000000059604645,0.800000011920929,0.4000000059604645,0.5333333611488342,1.0,1.0,0.0,,,,,1.0,1.0,1.0,1.0,1.0,1.0,1.0,0.0,0.0,0.0,0.0,1.0
5395,3,1.0,1.0,0.0,1.0,13.602519079085644,1.5833332538604736,1.0,12000.0,65.0,0.0,35.5,3.0,0.0,1.0,1.0,24.0,3,2,1,1,0.0,0.0,0.0,0.0,0.0,0.0,1.0,0.0,0.0,0.0,0.0,0.0,0.0,0.0,0.0,0.0,2.0,0.0,8,7.0,1.0,1.0,4.0,6.0,7.0,6.0,6.5,6.0,325.0,0,0,0,0,0,0,0,0,0,0,0,0,0,0,0,0,0,0,0,0,0,0,0,0,0,0,0,0,0,0,0.0,0.0,0.0,0.0,5000.0,5000.0,0.0,5000.0,0.0,9.21034049987793,0.0,0.0,1.0,1.0,0.0,0.0,25000.0,20000.0,0.0,22500.0,0.0,0.0,0.0,0.0,0.0,12000.0,1000.0,2000.0,0.0,0.0,0.0,15000.0,15.121163368225098,1.7999999523162842,0.0,0.0,0.0,0.0,0.0,0.0,0.0,0.0,1.0,1.0,1.0,10.0,8.0,12.0,10.0,0.0,1.0,1.0,1.0,0.0,1.0,1.0,1.0,1.0,1.0,1.0,0.0
5396,3,0.0,1.0,1.0,0.0,,7.75,0.0,2000.0,52.0,1.0,30.83333396911621,3.0,1.0,0.0,0.0,0.0,2,0,0,0,0.0,0.0,0.0,0.0,0.0,0.0,0.0,0.0,0.0,0.0,0.0,1.0,0.0,0.0,0.0,0.0,0.0,0.0,6,,0.0,0.0,,,,,,,,,,,,,,,,,,,,,,,,,,,,,,,,,,,,,,0.0,1.0,3000.0,3800.0400390625,8580.0,8580.0,3400.02001953125,8580.0,8.824684143066406,9.750336647033691,0.0,0.0,0.0,0.0,6700.0,6700.0,4000.0,11000.0,6700.0,7500.0,1600.0,0.0,999.989990234375,299.9700012207031,0.0,500.0,0.0,450.0,1470.0,0.0,2899.9599609375,2420.0,3.350050210952759,10.714285850524902,,,,,,,,,0.0,1.0,0.0,,,,,0.0,0.0,1.0,0.0,0.0,0.0,0.0,0.0,0.0,0.0,0.0,1.0
5397,3,1.0,1.0,1.0,0.0,1.5140125176182955,5.0,1.0,7000.0,48.0,0.0,40.91666793823242,2.0,0.0,1.0,0.0,0.0,5,5,4,3,0.0,0.0,0.0,0.0,0.0,0.0,0.0,0.0,1.0,0.0,0.0,0.0,0.0,0.0,0.0,0.0,0.0,0.0,8,6.0,1.0,1.0,,,6.5,6.0,5.5,5.0,750.0,1,0,0,0,1,1,0,1,0,1,0,1,1,1,1,0,1,0,0,1,1,0,1,0,1,1,0,1,0,1,1.0,1.0,2000.0,13195.5390625,2600.0,2600.0,7597.76953125,2600.0,9.62875747680664,8.556413650512695,1.0,0.0,0.0,0.0,30000.0,30000.0,15000.0,16000.0,30000.0,15500.0,6999.75,0.0,9399.76953125,404.94000244140625,0.0,5100.0,0.0,7200.0,1100.0,0.0,16804.4609375,13400.0,4.000239849090576,2.5409836769104004,0.4000000059604645,0.6000000238418579,0.800000011920929,0.6000000238418579,0.4000000059604645,0.6000000238418579,0.6000000238418579,0.5333333611488342,1.0,1.0,1.0,1.0,0.0,7.0,4.0,0.0,0.0,1.0,1.0,1.0,1.0,0.0,1.0,1.0,1.0,1.0,1.0
5400,3,1.0,1.0,0.0,1.0,8.025139883360406,18.25,1.0,20000.0,0.0,1.0,49.58333206176758,2.0,1.0,0.0,1.0,15.0,3,5,4,3,0.0,1.0,0.0,0.0,0.0,0.0,0.0,0.0,0.0,0.0,0.0,0.0,0.0,0.0,0.0,0.0,0.0,0.0,12,7.0,1.0,1.0,4.0,6.0,6.0,6.0,7.0,7.0,1250.0,0,0,0,0,0,0,0,0,0,0,0,0,0,0,0,0,0,0,0,0,0,0,0,0,0,0,0,0,0,0,0.0,0.0,0.0,0.0,10826.0,10826.0,0.0,10826.0,0.0,9.982852935791016,0.0,0.0,0.0,0.0,0.0,0.0,10000.0,16667.0,0.0,13333.5,0.0,0.0,0.0,0.0,0.0,1333.0,0.0,3834.0,674.0,0.0,0.0,5841.0,15.121163368225098,7.27414083480835,0.0,0.0,0.0,0.0,0.0,0.0,0.0,0.0,1.0,1.0,1.0,7.0,4.0,10.0,11.0,0.0,1.0,1.0,1.0,1.0,1.0,0.0,1.0,1.0,1.0,1.0,1.0
5401,3,1.0,1.0,1.0,0.0,,6.5,0.0,2500.0,91.0,0.0,35.58333206176758,3.0,1.0,0.0,0.0,17.0,3,1,6,1,0.0,0.0,0.0,0.0,0.0,0.0,1.0,0.0,0.0,0.0,0.0,0.0,0.0,0.0,0.0,0.0,0.0,0.0,3,,0.0,0.0,,,,,,,,0,0,0,0,0,0,0,0,0,0,0,0,0,0,0,0,0,0,0,0,0,0,1,0,1,0,0,0,0,0,0.0,1.0,2000.0,8854.5,3300.0,3300.0,5427.25,3300.0,9.29233455657959,8.794824600219727,0.0,0.0,0.0,0.0,4000.0,15000.0,1000.0,8000.0,9500.0,4500.0,5087.25,0.0,952.0,106.25,0.0,4000.0,0.0,700.0,0.0,0.0,6145.5,4700.0,1.6718729734420776,1.0465116500854492,0.0,0.0,0.0,0.0,0.0,0.4000000059604645,0.0,0.13333334028720856,1.0,0.0,0.0,,,,,0.0,1.0,1.0,1.0,1.0,1.0,0.0,0.0,0.0,0.0,0.0,1.0
5403,3,1.0,1.0,0.0,1.0,3.462966768908639,1.25,0.0,10000.0,40.0,0.0,35.0,2.0,0.0,1.0,1.0,0.0,4,3,5,1,0.0,0.0,0.0,0.0,1.0,0.0,0.0,0.0,0.0,0.0,0.0,0.0,0.0,0.0,0.0,0.0,2.0,0.0,3,8.0,1.0,1.0,6.0,6.0,,,,,,1,1,1,1,1,1,1,1,0,1,0,1,1,1,1,0,0,0,0,0,0,0,0,0,0,0,0,0,0,0,2.5,1.0,4000.0,8780.1796875,-1623.0,-1623.0,6390.08984375,-1623.0,9.455650329589844,-8.08517837524414,2.0,1.0,2.0,0.0,31600.0,31600.0,16000.0,12250.0,31600.0,14125.0,14854.009765625,5600.0,1554.989990234375,810.8200073242188,0.0,5758.0,3200.0,3215.0,1700.0,0.0,22819.8203125,13873.0,2.0880138874053955,2.0901153087615967,1.0,0.800000011920929,0.800000011920929,0.8666666746139526,0.0,0.0,0.0,0.0,1.0,0.0,1.0,4.0,3.0,3.0,6.0,0.0,0.0,1.0,1.0,1.0,1.0,1.0,1.0,0.0,1.0,1.0,0.0
5405,3,1.0,1.0,0.0,0.0,,1.0,0.0,500.0,52.0,1.0,24.16666603088379,1.0,1.0,0.0,0.0,0.0,2,0,0,0,0.0,0.0,0.0,0.0,0.0,0.0,0.0,0.0,0.0,0.0,0.0,0.0,0.0,0.0,0.0,0.0,1.5,0.0,1,,0.0,0.0,,,,,,,,0,0,0,0,0,0,0,0,0,0,0,0,0,0,0,0,0,0,0,0,0,0,0,0,0,0,0,0,0,0,0.0,0.0,0.0,0.0,-1918.0,-1918.0,0.0,-1918.0,0.0,-8.252185821533203,0.0,0.0,1.0,1.0,0.0,0.0,1800.0,5298.0,0.0,3549.0,0.0,0.0,0.0,0.0,0.0,966.0,0.0,1850.0,2900.0,1500.0,0.0,7216.0,15.121163368225098,1.8522964715957642,0.0,0.0,0.0,0.0,0.0,0.0,0.0,0.0,0.0,0.0,0.0,,,,,1.0,0.0,1.0,0.0,0.0,0.0,1.0,0.0,0.0,0.0,0.0,0.0
5407,3,1.0,1.0,0.0,0.0,,1.0,0.0,200.0,52.0,1.0,30.33333396911621,1.0,1.0,0.0,1.0,0.0,2,0,0,0,0.0,0.0,0.0,0.0,0.0,0.0,0.0,0.0,0.0,0.0,0.0,0.0,1.0,0.0,0.0,0.0,2.0,0.0,1,,0.0,0.0,,,,,,,,0,0,0,0,0,0,0,0,0,0,0,0,0,0,0,0,0,0,0,0,0,0,0,0,0,0,0,0,0,0,0.0,0.0,0.0,0.0,-1100.0,-1100.0,0.0,-1100.0,0.0,-7.6962127685546875,0.0,0.0,2.0,0.0,0.0,0.0,11000.0,15000.0,0.0,13000.0,0.0,0.0,0.0,0.0,0.0,11000.0,3100.0,2000.0,0.0,0.0,0.0,16100.0,15.121163368225098,1.1818181276321411,0.0,0.0,0.0,0.0,0.0,0.0,0.0,0.0,0.0,0.0,0.0,,,,,1.0,0.0,1.0,0.0,0.0,0.0,1.0,0.0,0.0,0.0,1.0,0.0
5408,3,1.0,1.0,1.0,0.0,7.397460235075064,2.75,0.0,1000.0,52.0,0.0,29.5,1.0,1.0,0.0,1.0,26.0,8,3,6,1,0.0,0.0,0.0,0.0,0.0,0.0,0.0,0.0,0.0,0.0,0.0,0.0,0.0,1.0,0.0,0.0,3.0,0.0,3,8.0,1.0,1.0,,,5.5,3.0,5.5,5.0,1750.0,0,0,1,1,0,1,0,0,0,0,0,0,0,0,0,0,0,0,0,0,0,0,0,0,0,0,0,0,0,0,3.0,1.0,4500.0,5770.0703125,4475.0,4475.0,5135.03515625,4475.0,9.23698902130127,9.099409103393555,0.0,4.0,0.0,3.0,7500.0,7500.0,1500.0,15000.0,7500.0,8250.0,0.0,1200.0,379.989990234375,149.94000244140625,0.0,6000.0,3825.0,300.0,400.0,0.0,1729.929931640625,10525.0,50.00666809082031,1.330645203590393,0.4000000059604645,0.20000000298023224,0.0,0.20000000298023224,0.0,0.0,0.0,0.0,1.0,0.0,0.0,6.0,4.0,10.0,8.0,0.0,1.0,1.0,1.0,1.0,1.0,1.0,0.0,0.0,0.0,1.0,0.0
5411,3,1.0,1.0,1.0,0.0,2.732489001999856,5.5,0.0,0.0,70.0,1.0,62.16666793823242,0.0,0.0,0.0,1.0,10.0,2,3,7,6,0.0,0.0,0.0,0.0,0.0,0.0,0.0,0.0,0.0,0.0,0.0,0.0,0.0,0.0,0.0,0.0,20.0,1.0,8,8.0,1.0,1.0,,7.0,6.5,7.0,6.0,7.0,750.0,1,0,0,1,1,1,0,0,0,1,0,1,1,1,1,0,1,0,1,1,1,0,1,0,1,1,1,1,0,0,15.0,1.0,0.0,-1477.580078125,-8325.0,-8325.0,-738.7900390625,-8325.0,-9.420519828796387,-10.49105167388916,10.0,7.0,18.0,3.0,80000.0,80000.0,90000.0,90000.0,80000.0,90000.0,29999.990234375,30000.0,7000.009765625,2839.0,17500.0,38996.0,25000.0,28000.0,13000.0,3000.0,87339.0,107996.0,2.352940559387207,1.915056586265564,0.6000000238418579,0.4000000059604645,0.800000011920929,0.6000000238418579,0.6000000238418579,0.6000000238418579,0.6000000238418579,0.6000000238418579,1.0,1.0,1.0,14.0,8.0,13.0,10.0,0.0,1.0,1.0,1.0,1.0,1.0,1.0,0.0,0.0,0.0,1.0,1.0
5412,3,1.0,1.0,1.0,0.0,9.330390019101932,4.833333492279053,0.0,5000.0,70.0,1.0,32.58333206176758,1.0,0.0,1.0,1.0,0.9,2,1,2,3,0.0,0.0,0.0,0.0,0.0,0.0,0.0,0.0,0.0,0.0,0.0,1.0,0.0,0.0,0.0,0.0,2.5,0.0,9,8.0,1.0,1.0,5.0,6.0,,2.0,5.5,6.0,1750.0,1,0,1,0,1,0,1,0,1,1,0,1,1,1,0,0,1,1,0,1,1,1,1,0,1,1,1,1,0,1,2.0,1.0,2020.0,-998.66015625,-4233.0,-4233.0,510.669921875,-4233.0,6.9288716316223145,-9.043813705444336,2.0,0.0,2.0,1.0,2020.0,3300.0,5500.0,5000.0,2660.0,5250.0,2200.0,680.0,1368.719970703125,49.939998626708984,0.0,3333.0,1600.0,1500.0,2800.0,0.0,4298.66015625,9233.0,1.131900429725647,1.5073212385177612,0.6000000238418579,0.6000000238418579,0.6000000238418579,0.6000000238418579,0.6000000238418579,0.800000011920929,0.800000011920929,0.7333333492279053,1.0,1.0,1.0,7.0,3.0,4.0,7.0,0.0,1.0,1.0,1.0,0.0,1.0,1.0,1.0,0.0,1.0,0.0,1.0
5413,3,1.0,1.0,1.0,0.0,0.7507200385168097,13.25,1.0,700.0,70.0,0.0,50.83333206176758,2.0,1.0,0.0,0.0,0.0,5,0,0,0,0.0,0.0,0.0,0.0,0.0,0.0,0.0,0.0,1.0,0.0,0.0,0.0,0.0,0.0,0.0,0.0,2.0,0.0,6,9.0,1.0,1.0,1.0,3.0,7.0,1.0,7.0,7.0,2250.0,0,1,1,1,1,0,0,0,1,1,0,1,1,1,1,1,0,1,0,0,0,0,0,0,0,1,0,0,0,0,2.0,1.0,2000.0,1117.699951171875,1810.0,1810.0,1558.8499755859375,1810.0,8.044851303100586,8.194229125976562,2.0,0.0,2.0,0.0,4000.0,5000.0,4000.0,4000.0,4500.0,4000.0,1900.0,1200.0,424.8299865722656,357.4700012207031,0.0,1000.0,270.0,620.0,300.0,0.0,3882.300048828125,2190.0,2.3684210777282715,3.9603960514068604,0.800000011920929,0.4000000059604645,0.800000011920929,0.6666666865348816,0.4000000059604645,0.0,0.20000000298023224,0.20000000298023224,0.0,1.0,1.0,4.0,4.0,6.0,3.0,0.0,0.0,1.0,0.0,0.0,0.0,1.0,0.0,1.0,1.0,0.0,1.0
5414,3,1.0,1.0,1.0,0.0,0.21531830541080374,15.75,0.0,1000.0,54.0,0.0,43.16666793823242,1.0,0.0,1.0,1.0,40.0,5,2,6,2,0.0,0.0,0.0,0.0,1.0,0.0,0.0,0.0,0.0,0.0,0.0,0.0,0.0,0.0,0.0,0.0,1.5,0.0,3,9.0,1.0,1.0,3.0,4.0,5.0,1.0,6.5,5.0,325.0,1,0,0,0,1,1,0,0,0,1,0,1,1,1,1,0,1,0,1,0,0,0,0,1,0,0,0,0,0,0,1.5,1.0,2000.0,1269.9599609375,2250.0,2250.0,1634.97998046875,2250.0,8.092533111572266,8.411832809448242,0.0,3.0,0.0,3.0,6000.0,7200.0,13000.0,13000.0,6600.0,13000.0,3500.0,1000.0,1050.0400390625,380.0,0.0,6800.0,1500.0,1450.0,1000.0,0.0,5930.0400390625,10750.0,1.7142901420593262,1.8309859037399292,0.4000000059604645,0.4000000059604645,0.800000011920929,0.5333333611488342,0.4000000059604645,0.20000000298023224,0.0,0.20000000298023224,1.0,0.0,1.0,11.0,6.0,8.0,2.0,0.0,1.0,1.0,1.0,1.0,1.0,1.0,0.0,0.0,1.0,1.0,1.0
5417,3,1.0,1.0,0.0,0.0,,3.5,0.0,2000.0,91.0,1.0,37.5,1.0,1.0,0.0,0.0,26.0,2,0,0,0,0.0,0.0,0.0,0.0,0.0,0.0,0.0,0.0,0.0,1.0,0.0,0.0,0.0,0.0,0.0,0.0,2.0,0.0,11,,0.0,0.0,,,,,,,,1,0,1,0,1,1,0,0,0,0,0,1,1,1,1,0,0,0,0,0,0,0,0,1,1,0,0,0,0,1,1.0,1.0,4000.0,3754.458984375,5530.0,5530.0,3877.2294921875,5530.0,8.956023216247559,9.311090469360352,1.0,0.0,2.0,0.0,24000.0,29000.0,11400.0,14000.0,26500.0,12700.0,15962.3603515625,740.0,7799.43017578125,743.75,0.0,5000.0,1600.0,1870.0,0.0,0.0,25245.541015625,8470.0,1.2971253395080566,2.2048611640930176,0.6000000238418579,0.20000000298023224,0.800000011920929,0.5333333611488342,0.0,0.4000000059604645,0.20000000298023224,0.20000000298023224,0.0,1.0,1.0,,,,,1.0,1.0,1.0,0.0,0.0,0.0,1.0,0.0,0.0,0.0,1.0,1.0
5421,3,1.0,1.0,0.0,0.0,,2.75,1.0,65000.0,72.0,0.0,26.0,0.0,0.0,1.0,1.0,3.0,2,4,7,1,0.0,0.0,0.0,0.0,0.0,0.0,0.0,0.0,0.0,0.0,0.0,1.0,0.0,0.0,0.0,0.0,5.5,0.0,8,,0.0,0.0,,,,,,,,0,0,0,0,0,0,0,0,0,0,0,0,0,0,0,0,0,0,0,0,0,0,0,0,0,0,0,0,0,0,0.0,0.0,0.0,0.0,-2677.0,-2677.0,0.0,-2677.0,0.0,-8.585598945617676,0.0,0.0,5.0,1.0,0.0,0.0,29000.0,34000.0,0.0,31500.0,0.0,0.0,0.0,0.0,0.0,6000.0,9000.0,18215.0,3462.0,0.0,0.0,36677.0,15.121163368225098,4.329896926879883,0.0,0.0,0.0,0.0,0.0,0.0,0.0,0.0,1.0,1.0,1.0,,,,,1.0,1.0,1.0,1.0,1.0,1.0,1.0,1.0,1.0,1.0,1.0,0.0
5426,3,1.0,1.0,0.0,0.0,,5.25,1.0,2500.0,114.0,1.0,45.91666793823242,4.0,1.0,0.0,1.0,0.0,0,0,0,0,0.0,0.0,0.0,0.0,0.0,0.0,0.0,0.0,0.0,1.0,0.0,0.0,0.0,0.0,0.0,0.0,3.5,0.0,1,,0.0,0.0,,,,,,,,0,0,0,0,0,0,0,0,0,0,0,0,0,0,0,0,0,0,0,0,0,0,0,0,0,0,0,0,0,0,0.0,0.0,0.0,0.0,1629.169921875,1629.169921875,0.0,1629.169921875,0.0,8.088973045349121,0.0,0.0,0.0,6.0,0.0,0.0,4000.0,4800.0,0.0,4400.0,0.0,0.0,0.0,0.0,0.0,800.0,1000.0,1350.0,20.829999923706055,0.0,0.0,3170.830078125,15.121163368225098,4.6315789222717285,0.0,0.0,0.0,0.0,0.0,0.0,0.0,0.0,0.0,0.0,1.0,,,,,1.0,0.0,0.0,0.0,0.0,0.0,1.0,0.0,1.0,1.0,0.0,1.0
5427,3,1.0,1.0,0.0,1.0,9.433705549929151,3.75,0.0,500.0,54.0,1.0,31.25,1.0,1.0,0.0,0.0,2.0,2,2,7,3,0.0,0.0,0.0,0.0,0.0,0.0,0.0,0.0,0.0,0.0,0.0,1.0,0.0,0.0,0.0,0.0,0.5,0.0,3,7.0,1.0,1.0,4.0,1.0,7.0,2.0,6.0,5.0,750.0,1,0,1,0,1,0,0,0,0,0,0,1,1,1,1,0,0,0,0,0,0,0,0,0,1,0,0,0,0,0,0.5,1.0,3000.0,2210.06005859375,616.0,616.0,2605.030029296875,616.0,8.55834674835205,7.116394996643066,0.0,1.0,0.0,1.0,3500.0,3700.0,2800.0,2500.0,3600.0,2650.0,700.0,400.0,190.01998901367188,199.9199981689453,0.0,374.0,250.0,700.0,560.0,0.0,1489.93994140625,1884.0,4.23539400100708,4.616724967956543,0.6000000238418579,0.0,0.800000011920929,0.46666666865348816,0.0,0.20000000298023224,0.0,0.06666667014360428,1.0,0.0,0.0,4.0,5.0,3.0,7.0,0.0,1.0,1.0,1.0,1.0,1.0,0.0,0.0,0.0,0.0,0.0,1.0
5431,3,1.0,1.0,0.0,0.0,,0.25,0.0,5000.0,54.0,1.0,26.08333396911621,0.0,0.0,1.0,1.0,0.0,4,0,0,0,0.0,0.0,0.0,0.0,0.0,0.0,0.0,0.0,0.0,0.0,0.0,1.0,0.0,0.0,0.0,0.0,0.0,0.0,3,,0.0,0.0,,,,,,,,0,0,0,0,0,0,0,0,0,0,0,0,0,0,0,0,0,0,0,0,0,0,0,0,0,0,0,0,0,0,0.0,0.0,0.0,0.0,-130.0,-130.0,0.0,-130.0,0.0,-5.560696601867676,0.0,0.0,0.0,0.0,0.0,0.0,10000.0,9600.0,0.0,9800.0,0.0,0.0,0.0,0.0,0.0,5760.0,0.0,2970.0,1000.0,0.0,0.0,9730.0,15.121163368225098,1.617161750793457,0.0,0.0,0.0,0.0,0.0,0.0,0.0,0.0,0.0,0.0,1.0,,,,,1.0,0.0,1.0,0.0,0.0,0.0,0.0,1.0,0.0,1.0,1.0,0.0
5433,3,1.0,1.0,0.0,0.0,,1.9166667461395264,0.0,500.0,54.0,1.0,32.5,2.0,0.0,1.0,0.0,22.0,4,2,4,4,0.0,0.0,0.0,0.0,0.0,0.0,0.0,0.0,0.0,0.0,0.0,0.0,0.0,0.0,0.0,0.0,0.0,0.0,1,,0.0,0.0,,,,,,,,0,0,1,0,1,0,0,0,0,1,0,1,0,0,1,0,0,0,0,0,0,0,0,1,0,0,0,0,0,0,0.0,1.0,2000.0,1970.010009765625,-700.0,-700.0,1985.0050048828125,-700.0,8.286523818969727,-7.244227886199951,0.0,0.0,0.0,0.0,4500.0,4500.0,3000.0,4000.0,4500.0,3500.0,1500.0,0.0,900.02001953125,129.97000122070312,0.0,3500.0,0.0,1000.0,200.0,0.0,2529.989990234375,4700.0,3.0,1.0,0.4000000059604645,0.20000000298023224,0.4000000059604645,0.3333333432674408,0.0,0.20000000298023224,0.0,0.06666667014360428,1.0,0.0,0.0,,,,,1.0,1.0,1.0,1.0,1.0,1.0,0.0,0.0,0.0,0.0,0.0,0.0
5434,3,1.0,1.0,0.0,0.0,,3.25,1.0,600.0,20.0,0.0,39.16666793823242,1.0,1.0,0.0,1.0,5.0,5,5,7,2,0.0,0.0,0.0,0.0,0.0,0.0,0.0,0.0,0.0,0.0,0.0,0.0,0.0,0.0,0.0,0.0,0.0,0.0,1,,0.0,0.0,,,,,,,,1,1,0,1,0,1,1,0,1,1,0,1,1,0,1,0,0,0,0,0,0,0,0,0,0,0,0,1,1,0,0.0,1.0,800.0,310.010009765625,9500.0,9500.0,555.0050048828125,9500.0,7.012125015258789,9.852193832397461,0.0,0.0,0.0,0.0,1200.0,1200.0,12000.0,18000.0,1200.0,15000.0,0.0,0.0,425.0,464.989990234375,0.0,3150.0,0.0,1350.0,4000.0,0.0,889.989990234375,8500.0,15.121163368225098,4.545454502105713,0.6000000238418579,0.800000011920929,0.6000000238418579,0.6666666865348816,0.0,0.0,0.4000000059604645,0.13333334028720856,1.0,0.0,0.0,,,,,1.0,1.0,1.0,1.0,1.0,1.0,0.0,0.0,1.0,0.0,1.0,0.0
5439,3,1.0,1.0,0.0,0.0,,0.5,0.0,200.0,54.0,1.0,40.08333206176758,2.0,1.0,0.0,0.0,1.0,3,2,2,2,0.0,0.0,0.0,0.0,0.0,0.0,0.0,0.0,0.0,1.0,0.0,0.0,0.0,0.0,0.0,0.0,0.0,0.0,8,,0.0,0.0,,,,,,,,0,0,0,0,0,0,0,0,0,0,0,0,0,0,0,0,0,0,0,0,0,0,0,0,0,0,0,0,0,0,0.0,0.0,0.0,0.0,1738.0,1738.0,0.0,1738.0,0.0,8.153637886047363,0.0,0.0,0.0,0.0,0.0,0.0,1200.0,2880.0,0.0,2040.0,0.0,0.0,0.0,0.0,0.0,1000.0,0.0,112.0,30.0,0.0,0.0,1142.0,15.121163368225098,2.0399999618530273,0.0,0.0,0.0,0.0,0.0,0.0,0.0,0.0,1.0,1.0,0.0,,,,,1.0,1.0,1.0,1.0,0.0,1.0,0.0,0.0,0.0,0.0,0.0,0.0
5440,3,0.0,1.0,1.0,0.0,1.094547398240403,0.6666666865348816,0.0,500.0,35.0,1.0,32.41666793823242,1.0,1.0,0.0,1.0,0.0,3,3,3,1,0.0,0.0,0.0,0.0,0.0,0.0,0.0,0.0,0.0,1.0,0.0,0.0,0.0,0.0,0.0,0.0,0.0,0.0,1,8.0,1.0,1.0,4.0,4.5,6.0,7.0,7.0,7.0,2250.0,0,0,1,1,1,0,0,0,0,1,1,1,1,1,1,0,1,1,1,1,1,1,1,1,1,1,1,1,1,1,1.5,1.0,250.0,250.75,3840.0,3840.0,250.375,3840.0,6.216111183166504,8.946374893188477,1.0,1.0,0.0,0.0,1200.0999755859375,2500.0,8000.0,8000.0,1850.050048828125,8000.0,1096.5,205.0,905.25,0.0,0.0,1800.0,1200.0,1160.0,0.0,0.0,2249.25,4160.0,1.1991897821426392,4.44444465637207,0.6000000238418579,0.20000000298023224,1.0,0.6000000238418579,0.800000011920929,1.0,1.0,0.9333333373069763,1.0,0.0,0.0,6.0,6.0,6.0,6.0,0.0,0.0,1.0,1.0,1.0,1.0,0.0,0.0,0.0,1.0,1.0,0.0
5447,3,1.0,1.0,0.0,0.0,,8.5,1.0,150.0,25.0,0.0,50.16666793823242,2.0,1.0,0.0,1.0,4.0,5,11,7,7,0.0,0.0,0.0,0.0,0.0,0.0,0.0,0.0,0.0,0.0,0.0,0.0,0.0,0.0,0.0,0.0,2.5,0.0,1,,0.0,0.0,,,,,,,,1,0,0,0,0,0,0,1,0,0,0,0,0,0,0,0,0,0,0,0,0,0,0,0,0,0,0,0,0,0,0.0,1.0,0.0,-1070.8299560546875,7020.0,7020.0,-535.4149780273438,7020.0,-6.976190090179443,9.549665451049805,0.0,0.0,1.0,3.0,0.0,0.0,24000.0,42000.0,0.0,33000.0,637.5,0.0,425.0,8.329999923706055,0.0,19240.0,6000.0,6200.0,3540.0,0.0,1070.8299560546875,34980.0,0.6688071489334106,1.6802444458007812,0.20000000298023224,0.20000000298023224,0.0,0.13333334028720856,0.0,0.0,0.0,0.0,1.0,0.0,1.0,,,,,1.0,1.0,1.0,1.0,1.0,1.0,1.0,0.0,1.0,1.0,1.0,1.0
5448,3,1.0,1.0,0.0,0.0,,10.75,0.0,900.0,52.0,1.0,34.16666793823242,1.0,1.0,0.0,0.0,0.0,2,0,0,0,0.0,0.0,1.0,0.0,0.0,0.0,0.0,0.0,0.0,0.0,0.0,0.0,0.0,0.0,0.0,0.0,0.0,0.0,3,,0.0,0.0,,,,,,,,1,0,0,0,1,1,0,0,0,0,1,1,1,1,1,0,0,1,1,0,0,0,0,1,0,1,0,0,0,0,2.0,1.0,6550.0,6455.5302734375,7797.0,7797.0,6502.76513671875,7797.0,9.473130226135254,9.654641151428223,2.0,0.0,0.0,0.0,6000.0,15000.0,2500.0,15000.0,10500.0,8750.0,6232.5,850.0,661.9000244140625,800.0700073242188,0.0,6531.0,350.0,310.0,12.0,0.0,8544.4697265625,7203.0,1.607345461845398,1.3295851945877075,0.4000000059604645,0.20000000298023224,1.0,0.5333333611488342,0.4000000059604645,0.20000000298023224,0.20000000298023224,0.2666666805744171,0.0,0.0,0.0,,,,,1.0,0.0,1.0,0.0,0.0,0.0,0.0,0.0,0.0,0.0,1.0,1.0
5449,3,1.0,1.0,1.0,0.0,6.976120559562648,0.3333333134651184,0.0,15000.0,70.0,0.0,35.66666793823242,2.0,1.0,0.0,0.0,23.0,3,12,7,5,0.0,0.0,0.0,0.0,0.0,0.0,0.0,0.0,0.0,0.0,0.0,1.0,0.0,0.0,0.0,0.0,3.0,0.0,11,7.0,1.0,1.0,,,7.0,2.0,6.5,7.0,750.0,1,0,1,1,1,1,1,0,1,0,1,1,1,1,1,0,1,0,0,1,1,1,1,1,1,1,1,0,0,1,2.0,1.0,2000.0,2276.14013671875,-1366.0,-1366.0,2138.070068359375,-1366.0,8.360806465148926,-7.912789344787598,2.0,0.0,3.0,0.0,2000.0,4500.0,1700.0,2500.0,3250.0,2100.0,375.0,1000.0,763.8599853515625,85.0,0.0,278.0,2280.0,1008.0,300.0,0.0,2223.85986328125,3866.0,4.501821517944336,5.55555534362793,0.800000011920929,0.6000000238418579,1.0,0.800000011920929,0.4000000059604645,1.0,0.6000000238418579,0.6666666865348816,1.0,1.0,1.0,4.0,0.0,6.0,6.0,0.0,1.0,1.0,1.0,1.0,1.0,1.0,1.0,0.0,1.0,0.0,0.0
5450,3,1.0,1.0,1.0,0.0,6.389336366011463,9.333333015441895,0.0,9500.0,84.0,0.0,35.66666793823242,2.0,1.0,0.0,1.0,20.0,2,1,7,3,0.0,0.0,0.0,0.0,0.0,0.0,0.0,0.0,0.0,1.0,0.0,0.0,0.0,0.0,0.0,0.0,0.0,0.0,9,6.0,1.0,1.0,4.0,4.0,6.0,6.0,5.5,7.0,75.0,1,1,1,0,0,1,0,0,1,1,0,1,1,1,1,0,1,0,0,1,0,0,1,0,0,0,0,0,0,0,1.0,1.0,4000.0,4936.6298828125,560.0,560.0,4468.31494140625,560.0,9.09791374206543,7.021084785461426,1.0,0.0,0.0,0.0,11840.0,12000.0,1800.0,3700.0,11920.0,2750.0,5950.0,0.0,1070.8699951171875,42.5,0.0,2000.0,700.0,430.0,10.0,0.0,7063.3701171875,3140.0,1.7639659643173218,1.334951400756836,0.6000000238418579,0.6000000238418579,0.800000011920929,0.6666666865348816,0.4000000059604645,0.20000000298023224,0.0,0.20000000298023224,1.0,1.0,1.0,8.0,0.0,7.0,6.0,0.0,1.0,1.0,1.0,1.0,1.0,0.0,1.0,0.0,1.0,0.0,1.0
5455,3,0.0,1.0,0.0,1.0,6.800524899535434,7.833333492279053,1.0,20000.0,52.0,1.0,36.25,3.0,1.0,0.0,1.0,0.0,2,0,0,0,0.0,0.0,0.0,0.0,0.0,0.0,0.0,0.0,0.0,0.0,0.0,0.0,0.0,0.0,0.0,0.0,0.5,0.0,5,6.0,1.0,1.0,2.5,1.5,5.0,3.0,7.0,6.0,750.0,,,,,,,,,,,,,,,,,,,,,,,,,,,,,,,1.0,1.0,100000.0,331.0,237.0,237.0,50165.5,237.0,11.698001861572266,6.161211967468262,0.0,2.0,0.0,1.0,40000.0,9775.0,1600.0,2125.0,24887.5,1862.5,6843.0,0.0,850.0,200.0,1551.0,1488.0,0.0,200.0,200.0,0.0,9444.0,1888.0,3.6369283199310303,1.2516801357269287,,,,,,,,,0.0,0.0,1.0,4.0,4.0,6.0,5.0,0.0,0.0,1.0,0.0,0.0,0.0,0.0,1.0,1.0,0.0,0.0,1.0
5458,3,1.0,1.0,1.0,0.0,,1.9166667461395264,0.0,1000.0,54.0,0.0,38.66666793823242,0.0,0.0,1.0,1.0,0.0,5,0,0,0,0.0,0.0,0.0,0.0,0.0,0.0,0.0,0.0,0.0,0.0,0.0,0.0,0.0,0.0,1.0,0.0,1.0,0.0,8,,0.0,0.0,,,,,,,,1,1,0,1,1,1,0,0,0,0,0,1,1,1,1,0,0,0,0,0,0,0,0,0,0,0,0,0,0,0,1.0,1.0,10000.0,1144.1800537109375,2450.0,2450.0,5572.08984375,2450.0,9.318672180175781,8.496990203857422,1.0,0.0,0.0,1.0,2500.0,2500.0,3500.0,7000.0,2500.0,5250.0,250.0,1000.0,75.86000061035156,29.959999084472656,0.0,1500.0,0.0,2750.0,300.0,0.0,1355.8199462890625,4550.0,8.33388900756836,2.9166667461395264,0.800000011920929,0.20000000298023224,0.800000011920929,0.6000000238418579,0.0,0.0,0.0,0.0,0.0,1.0,0.0,,,,,0.0,0.0,1.0,0.0,0.0,0.0,0.0,0.0,0.0,1.0,0.0,0.0
5459,3,1.0,1.0,1.0,0.0,,4.25,0.0,7000.0,70.0,0.0,32.25,2.0,0.0,1.0,1.0,31.0,2,1,4,1,0.0,0.0,0.0,0.0,0.0,0.0,0.0,0.0,0.0,0.0,0.0,0.0,0.0,0.0,1.0,0.0,2.0,0.0,3,,0.0,0.0,,,,,,,,0,0,1,1,1,1,0,0,1,1,0,1,1,1,0,0,0,1,0,1,0,0,0,0,1,0,0,0,0,0,1.5,1.0,3000.0,4050.47998046875,450.0,450.0,3525.239990234375,450.0,8.860851287841797,6.802395820617676,0.0,2.0,2.0,0.0,85000.0,10600.0,8500.0,7310.0,47800.0,7905.0,3187.5,1487.5,1562.27001953125,312.25,0.0,2640.0,2400.0,1820.0,0.0,0.0,6549.52001953125,6860.0,14.764570236206055,2.7834506034851074,0.6000000238418579,0.6000000238418579,0.6000000238418579,0.6000000238418579,0.4000000059604645,0.20000000298023224,0.0,0.20000000298023224,1.0,0.0,1.0,,,,,0.0,1.0,1.0,1.0,1.0,1.0,1.0,1.0,0.0,1.0,1.0,1.0
5472,3,1.0,1.0,1.0,0.0,,2.5,0.0,200.0,70.0,0.0,31.5,2.0,1.0,0.0,0.0,18.0,2,2,6,5,0.0,0.0,0.0,0.0,0.0,0.0,0.0,0.0,0.0,0.0,0.0,1.0,0.0,0.0,0.0,0.0,1.0,0.0,8,,0.0,0.0,,,,,,,,0,0,0,1,0,0,0,0,0,0,0,1,0,0,0,0,0,0,0,0,0,0,0,0,0,0,0,0,0,0,1.5,1.0,500.0,602.990234375,-334.0,-334.0,551.4951171875,-334.0,7.005781173706055,-6.504290580749512,1.0,1.0,1.0,0.0,5000.0,5000.0,600.0,1700.0,5000.0,1150.0,210.3800048828125,1742.5,361.6300048828125,2082.5,0.0,50.0,840.0,164.0,980.0,0.0,4397.009765625,2034.0,13.875014305114746,8.84615421295166,0.20000000298023224,0.0,0.20000000298023224,0.13333334028720856,0.0,0.0,0.0,0.0,1.0,1.0,0.0,,,,,0.0,1.0,1.0,1.0,1.0,1.0,0.0,0.0,0.0,0.0,0.0,0.0
5473,3,1.0,1.0,0.0,1.0,1.4389480555166385,17.0,1.0,500.0,60.0,1.0,60.0,2.0,1.0,0.0,0.0,0.0,3,2,7,6,0.0,0.0,0.0,0.0,0.0,0.0,0.0,0.0,0.0,1.0,0.0,0.0,0.0,0.0,0.0,0.0,2.0,0.0,3,7.0,1.0,1.0,5.5,6.0,6.0,6.0,6.0,6.0,75.0,1,0,0,0,1,0,0,0,1,0,0,1,0,0,0,1,1,0,0,1,1,1,1,1,1,1,1,0,0,1,1.5,1.0,5000.0,9907.46875,5224.0,5224.0,7453.734375,5224.0,9.609617233276367,9.254165649414062,1.0,1.0,2.0,0.0,60000.0,72250.0,10000.0,45000.0,66125.0,27500.0,55250.0,3500.0,3175.050048828125,417.47998046875,0.0,34412.0,1500.0,2100.0,1764.0,0.0,62342.53125,39776.0,1.1745113134384155,0.7765729427337646,0.4000000059604645,0.20000000298023224,0.20000000298023224,0.2666666805744171,0.6000000238418579,1.0,0.6000000238418579,0.7333333492279053,1.0,0.0,1.0,9.0,1.0,8.0,11.0,0.0,0.0,1.0,1.0,1.0,1.0,1.0,0.0,1.0,1.0,1.0,1.0
5474,3,1.0,1.0,0.0,1.0,6.269041862099901,3.75,1.0,5000.0,52.0,0.0,30.5,1.0,1.0,0.0,1.0,0.0,3,0,0,0,0.0,0.0,0.0,0.0,0.0,0.0,0.0,0.0,0.0,0.0,0.0,0.0,0.0,0.0,0.0,0.0,1.0,1.0,3,8.0,1.0,1.0,4.0,4.0,7.0,7.0,7.0,7.0,75.0,1,0,1,0,1,1,1,1,1,1,1,1,1,0,1,0,0,0,0,0,0,0,0,0,0,0,0,0,0,0,0.0,0.0,0.0,0.0,800.0,800.0,0.0,800.0,0.0,7.3777594566345215,0.0,0.0,1.0,0.0,0.0,0.0,4000.0,2000.0,0.0,3000.0,0.0,0.0,0.0,0.0,0.0,60.0,0.0,380.0,760.0,0.0,0.0,1200.0,15.121163368225098,18.75,0.6000000238418579,1.0,0.800000011920929,0.800000011920929,0.0,0.0,0.0,0.0,0.0,0.0,1.0,7.0,5.0,7.0,9.0,0.0,0.0,1.0,0.0,0.0,0.0,0.0,1.0,1.0,0.0,0.0,1.0
5475,3,1.0,1.0,1.0,0.0,9.446892014882488,8.916666984558105,0.0,300.0,52.0,1.0,30.0,1.0,1.0,0.0,1.0,20.0,2,0,0,0,0.0,0.0,0.0,0.0,0.0,0.0,0.0,0.0,0.0,0.0,0.0,1.0,0.0,0.0,0.0,0.0,2.0,0.0,3,7.0,1.0,1.0,3.0,2.0,6.5,2.0,6.0,7.0,325.0,1,0,0,0,1,1,1,0,0,1,0,1,1,1,0,1,0,0,0,0,0,0,0,0,0,0,0,0,0,0,1.5,1.0,4000.0,3560.22998046875,-974.0,-974.0,3780.114990234375,-974.0,8.930656433105469,-7.574558734893799,0.0,2.0,1.0,2.0,5500.0,6200.0,2500.0,3200.0,5850.0,2850.0,1500.0,850.0,139.8300018310547,149.94000244140625,0.0,774.0,900.0,1200.0,1300.0,0.0,2639.77001953125,4174.0,3.656341314315796,2.9260780811309814,0.4000000059604645,0.6000000238418579,0.6000000238418579,0.5333333611488342,0.20000000298023224,0.0,0.0,0.06666667014360428,0.0,0.0,0.0,3.0,0.0,4.0,9.0,0.0,1.0,1.0,0.0,0.0,0.0,1.0,0.0,0.0,0.0,0.0,1.0
5479,3,1.0,1.0,0.0,0.0,,0.5833333134651184,0.0,1500.0,48.0,1.0,28.08333396911621,2.0,1.0,0.0,0.0,19.0,2,2,3,3,0.0,0.0,0.0,0.0,0.0,0.0,0.0,0.0,0.0,1.0,0.0,0.0,0.0,0.0,0.0,0.0,2.0,0.0,1,,0.0,0.0,,,,,,,,0,0,1,0,0,0,0,0,0,0,0,1,1,0,0,0,0,0,0,0,0,0,1,0,0,0,0,0,0,0,1.5,1.0,700.0,632.56005859375,5450.0,5450.0,666.280029296875,5450.0,7.194857597351074,9.296518325805664,0.0,2.0,0.0,3.0,3800.0,5000.0,2500.0,20000.0,4400.0,11250.0,2450.0,1200.0,717.4400024414062,0.0,0.0,7600.0,5000.0,950.0,1000.0,0.0,4367.43994140625,14550.0,1.4251011610031128,1.442307710647583,0.20000000298023224,0.0,0.4000000059604645,0.20000000298023224,0.0,0.20000000298023224,0.0,0.06666667014360428,1.0,0.0,1.0,,,,,1.0,1.0,1.0,1.0,1.0,1.0,1.0,0.0,0.0,1.0,1.0,0.0
5481,3,1.0,1.0,0.0,0.0,,0.5,0.0,7000.0,70.0,0.0,34.08333206176758,3.0,0.0,1.0,0.0,29.0,9,3,5,3,0.0,0.0,0.0,0.0,0.0,0.0,0.0,0.0,0.0,1.0,0.0,0.0,0.0,0.0,0.0,0.0,0.0,0.0,3,,0.0,0.0,,,,,,,,1,0,1,0,0,0,0,0,0,1,0,0,1,0,0,0,0,0,0,1,1,0,0,0,1,0,0,0,0,0,1.0,1.0,3800.0,3336.7001953125,3113.0,3113.0,3568.35009765625,3113.0,8.873005867004395,8.736489295959473,1.0,0.0,0.0,0.0,17000.0,16000.0,3000.0,7420.0,16500.0,5210.0,8925.0,1785.0,1443.300048828125,510.0,0.0,4172.0,0.0,135.0,0.0,0.0,12663.2998046875,4307.0,1.748807668685913,1.2138862609863281,0.4000000059604645,0.20000000298023224,0.20000000298023224,0.2666666805744171,0.20000000298023224,0.4000000059604645,0.0,0.20000000298023224,1.0,0.0,0.0,,,,,1.0,1.0,1.0,1.0,1.0,1.0,0.0,1.0,0.0,0.0,0.0,0.0
5484,3,1.0,1.0,0.0,1.0,,9.916666984558105,1.0,65000.0,126.0,0.0,50.25,3.0,0.0,0.0,1.0,46.0,2,8,3,1,0.0,0.0,0.0,0.0,0.0,0.0,0.0,0.0,0.0,0.0,0.0,0.0,0.0,0.0,0.0,0.0,2.5,0.0,1,,0.0,0.0,,,,,,,,1,1,1,0,1,1,1,0,1,1,1,1,1,0,1,1,1,1,0,1,1,0,1,0,1,1,1,1,1,1,4.0,1.0,0.0,14808.400390625,2220.0,2220.0,7404.2001953125,2220.0,9.602950096130371,8.398409843444824,4.0,0.0,0.0,5.0,19600.0,19600.0,3000.0,10000.0,19600.0,6500.0,250.0,0.0,950.0499877929688,3591.550048828125,0.0,1600.0,4000.0,200.0,1980.0,0.0,4791.60009765625,7780.0,28.00040054321289,4.0625,0.800000011920929,0.800000011920929,0.800000011920929,0.800000011920929,0.800000011920929,0.6000000238418579,1.0,0.800000011920929,1.0,0.0,1.0,,,,,0.0,1.0,1.0,1.0,1.0,1.0,1.0,1.0,1.0,0.0,0.0,1.0
5485,3,1.0,1.0,1.0,0.0,2.1798746190215814,0.25,0.0,20000.0,54.0,0.0,31.91666603088379,1.0,0.0,1.0,1.0,0.0,4,3,4,7,0.0,0.0,0.0,0.0,0.0,1.0,0.0,0.0,0.0,0.0,0.0,0.0,0.0,0.0,0.0,0.0,0.0,0.0,5,8.0,1.0,1.0,3.5,4.5,6.5,6.0,6.5,5.0,750.0,0,0,0,0,0,0,0,1,0,0,0,0,1,1,1,0,1,1,1,1,1,0,0,1,1,1,1,0,0,1,0.0,1.0,2000.0,1570.83984375,-2910.0,-2910.0,1785.419921875,-2910.0,8.180556297302246,-8.669055938720703,0.0,0.0,0.0,0.0,11650.0,8500.0,10000.0,10000.0,10075.0,10000.0,0.0,0.0,3570.0,3059.14990234375,0.0,0.0,0.0,9700.0,810.0,2400.0,6929.16015625,12910.0,15.121163368225098,33.33333206176758,0.0,0.20000000298023224,0.6000000238418579,0.2666666805744171,0.800000011920929,0.6000000238418579,0.6000000238418579,0.6666666865348816,1.0,0.0,1.0,9.0,0.0,14.0,4.0,0.0,0.0,1.0,1.0,1.0,1.0,0.0,1.0,0.0,1.0,1.0,0.0
5486,3,1.0,1.0,0.0,1.0,,2.6666667461395264,0.0,0.0,54.0,0.0,43.33333206176758,4.0,0.0,1.0,1.0,20.0,2,1,4,7,0.0,0.0,0.0,0.0,1.0,0.0,0.0,0.0,0.0,0.0,0.0,0.0,0.0,0.0,0.0,0.0,0.0,0.0,9,,0.0,0.0,,,,,,,,0,0,0,0,0,1,0,0,0,0,0,1,1,0,1,0,1,0,0,0,0,0,1,0,0,0,0,0,0,0,0.0,0.0,0.0,0.0,20.0,20.0,0.0,20.0,0.0,3.6895039081573486,0.0,0.0,0.0,0.0,0.0,0.0,3000.0,3000.0,0.0,3000.0,0.0,0.0,0.0,0.0,0.0,2000.0,0.0,550.0,430.0,0.0,0.0,2980.0,15.121163368225098,1.3636363744735718,0.0,0.20000000298023224,0.6000000238418579,0.2666666805744171,0.20000000298023224,0.20000000298023224,0.0,0.13333334028720856,1.0,1.0,0.0,,,,,0.0,1.0,1.0,1.0,1.0,1.0,0.0,0.0,0.0,0.0,0.0,0.0
5488,3,1.0,1.0,0.0,0.0,,3.5,1.0,500.0,45.0,1.0,66.25,4.0,1.0,0.0,0.0,23.0,2,3,1,1,0.0,0.0,0.0,0.0,0.0,0.0,0.0,0.0,0.0,0.0,1.0,0.0,0.0,0.0,0.0,0.0,0.0,0.0,5,,0.0,0.0,,,,,,,,0,0,0,0,0,0,0,0,0,0,0,1,0,0,1,0,0,0,0,0,0,0,0,0,0,0,0,0,0,0,0.0,1.0,2000.0,1933.659912109375,4315.0,4315.0,1966.8299560546875,4315.0,8.277325630187988,9.062999725341797,0.0,0.0,0.0,0.0,2850.0,2850.0,2000.0,5000.0,2850.0,3500.0,850.0,0.0,16.360000610351562,49.97999954223633,0.0,350.0,0.0,200.0,135.0,0.0,916.3400268554688,685.0,3.3529412746429443,10.0,0.0,0.0,0.4000000059604645,0.13333334028720856,0.0,0.0,0.0,0.0,1.0,0.0,0.0,,,,,1.0,1.0,1.0,1.0,0.0,1.0,0.0,0.0,1.0,0.0,0.0,1.0
5491,3,1.0,1.0,0.0,0.0,,2.25,0.0,1000.0,48.0,1.0,34.91666793823242,2.0,0.0,1.0,1.0,0.0,2,0,0,0,0.0,0.0,0.0,0.0,0.0,0.0,0.0,0.0,0.0,0.0,0.0,1.0,0.0,0.0,0.0,0.0,1.5,0.0,9,,0.0,0.0,,,,,,,,0,0,0,0,0,0,0,0,0,0,0,0,0,0,0,0,0,0,0,0,0,0,0,0,0,0,0,0,0,0,0.0,0.0,0.0,0.0,31970.0,31970.0,0.0,31970.0,0.0,11.06570053100586,0.0,0.0,1.0,1.0,0.0,0.0,6000.0,42300.0,0.0,24150.0,0.0,0.0,0.0,0.0,0.0,3400.0,3200.0,3080.0,650.0,0.0,0.0,10330.0,15.121163368225098,6.939655303955078,0.0,0.0,0.0,0.0,0.0,0.0,0.0,0.0,0.0,1.0,1.0,,,,,1.0,0.0,1.0,0.0,0.0,0.0,1.0,0.0,0.0,1.0,1.0,0.0
5495,3,1.0,1.0,1.0,0.0,,0.25,0.0,25000.0,70.0,1.0,28.33333396911621,2.0,0.0,1.0,1.0,0.0,5,3,6,4,0.0,0.0,0.0,0.0,0.0,0.0,0.0,0.0,0.0,0.0,0.0,0.0,1.0,0.0,0.0,0.0,1.0,0.0,9,,0.0,0.0,,,,,,,,1,1,1,1,1,1,0,0,1,0,1,0,1,1,1,0,0,0,0,1,1,1,1,1,1,1,1,1,0,1,1.0,1.0,3500.0,2160.0400390625,1950.0,1950.0,2830.02001953125,1950.0,8.641186714172363,8.268732070922852,1.0,0.0,0.0,1.0,5500.0,5500.0,6000.0,6000.0,5500.0,6000.0,1140.0,0.0,2199.9599609375,0.0,0.0,1500.0,0.0,2550.0,0.0,0.0,3339.9599609375,4050.0,4.104599952697754,3.4285714626312256,1.0,0.4000000059604645,0.800000011920929,0.7333333492279053,0.20000000298023224,1.0,0.800000011920929,0.6666666865348816,1.0,1.0,0.0,,,,,0.0,0.0,1.0,1.0,1.0,1.0,0.0,1.0,0.0,1.0,0.0,0.0
5496,3,1.0,1.0,1.0,0.0,14.00280420591035,3.0,0.0,10000.0,91.0,0.0,28.91666603088379,0.0,1.0,0.0,0.0,0.0,0,0,0,0,0.0,0.0,0.0,0.0,0.0,0.0,0.0,1.0,0.0,0.0,0.0,0.0,0.0,0.0,0.0,0.0,2.0,0.0,1,8.0,1.0,1.0,4.5,3.5,6.5,6.0,6.0,6.0,1250.0,0,0,0,0,0,0,0,0,0,0,0,0,0,0,0,0,0,0,0,0,0,0,0,0,0,0,0,0,0,0,0.0,0.0,0.0,0.0,7050.0,7050.0,0.0,7050.0,0.0,9.553930282592773,0.0,0.0,2.0,0.0,0.0,0.0,35000.0,31800.0,0.0,33400.0,0.0,0.0,0.0,0.0,0.0,18000.0,1200.0,4200.0,1350.0,0.0,0.0,24750.0,15.121163368225098,1.7395833730697632,0.0,0.0,0.0,0.0,0.0,0.0,0.0,0.0,0.0,0.0,1.0,9.0,6.0,8.0,11.0,0.0,0.0,0.0,0.0,0.0,0.0,1.0,1.0,0.0,1.0,1.0,0.0
5503,3,1.0,1.0,0.0,1.0,7.812304975619529,0.6666666865348816,0.0,1200.0,52.0,1.0,21.66666603088379,0.0,1.0,0.0,1.0,1.0,2,2,2,3,0.0,0.0,0.0,0.0,0.0,0.0,0.0,0.0,0.0,0.0,0.0,1.0,0.0,0.0,0.0,0.0,0.0,0.0,9,8.0,1.0,1.0,2.5,4.0,6.5,2.0,6.5,6.0,1750.0,1,1,1,0,1,1,1,0,1,1,1,1,1,1,1,0,1,0,1,1,1,0,0,0,1,1,0,1,0,1,0.0,1.0,6000.0,4371.97998046875,350.0,350.0,5185.990234375,350.0,9.24686336517334,6.551082611083984,0.0,0.0,0.0,0.0,6000.0,6000.0,2100.0,2100.0,6000.0,2100.0,198.0,0.0,1400.010009765625,30.010000228881836,0.0,600.0,0.0,1150.0,0.0,0.0,1628.02001953125,1750.0,15.074997901916504,3.0,0.800000011920929,0.800000011920929,1.0,0.8666666746139526,0.6000000238418579,0.4000000059604645,0.6000000238418579,0.5333333611488342,1.0,1.0,0.0,4.0,3.0,7.0,5.0,0.0,1.0,1.0,1.0,0.0,1.0,0.0,0.0,0.0,1.0,0.0,0.0
5506,3,1.0,1.0,1.0,0.0,0.36369615335854083,1.0,0.0,5000.0,54.0,1.0,28.5,0.0,1.0,0.0,1.0,0.0,0,0,0,0,0.0,0.0,0.0,0.0,0.0,0.0,0.0,1.0,0.0,0.0,0.0,0.0,0.0,0.0,0.0,0.0,0.0,0.0,1,7.0,1.0,1.0,5.0,4.5,5.5,6.0,6.0,6.0,750.0,0,0,0,0,0,0,0,0,0,0,0,0,0,0,0,0,0,0,0,0,0,0,0,0,0,0,0,0,0,0,0.0,0.0,0.0,0.0,1475.0,1475.0,0.0,1475.0,0.0,7.989560604095459,0.0,0.0,0.0,0.0,0.0,0.0,1000.0,2600.0,0.0,1800.0,0.0,0.0,0.0,0.0,0.0,600.0,0.0,496.0,29.0,0.0,0.0,1125.0,15.121163368225098,2.5714285373687744,0.0,0.0,0.0,0.0,0.0,0.0,0.0,0.0,0.0,0.0,0.0,8.0,6.0,8.0,9.0,0.0,0.0,0.0,0.0,0.0,0.0,0.0,1.0,0.0,0.0,0.0,0.0
5507,3,0.0,1.0,0.0,0.0,,20.25,0.0,500.0,52.0,1.0,46.25,3.0,1.0,0.0,1.0,0.0,2,1,4,2,0.0,0.0,0.0,0.0,0.0,0.0,0.0,0.0,0.0,0.0,1.0,0.0,0.0,0.0,0.0,0.0,0.0,0.0,1,,0.0,0.0,,,,,,,,0,0,0,0,0,0,0,0,0,0,0,0,0,0,0,0,0,0,0,0,0,0,0,0,0,0,0,0,0,0,0.0,1.0,2300.0,2362.81982421875,2700.0,2700.0,2331.409912109375,2700.0,8.447375297546387,8.594154357910156,0.0,0.0,0.0,0.0,8000.0,8000.0,20000.0,8000.0,8000.0,14000.0,5000.0,0.0,174.67999267578125,212.5,250.0,5000.0,0.0,100.0,200.0,0.0,5637.18017578125,5300.0,1.600000023841858,2.745098114013672,0.0,0.0,0.0,0.0,0.0,0.0,0.0,0.0,1.0,0.0,0.0,,,,,1.0,0.0,1.0,1.0,1.0,1.0,0.0,0.0,0.0,0.0,1.0,1.0
5509,3,1.0,1.0,0.0,0.0,,4.5,1.0,1200.0,40.0,0.0,35.75,5.0,1.0,0.0,0.0,15.0,3,2,4,1,0.0,0.0,0.0,1.0,0.0,0.0,0.0,0.0,0.0,0.0,0.0,0.0,0.0,0.0,0.0,0.0,0.0,0.0,1,,0.0,0.0,,,,,,,,1,1,1,0,1,1,0,0,1,1,0,1,1,1,1,1,1,0,1,0,1,0,1,0,0,1,0,1,1,0,0.0,1.0,4800.0,8779.91015625,9020.0,9020.0,6789.955078125,9020.0,9.51634693145752,9.800346374511719,0.0,0.0,0.0,0.0,17600.0,17600.0,8500.0,20000.0,17600.0,14250.0,7500.0,0.0,450.1199951171875,869.9700317382812,0.0,9630.0,0.0,900.0,450.0,0.0,8820.08984375,10980.0,2.3157894611358643,1.4350453615188599,0.800000011920929,0.6000000238418579,0.800000011920929,0.7333333492279053,0.6000000238418579,0.4000000059604645,0.6000000238418579,0.5333333611488342,1.0,0.0,1.0,,,,,1.0,1.0,1.0,1.0,1.0,1.0,0.0,0.0,1.0,0.0,1.0,1.0
5512,3,1.0,1.0,0.0,1.0,3.6818527258800255,0.5833333134651184,0.0,1000.0,40.0,0.0,25.58333396911621,0.0,1.0,0.0,0.0,0.0,2,0,0,0,0.0,1.0,0.0,0.0,0.0,0.0,0.0,0.0,0.0,0.0,0.0,0.0,0.0,0.0,0.0,0.0,0.0,0.0,5,8.0,1.0,1.0,5.0,6.0,7.0,5.0,6.0,6.0,750.0,0,0,0,0,0,0,0,0,0,0,0,0,0,0,0,0,0,0,0,0,0,0,0,0,0,0,0,0,0,0,0.0,0.0,0.0,0.0,-860.0,-860.0,0.0,-860.0,0.0,-7.450079917907715,0.0,0.0,0.0,0.0,0.0,0.0,25500.0,12000.0,0.0,18750.0,0.0,0.0,0.0,0.0,0.0,4500.0,0.0,6550.0,1810.0,0.0,0.0,12860.0,15.121163368225098,4.166666507720947,0.0,0.0,0.0,0.0,0.0,0.0,0.0,0.0,0.0,0.0,0.0,7.0,6.0,10.0,10.0,0.0,0.0,1.0,0.0,0.0,0.0,0.0,0.0,0.0,1.0,1.0,0.0
5513,3,1.0,1.0,1.0,0.0,,5.416666507720947,0.0,200.0,52.0,1.0,33.58333206176758,3.0,1.0,0.0,1.0,0.0,3,3,4,1,0.0,0.0,0.0,0.0,0.0,0.0,1.0,0.0,0.0,0.0,0.0,0.0,0.0,0.0,0.0,0.0,0.0,0.0,3,,0.0,0.0,,,,,,,,0,0,0,0,0,0,0,0,0,0,0,0,0,0,0,0,0,0,0,0,0,0,0,0,0,0,0,0,0,0,0.0,0.0,0.0,0.0,1472.0,1472.0,0.0,1472.0,0.0,7.987524509429932,0.0,0.0,0.0,0.0,0.0,0.0,3600.0,3400.0,0.0,3500.0,0.0,0.0,0.0,0.0,0.0,1700.0,0.0,50.0,178.0,0.0,0.0,1928.0,15.121163368225098,2.0,0.0,0.0,0.0,0.0,0.0,0.0,0.0,0.0,1.0,0.0,0.0,,,,,0.0,0.0,1.0,1.0,1.0,1.0,0.0,0.0,0.0,0.0,0.0,1.0
5517,3,1.0,1.0,1.0,0.0,9.358099019572157,0.16666670143604279,0.0,25000.0,54.0,0.0,30.58333396911621,1.0,0.0,1.0,1.0,28.0,2,0,0,0,0.0,0.0,0.0,0.0,0.0,0.0,0.0,0.0,0.0,0.0,0.0,0.0,0.0,0.0,1.0,0.0,0.0,0.0,8,7.0,1.0,1.0,,5.0,7.0,7.0,7.0,,,1,1,1,0,1,0,0,0,0,1,0,1,1,1,0,0,0,0,0,0,0,0,0,0,0,0,0,0,0,0,0.0,1.0,1300.0,1425.510009765625,830.0,830.0,1362.7550048828125,830.0,7.9104108810424805,7.4145731925964355,0.0,0.0,0.0,0.0,3000.0,4000.0,3000.0,3000.0,3500.0,3000.0,1300.0,0.0,522.02001953125,752.4700317382812,0.0,1350.0,0.0,600.0,220.0,0.0,2574.489990234375,2170.0,2.692307710647583,2.222222328186035,0.800000011920929,0.20000000298023224,0.6000000238418579,0.5333333611488342,0.0,0.0,0.0,0.0,0.0,1.0,0.0,,,12.0,4.0,0.0,1.0,1.0,0.0,0.0,0.0,0.0,1.0,0.0,1.0,0.0,0.0
5520,3,1.0,1.0,1.0,0.0,6.381993876994923,1.9166667461395264,0.0,600.0,63.0,1.0,32.16666793823242,2.0,1.0,0.0,1.0,0.0,8,1,3,2,0.0,0.0,0.0,0.0,0.0,0.0,0.0,0.0,0.0,0.0,0.0,1.0,0.0,0.0,0.0,0.0,3.0,0.0,11,8.0,1.0,1.0,5.0,7.0,6.5,5.0,6.0,5.0,1250.0,0,0,1,1,1,1,1,0,1,1,1,1,1,1,1,0,0,0,0,0,0,0,1,0,0,0,0,0,0,0,2.0,1.0,9600.0,19614.900390625,1698.0,1698.0,14607.4501953125,1698.0,10.282434463500977,8.130353927612305,2.0,0.0,3.0,0.0,25210.0,25210.0,9500.0,15000.0,25210.0,12250.0,800.0,3000.0,1200.0999755859375,595.0,0.0,4000.0,7752.0,900.0,650.0,0.0,5595.10009765625,13302.0,31.512500762939453,2.9166667461395264,0.6000000238418579,0.800000011920929,1.0,0.800000011920929,0.0,0.20000000298023224,0.0,0.06666667014360428,1.0,1.0,1.0,6.0,3.0,13.0,3.0,0.0,0.0,1.0,1.0,1.0,1.0,1.0,0.0,0.0,1.0,1.0,0.0
5521,3,1.0,1.0,0.0,1.0,8.729607615191147,4.333333492279053,1.0,10000.0,126.0,0.0,36.58333206176758,2.0,1.0,0.0,0.0,0.0,2,0,0,0,0.0,0.0,0.0,0.0,0.0,0.0,0.0,0.0,0.0,0.0,0.0,1.0,0.0,0.0,0.0,0.0,3.0,0.0,1,6.0,1.0,1.0,4.0,7.0,6.0,7.0,6.5,7.0,750.0,1,0,1,0,0,0,1,0,0,0,0,1,1,1,1,0,1,0,0,1,1,1,1,0,0,1,1,1,1,0,0.0,0.0,0.0,0.0,6210.0,6210.0,0.0,6210.0,0.0,9.42706298828125,0.0,0.0,2.0,2.0,0.0,0.0,6500.0,10500.0,0.0,8500.0,0.0,0.0,0.0,0.0,0.0,850.0,320.0,400.0,2720.0,0.0,0.0,4290.0,15.121163368225098,10.0,0.4000000059604645,0.20000000298023224,0.800000011920929,0.46666666865348816,0.4000000059604645,0.6000000238418579,0.800000011920929,0.6000000238418579,0.0,0.0,1.0,8.0,7.0,8.0,10.0,0.0,0.0,1.0,0.0,0.0,0.0,1.0,1.0,1.0,0.0,1.0,1.0
5530,3,1.0,1.0,0.0,0.0,,0.4166666865348816,0.0,5000.0,52.0,0.0,34.58333206176758,1.0,1.0,0.0,0.0,0.0,4,7,6,4,0.0,0.0,0.0,0.0,0.0,0.0,0.0,0.0,0.0,1.0,0.0,0.0,0.0,0.0,0.0,0.0,0.0,0.0,3,,0.0,0.0,,,,,,,,0,1,1,0,1,1,0,1,1,1,0,1,1,1,1,1,0,0,0,0,0,0,1,1,1,0,0,0,0,0,0.0,1.0,45000.0,68704.65625,14847.0,14847.0,56852.328125,14847.0,11.641359329223633,10.298700332641602,0.0,0.0,0.0,0.0,60000.0,105000.0,9500.0,17350.0,82500.0,13425.0,35636.25,0.0,659.0900268554688,0.0,0.0,1133.0,0.0,500.0,870.0,0.0,36295.33984375,2503.0,2.2963781356811523,10.071268081665039,0.6000000238418579,0.800000011920929,0.800000011920929,0.7333333492279053,0.20000000298023224,0.6000000238418579,0.0,0.2666666805744171,1.0,0.0,0.0,,,,,1.0,0.0,1.0,1.0,1.0,1.0,0.0,1.0,0.0,0.0,1.0,0.0
5533,3,1.0,1.0,0.0,1.0,0.5875684485535295,1.0,0.0,4000.0,114.0,1.0,49.16666793823242,0.0,1.0,0.0,0.0,0.0,1,5,7,7,0.0,0.0,0.0,0.0,0.0,0.0,0.0,0.0,0.0,1.0,0.0,0.0,0.0,0.0,0.0,0.0,1.0,0.0,8,7.0,1.0,1.0,,1.0,6.0,1.0,7.0,7.0,2250.0,0,1,1,0,1,0,1,1,1,0,0,1,1,1,1,0,0,0,0,0,0,0,0,0,0,0,0,0,0,0,6.0,1.0,1400.0,2836.7802734375,1648.0,1648.0,2118.39013671875,1648.0,8.351558685302734,8.100464820861816,5.0,1.0,1.0,0.0,10200.0,12500.0,4800.0,4000.0,11350.0,4400.0,4845.0,1775.0,1528.260009765625,14.960000038146973,1500.0,1000.0,1000.0,352.0,0.0,0.0,9663.2197265625,2352.0,1.93355393409729,4.400000095367432,0.6000000238418579,0.6000000238418579,0.800000011920929,0.6666666865348816,0.0,0.0,0.0,0.0,0.0,1.0,0.0,4.0,5.0,5.0,3.0,0.0,0.0,0.0,1.0,1.0,1.0,0.0,1.0,0.0,0.0,0.0,0.0
5535,3,1.0,1.0,0.0,1.0,6.310656933946906,1.0,0.0,400.0,52.0,1.0,20.25,0.0,1.0,0.0,1.0,0.0,2,2,3,6,0.0,0.0,0.0,0.0,0.0,0.0,1.0,0.0,0.0,0.0,0.0,0.0,0.0,0.0,0.0,0.0,0.0,0.0,6,6.0,1.0,1.0,4.0,4.0,6.0,6.0,6.0,6.0,75.0,0,0,0,0,0,0,0,0,0,0,0,0,0,0,0,0,0,0,0,0,0,0,0,0,0,0,0,0,0,0,0.0,0.0,0.0,0.0,1234.0,1234.0,0.0,1234.0,0.0,7.811163425445557,0.0,0.0,0.0,0.0,0.0,0.0,720.0,1800.0,0.0,1260.0,0.0,0.0,0.0,0.0,0.0,440.0,0.0,56.0,20.0,50.0,0.0,566.0,15.121163368225098,2.8636362552642822,0.0,0.0,0.0,0.0,0.0,0.0,0.0,0.0,1.0,1.0,0.0,5.0,6.0,3.0,5.0,0.0,0.0,1.0,1.0,1.0,1.0,0.0,0.0,0.0,0.0,0.0,0.0
5539,3,1.0,1.0,0.0,0.0,,4.75,0.0,10000.0,65.0,1.0,40.58333206176758,1.0,0.0,1.0,1.0,2.0,2,2,5,1,0.0,0.0,0.0,0.0,0.0,0.0,0.0,0.0,0.0,0.0,0.0,0.0,0.0,0.0,1.0,0.0,0.0,0.0,6,,0.0,0.0,,,,,,,,1,1,1,0,0,0,0,0,0,0,0,1,1,1,0,0,0,0,0,0,0,0,0,0,0,0,0,0,0,0,1.0,1.0,0.0,-1477.580078125,1600.0,1600.0,-738.7900390625,1600.0,-7.827938556671143,8.070906639099121,1.0,0.0,0.0,0.0,409.0,409.0,4000.0,3500.0,409.0,3750.0,800.0,0.0,1349.5,769.25,0.0,1500.0,0.0,200.0,200.0,0.0,2918.75,1900.0,0.6688071489334106,2.5,0.6000000238418579,0.0,0.6000000238418579,0.4000000059604645,0.0,0.0,0.0,0.0,1.0,1.0,0.0,,,,,1.0,1.0,1.0,1.0,1.0,1.0,0.0,1.0,0.0,0.0,0.0,1.0
5541,3,1.0,1.0,0.0,1.0,0.5655985068712052,1.5,0.0,0.0,54.0,0.0,24.75,1.0,1.0,0.0,1.0,13.0,2,1,7,1,0.0,0.0,0.0,0.0,0.0,0.0,0.0,0.0,0.0,0.0,0.0,1.0,0.0,0.0,0.0,0.0,1.5,0.0,8,6.0,1.0,1.0,4.5,3.0,6.5,7.0,7.0,7.0,2250.0,1,0,1,1,1,1,1,0,0,1,1,1,0,1,1,1,1,0,0,0,0,0,0,0,0,0,0,0,0,0,1.5,1.0,2500.0,2460.10009765625,-748.0,-748.0,2480.050048828125,-748.0,8.509181022644043,-7.310550689697266,0.0,3.0,1.0,1.0,6000.0,10000.0,4000.0,6500.0,8000.0,5250.0,2900.0,4037.5,232.38999938964844,370.010009765625,0.0,3800.0,3000.0,448.0,0.0,0.0,7539.89990234375,7248.0,2.5702810287475586,1.25,0.800000011920929,0.6000000238418579,0.800000011920929,0.7333333492279053,0.4000000059604645,0.0,0.0,0.13333334028720856,1.0,1.0,0.0,12.0,4.0,9.0,12.0,0.0,1.0,1.0,1.0,1.0,1.0,1.0,0.0,0.0,0.0,0.0,0.0
5545,3,1.0,1.0,1.0,0.0,,7.833333492279053,0.0,500.0,54.0,1.0,42.91666793823242,2.0,1.0,0.0,0.0,15.0,1,0,0,0,0.0,0.0,0.0,0.0,0.0,0.0,0.0,0.0,0.0,0.0,1.0,0.0,0.0,0.0,0.0,0.0,0.0,0.0,3,,0.0,0.0,,,,,,,,1,0,1,0,0,0,0,0,0,0,0,1,0,1,0,0,0,0,0,1,1,1,0,0,1,0,0,0,0,1,1.0,1.0,350.0,415.9300537109375,-210.0,-210.0,382.96502685546875,-210.0,6.641092777252197,-6.040260314941406,0.0,1.0,0.0,0.0,500.0,1800.0,2500.0,900.0,1150.0,1700.0,1000.0,100.0,80.06999969482422,204.0,0.0,900.0,0.0,100.0,110.0,0.0,1384.0699462890625,1110.0,1.149999976158142,1.8888888359069824,0.4000000059604645,0.0,0.4000000059604645,0.2666666805744171,0.20000000298023224,0.6000000238418579,0.20000000298023224,0.3333333432674408,0.0,0.0,0.0,,,,,0.0,1.0,0.0,0.0,0.0,0.0,0.0,0.0,0.0,0.0,0.0,1.0
5549,3,1.0,1.0,0.0,0.0,,1.0,1.0,20000.0,60.0,1.0,45.75,2.0,1.0,0.0,1.0,0.0,2,10,7,6,1.0,0.0,0.0,0.0,0.0,0.0,0.0,0.0,0.0,0.0,0.0,0.0,0.0,0.0,0.0,0.0,2.0,0.0,5,,0.0,0.0,,,,,,,,1,0,0,0,1,0,1,0,0,0,1,0,0,0,0,1,1,1,1,0,0,0,0,0,0,0,0,0,0,0,1.0,1.0,0.0,-698.739990234375,2811.0,2811.0,-349.3699951171875,2811.0,-6.549280643463135,8.634442329406738,1.0,0.0,2.0,0.0,0.0,0.0,5800.0,10000.0,0.0,7900.0,0.0,0.0,499.79998779296875,198.94000244140625,0.0,517.0,4000.0,1200.0,972.0,500.0,698.739990234375,7189.0,15.121163368225098,12.803890228271484,0.4000000059604645,0.20000000298023224,0.20000000298023224,0.2666666805744171,0.800000011920929,0.0,0.0,0.2666666805744171,1.0,0.0,1.0,,,,,1.0,0.0,1.0,1.0,1.0,1.0,1.0,1.0,1.0,1.0,1.0,0.0
5550,3,1.0,1.0,0.0,1.0,13.037717644270721,2.8333332538604736,1.0,20000.0,50.0,1.0,45.08333206176758,4.0,1.0,0.0,1.0,0.0,0,0,0,0,0.0,0.0,0.0,0.0,0.0,0.0,0.0,0.0,0.0,0.0,0.0,0.0,0.0,0.0,0.0,0.0,0.0,0.0,5,7.0,1.0,1.0,3.5,4.5,7.0,1.0,7.0,7.0,750.0,0,0,0,0,0,0,0,0,0,0,0,0,0,0,0,0,0,0,0,0,0,0,0,0,0,0,0,0,0,0,0.0,0.0,0.0,0.0,10.0,10.0,0.0,10.0,0.0,2.998223066329956,0.0,0.0,0.0,0.0,0.0,0.0,15000.0,15000.0,0.0,15000.0,0.0,0.0,0.0,0.0,0.0,12400.0,0.0,1150.0,940.0,500.0,0.0,14990.0,15.121163368225098,1.2000000476837158,0.0,0.0,0.0,0.0,0.0,0.0,0.0,0.0,0.0,0.0,1.0,11.0,3.0,10.0,8.0,0.0,0.0,0.0,0.0,0.0,0.0,0.0,1.0,1.0,0.0,1.0,0.0
5555,3,1.0,1.0,0.0,1.0,9.35915064344132,1.3333333730697632,1.0,2900.0,45.0,1.0,49.5,1.0,1.0,0.0,0.0,35.0,3,1,1,1,0.0,0.0,0.0,0.0,0.0,0.0,0.0,0.0,0.0,1.0,0.0,0.0,0.0,0.0,0.0,0.0,1.0,0.0,9,8.0,1.0,1.0,6.0,5.0,7.0,7.0,6.5,5.0,750.0,0,0,0,0,0,0,0,0,0,0,0,0,0,0,0,0,0,0,0,0,0,0,0,0,0,0,0,0,0,0,0.0,0.0,0.0,0.0,2086.0,2086.0,0.0,2086.0,0.0,8.336151123046875,0.0,0.0,1.0,0.0,0.0,0.0,6000.0,6450.0,0.0,6225.0,0.0,0.0,0.0,0.0,0.0,550.0,3000.0,334.0,380.0,100.0,0.0,4364.0,15.121163368225098,8.645833015441895,0.0,0.0,0.0,0.0,0.0,0.0,0.0,0.0,1.0,1.0,0.0,9.0,3.0,9.0,13.0,0.0,1.0,1.0,1.0,0.0,1.0,0.0,0.0,1.0,0.0,0.0,0.0
5557,3,0.0,1.0,0.0,0.0,,7.666666507720947,1.0,12000.0,40.0,0.0,55.08333206176758,0.0,1.0,0.0,1.0,0.0,2,4,7,6,1.0,0.0,0.0,0.0,0.0,0.0,0.0,0.0,0.0,0.0,0.0,0.0,0.0,0.0,0.0,0.0,1.0,0.0,4,,0.0,0.0,,,,,,,,,,,,,,,,,,,,,,,,,,,,,,,,,,,,,,1.5,1.0,9500.0,9815.0498046875,2200.0,2200.0,9657.525390625,2200.0,9.868639945983887,8.389359474182129,0.0,3.0,0.0,2.0,19100.0,19100.0,12500.0,16000.0,19100.0,14250.0,6868.7001953125,1800.0,573.75,42.5,0.0,8000.0,4000.0,1300.0,500.0,0.0,9284.9501953125,13800.0,2.6186983585357666,1.7592592239379883,,,,,,,,,1.0,0.0,1.0,,,,,1.0,0.0,1.0,1.0,1.0,1.0,0.0,1.0,1.0,0.0,1.0,1.0
5558,3,1.0,1.0,1.0,0.0,2.7305636794068384,0.6666666865348816,1.0,10000.0,52.0,0.0,32.33333206176758,0.0,1.0,0.0,1.0,0.0,2,1,4,3,0.0,0.0,0.0,0.0,0.0,0.0,0.0,0.0,0.0,0.0,0.0,0.0,1.0,0.0,0.0,0.0,5.0,0.0,5,9.0,1.0,1.0,6.0,5.0,6.5,5.0,6.0,5.0,1750.0,0,0,0,0,0,0,0,0,0,0,0,0,0,0,0,0,0,0,0,0,0,0,0,0,0,0,0,0,0,0,0.0,0.0,0.0,0.0,-780.0,-780.0,0.0,-780.0,0.0,-7.352441310882568,0.0,0.0,0.0,5.0,0.0,0.0,58000.0,39000.0,0.0,48500.0,0.0,0.0,0.0,0.0,0.0,19000.0,20000.0,430.0,350.0,0.0,0.0,39780.0,15.121163368225098,2.5526316165924072,0.0,0.0,0.0,0.0,0.0,0.0,0.0,0.0,1.0,0.0,1.0,10.0,7.0,12.0,11.0,0.0,0.0,1.0,1.0,1.0,1.0,1.0,1.0,1.0,0.0,1.0,0.0
5561,3,1.0,1.0,0.0,0.0,,15.5,1.0,300.0,50.0,1.0,40.25,4.0,1.0,0.0,1.0,0.0,0,0,0,0,0.0,0.0,0.0,0.0,0.0,0.0,0.0,0.0,0.0,0.0,0.0,1.0,0.0,0.0,0.0,0.0,1.0,0.0,3,,0.0,0.0,,,,,,,,0,0,1,1,1,1,1,0,1,0,0,1,1,1,0,0,0,0,1,1,0,0,0,1,1,1,0,0,0,0,1.0,1.0,0.0,784.0,2580.0,2580.0,392.0,2580.0,6.664410591125488,8.548691749572754,0.0,1.0,0.0,2.0,2330.0,2330.0,4000.0,4500.0,2330.0,4250.0,800.0,0.0,198.0,448.0,100.0,900.0,400.0,500.0,120.0,0.0,1546.0,1920.0,2.5888888835906982,4.25,0.6000000238418579,0.6000000238418579,0.6000000238418579,0.6000000238418579,0.4000000059604645,0.4000000059604645,0.20000000298023224,0.3333333432674408,0.0,0.0,1.0,,,,,1.0,0.0,0.0,0.0,0.0,0.0,0.0,0.0,1.0,1.0,0.0,1.0
